DATE,PREC,IRRIGATION,WATER_CONTENT,SURFACE_WC,AVAILABLE_WATER,READILY_AW,FRACTION_AW,RUNOFF,DRAINAGE,LATERAL_DRAINAGE,CAPILLARY_RISE,ET0,TRANSP_MAX,TRANSP,EVAP_MAX,EVAP,LAI,ROOT_DEPTH,BALANCE,VWC_15,VWC_30,VWC_40,VWC_60,DEFICIT_25,DEFICIT_35,DEFICIT_50,DEFICIT_70,DEFICIT_90,DEFICIT_100
2021-01-01,10.3,0.0,332.1,0.124,148.5,-9999.0,0.8574,0.0,0.0311,0.000217,0.0,0.437,0.128,0.0,0.207,0.207,0.576,0.0426,0.00203,0.3589,0.3302,0.328,0.3252,-1.392,1.613,6.4,14.28,21.96,24.7
2021-01-02,6.5,0.0,338.2,0.0342,154.7,-1.724,0.893,0.0,0.0323,0.000388,0.0,0.5,0.147,0.147,0.237,0.237,0.58,0.0463,7.68e-05,0.3775,0.3503,0.3352,0.3249,-4.944,-3.788,0.2474,8.158,15.84,18.52
2021-01-03,0.1,0.0,337.9,0.0,154.3,-0.9392,0.891,0.0,0.0332,0.000385,0.0,0.584,0.173,0.173,0.275,0.275,0.585,0.0508,3.73e-05,0.3689,0.3585,0.3466,0.3268,-1.872,-1.573,1.044,8.568,16.22,18.87
2021-01-04,0.1,0.0,337.5,0.0,153.9,-0.5748,0.8889,0.0,0.0337,0.000321,0.0,0.575,0.171,0.171,0.271,0.271,0.588,0.0539,0.00343,0.3621,0.3569,0.3496,0.3306,-0.157,0.2545,2.309,9.133,16.62,19.24
2021-01-05,4.6,0.0,341.7,0.0,158.1,-0.5271,0.913,0.0,0.0343,0.000355,0.0,0.496,0.148,0.148,0.233,0.233,0.59,0.0554,-0.000448,0.3704,0.3575,0.3502,0.3338,-3.176,-2.835,-0.9527,5.307,12.48,15.06
2021-01-06,0.0,0.0,341.4,0.0,157.8,-0.3825,0.9111,0.0,0.0353,0.000384,0.0,0.398,0.119,0.119,0.187,0.187,0.591,0.0562,0.000723,0.3661,0.3601,0.353,0.3363,-1.248,-1.164,0.3238,6.101,12.9,15.4
2021-01-07,0.0,0.0,341.0,0.0,157.4,-0.3591,0.9091,0.0,0.037,0.000351,0.0,0.403,0.12,0.12,0.19,0.19,0.591,0.0562,0.00406,0.3612,0.3582,0.3533,0.3387,0.02305,0.2788,1.651,6.964,13.36,15.74
2021-01-08,0.0,0.0,340.7,0.0,157.1,-0.3473,0.9073,0.0,0.0395,0.000331,0.0,0.344,0.103,0.103,0.162,0.162,0.591,0.0562,0.00242,0.3575,0.3558,0.3523,0.3404,0.9176,1.391,2.832,7.822,13.79,16.05
2021-01-09,0.0,0.0,340.5,0.0,156.9,-0.3399,0.9059,0.0,0.0427,0.000319,0.0,0.279,0.0834,0.0834,0.131,0.131,0.591,0.0562,0.00149,0.3547,0.3538,0.3512,0.3414,1.591,2.262,3.825,8.616,14.2,16.3
2021-01-10,1.7,0.0,341.9,0.0,158.3,-0.3713,0.9142,0.0,0.0465,0.000324,0.0,0.273,0.0814,0.0814,0.128,0.128,0.591,0.0562,0.00288,0.3568,0.3528,0.3502,0.342,0.544,1.313,2.986,7.652,12.9,14.85
2021-01-11,0.9,0.0,342.5,0.0,158.9,-0.3648,0.9178,0.0,0.0504,0.000341,0.0,0.306,0.0913,0.0913,0.144,0.144,0.591,0.0562,-4.41e-05,0.3577,0.3535,0.3503,0.3425,0.542,1.245,2.902,7.458,12.42,14.24
2021-01-12,4.5,0.0,346.4,0.0,162.9,-0.4135,0.9404,0.0,0.0544,0.000396,0.0,0.692,0.207,0.207,0.325,0.325,0.591,0.0562,0.00107,0.3678,0.3562,0.3513,0.3432,-2.48,-2.031,-0.4934,3.916,8.63,10.33
2021-01-13,0.0,0.0,345.7,0.0,162.2,1.82,0.9364,0.0,0.0581,0.000424,0.0,0.83,0.25,0.25,0.389,0.389,0.597,0.0616,0.00269,0.3639,0.3595,0.3542,0.3445,-0.4843,-0.3517,0.8081,4.966,9.432,11.02
2021-01-14,0.0,0.0,345.2,0.0,161.6,0.3771,0.9331,0.0,0.0616,0.000393,0.0,0.659,0.2,0.2,0.308,0.308,0.601,0.0653,0.00212,0.3588,0.3577,0.3546,0.3461,0.7304,1.019,2.074,5.918,10.1,11.59
2021-01-15,0.1,0.0,344.9,0.0,161.3,0.4108,0.9314,0.0,0.0652,0.000378,0.0,0.428,0.13,0.13,0.2,0.2,0.601,0.0653,0.000798,0.3558,0.3556,0.3537,0.3472,1.369,1.855,2.983,6.615,10.5,11.88
2021-01-16,0.0,0.0,344.4,0.0,160.8,0.367,0.9285,0.0,0.0692,0.000371,0.0,0.551,0.167,0.167,0.257,0.257,0.601,0.0653,0.000577,0.3532,0.3539,0.3527,0.3478,2.086,2.733,3.967,7.479,11.11,12.38
2021-01-17,0.0,0.0,344.0,0.0,160.4,0.3817,0.9263,0.0,0.0734,0.000362,0.0,0.419,0.127,0.127,0.196,0.196,0.601,0.0653,0.000648,0.351,0.3522,0.3517,0.3481,2.592,3.397,4.746,8.191,11.6,12.77
2021-01-18,0.1,0.0,343.5,0.0,160.0,0.335,0.9237,0.0,0.0774,0.000357,0.0,0.606,0.183,0.183,0.283,0.283,0.601,0.0653,0.000367,0.3492,0.3509,0.3507,0.3483,3.083,4.02,5.48,8.892,12.13,13.22
2021-01-19,0.0,0.0,342.9,0.0,159.3,0.5328,0.9199,0.0,0.081,0.00035,0.0,0.737,0.224,0.224,0.343,0.343,0.605,0.0682,0.000227,0.3471,0.3496,0.3499,0.3483,3.715,4.778,6.342,9.741,12.85,13.86
2021-01-20,0.1,0.0,342.5,0.0,158.9,0.6809,0.9175,0.0,0.0839,0.000343,0.0,0.566,0.173,0.173,0.264,0.264,0.607,0.0697,0.000544,0.3454,0.3482,0.349,0.3482,4.041,5.235,6.907,10.31,13.33,14.28
2021-01-21,0.1,0.0,342.0,0.0,158.4,0.9703,0.9145,0.0,0.0863,0.000338,0.0,0.702,0.216,0.216,0.326,0.326,0.612,0.0739,0.000368,0.344,0.3471,0.3482,0.3481,4.445,5.745,7.519,10.95,13.89,14.81
2021-01-22,7.7,0.0,349.0,0.0,165.4,4.649,0.9549,0.0,0.0881,0.000407,0.0,0.791,0.247,0.247,0.365,0.365,0.623,0.0829,0.00287,0.365,0.3495,0.348,0.3479,-2.334,-1.255,0.5544,4.011,6.92,7.81
2021-01-23,6.0,0.0,354.3,0.0,170.8,3.694,0.986,0.0,0.0893,0.000582,0.0,0.669,0.211,0.211,0.307,0.307,0.631,0.0891,8.58e-05,0.3808,0.363,0.3541,0.3483,-5.632,-5.821,-4.691,-1.333,1.546,2.417
2021-01-24,9.9,0.0,363.5,0.0425,180.0,5.013,1.039,0.0,0.0902,0.000976,0.0,0.81,0.257,0.208,0.37,0.37,0.637,0.0941,-0.000432,0.4014,0.3814,0.3671,0.3515,-10.68,-12.65,-13.12,-10.37,-7.622,-6.771
2021-01-25,1.2,0.0,364.2,0.0,180.6,4.519,1.043,0.0,0.0916,0.0011,0.0,0.677,0.216,0.216,0.309,0.309,0.639,0.0955,0.0018,0.3907,0.3849,0.377,0.3594,-7.339,-9.725,-11.72,-10.44,-8.184,-7.398
2021-01-26,0.0,0.0,363.5,0.0,179.9,4.514,1.039,0.0,0.0967,0.00094,0.0,0.739,0.237,0.237,0.336,0.336,0.644,0.0991,0.000315,0.3817,0.3802,0.3759,0.3651,-4.904,-6.858,-8.881,-8.66,-7.317,-6.727
2021-01-27,0.0,0.0,362.9,0.0,179.3,6.621,1.035,0.0,0.11,0.000853,0.0,0.68,0.218,0.218,0.309,0.309,0.646,0.1,0.000757,0.3756,0.3756,0.3732,0.3672,-3.394,-4.908,-6.646,-6.855,-6.367,-6.089
2021-01-28,0.0,0.0,362.1,0.0,178.5,6.263,1.031,0.0,0.13,0.000807,0.0,0.836,0.271,0.271,0.379,0.379,0.651,0.104,0.00333,0.3709,0.372,0.3707,0.3679,-2.143,-3.309,-4.761,-5.14,-5.282,-5.312
2021-01-29,0.0,0.0,361.3,0.0,177.7,5.124,1.026,0.0,0.151,0.000774,0.0,0.856,0.28,0.28,0.386,0.386,0.661,0.111,0.000536,0.3669,0.369,0.3686,0.3682,-1.134,-2.003,-3.195,-3.64,-4.223,-4.495
2021-01-30,6.0,0.0,366.2,0.0,182.7,9.854,1.055,0.0,0.171,0.000861,0.0,1.09,0.364,0.364,0.485,0.485,0.68,0.124,0.00114,0.3808,0.3713,0.3683,0.3682,-5.463,-6.544,-7.677,-8.154,-9.034,-9.475
2021-01-31,5.9,0.0,371.4,0.0,187.9,9.604,1.085,0.0,0.185,0.00111,0.0,0.662,0.225,0.225,0.293,0.293,0.69,0.131,0.000761,0.3924,0.3809,0.3742,0.3699,-8.313,-10.31,-12.17,-12.98,-14.11,-14.67
2021-02-01,0.4,0.0,371.2,0.0,187.6,9.135,1.083,0.0,0.196,0.0012,0.0,0.597,0.204,0.204,0.264,0.264,0.696,0.135,0.000362,0.3851,0.3826,0.3787,0.3738,-5.858,-8.052,-10.58,-12.13,-13.72,-14.41
2021-02-02,0.1,0.0,370.3,0.0,186.7,11.45,1.078,0.0,0.212,0.00114,0.0,0.929,0.321,0.321,0.407,0.407,0.707,0.142,0.000859,0.3789,0.3794,0.3777,0.3763,-4.111,-6.011,-8.498,-10.53,-12.69,-13.57
2021-02-03,0.0,0.0,369.6,0.0,186.0,9.916,1.074,0.0,0.235,0.00109,0.0,0.671,0.235,0.235,0.292,0.292,0.72,0.15,-0.00301,0.3737,0.376,0.3757,0.3772,-3.046,-4.62,-6.886,-9.095,-11.72,-12.8
2021-02-04,0.0,0.0,368.5,0.0,184.9,12.73,1.068,0.0,0.26,0.00106,0.0,1.01,0.363,0.363,0.434,0.434,0.742,0.163,-0.00279,0.3689,0.3734,0.3739,0.3773,-1.955,-3.278,-5.33,-7.583,-10.5,-11.74
2021-02-05,0.1,0.0,367.8,0.0,184.2,11.87,1.064,0.0,0.278,0.00103,0.0,0.711,0.261,0.261,0.302,0.302,0.761,0.174,-2.62e-05,0.3665,0.371,0.3722,0.3772,-1.422,-2.509,-4.351,-6.579,-9.661,-11.0
2021-02-06,0.6,0.0,367.7,0.0,184.1,14.84,1.063,0.0,0.29,0.00101,0.0,0.444,0.166,0.166,0.187,0.187,0.779,0.184,0.00131,0.3667,0.3696,0.371,0.3768,-1.618,-2.572,-4.257,-6.421,-9.569,-10.96
2021-02-07,4.9,0.0,371.4,0.0,187.9,19.1,1.085,0.0,0.296,0.00109,0.0,1.11,0.428,0.428,0.459,0.459,0.809,0.2,0.000187,0.3774,0.373,0.3717,0.3766,-4.978,-6.242,-7.99,-10.11,-13.27,-14.67
2021-02-08,0.1,0.0,370.5,0.0,186.9,17.3,1.079,0.0,0.297,0.00114,0.0,0.958,0.378,0.378,0.389,0.389,0.835,0.214,0.000235,0.3735,0.3754,0.3744,0.3774,-3.204,-4.713,-6.806,-9.1,-12.3,-13.71
2021-02-09,1.2,0.0,370.5,0.0,186.9,19.03,1.079,0.0,0.3,0.00112,0.0,1.05,0.426,0.426,0.417,0.417,0.868,0.23,-0.000796,0.3721,0.3743,0.3742,0.3782,-3.044,-4.453,-6.554,-8.998,-12.32,-13.76
2021-02-10,2.5,0.0,371.8,0.0,188.2,21.58,1.087,0.0,0.306,0.00116,0.0,1.2,0.502,0.502,0.467,0.467,0.904,0.247,-0.000827,0.3749,0.3751,0.3744,0.3786,-3.956,-5.426,-7.553,-10.07,-13.5,-14.99
2021-02-11,0.1,0.0,370.6,0.0,187.0,21.92,1.08,0.0,0.312,0.00116,0.0,1.13,0.481,0.481,0.433,0.433,0.928,0.258,-0.00264,0.371,0.3748,0.3748,0.3791,-2.548,-3.991,-6.184,-8.799,-12.33,-13.86
2021-02-12,0.1,0.0,369.9,0.0,186.4,21.54,1.076,0.0,0.319,0.00112,0.0,0.568,0.243,0.243,0.218,0.218,0.928,0.258,-0.00121,0.3689,0.3726,0.3737,0.3793,-2.035,-3.277,-5.346,-7.989,-11.61,-13.17
2021-02-13,3.3,0.0,372.5,0.0,189.0,23.27,1.091,0.0,0.325,0.00116,0.0,0.468,0.2,0.2,0.18,0.18,0.928,0.258,0.000418,0.3764,0.3737,0.3735,0.3791,-4.536,-5.878,-7.911,-10.52,-14.18,-15.77
2021-02-14,1.9,0.0,373.5,0.0,189.9,23.54,1.097,0.0,0.328,0.00124,0.0,0.723,0.309,0.309,0.278,0.278,0.928,0.258,-6.43e-05,0.3785,0.3771,0.3758,0.3796,-4.753,-6.422,-8.737,-11.46,-15.15,-16.75
2021-02-15,0.2,0.0,372.5,0.0,188.9,22.49,1.091,0.0,0.33,0.00125,0.0,1.08,0.462,0.462,0.415,0.415,0.928,0.258,-0.00565,0.3739,0.3771,0.3767,0.3806,-3.273,-4.939,-7.396,-10.3,-14.11,-15.74
2021-02-16,0.0,0.0,371.3,0.0,187.7,24.08,1.084,0.0,0.337,0.00121,0.0,1.07,0.462,0.462,0.409,0.409,0.94,0.264,-0.00279,0.3696,0.3747,0.3756,0.381,-2.158,-3.601,-5.941,-8.918,-12.85,-14.53
2021-02-17,0.1,0.0,370.2,0.0,186.6,22.97,1.078,0.0,0.345,0.00117,0.0,1.01,0.444,0.444,0.378,0.378,0.967,0.275,0.00282,0.3668,0.3724,0.3741,0.3807,-1.476,-2.677,-4.829,-7.757,-11.75,-13.46
2021-02-18,0.0,0.0,368.9,0.0,185.3,24.16,1.07,0.0,0.35,0.00113,0.0,1.18,0.537,0.537,0.434,0.434,1.01,0.293,0.00759,0.3637,0.3699,0.3726,0.3801,-0.674,-1.667,-3.632,-6.45,-10.42,-12.15
2021-02-19,0.0,0.0,367.5,0.0,183.9,25.94,1.062,0.0,0.349,0.00108,0.0,1.25,0.59,0.59,0.443,0.443,1.06,0.315,5.83e-05,0.3609,0.3672,0.3711,0.3793,0.01707,-0.7371,-2.5,-5.165,-9.058,-10.77
2021-02-20,0.0,0.0,366.0,0.0,182.4,27.7,1.053,0.0,0.345,0.00103,0.0,1.45,0.71,0.71,0.495,0.495,1.12,0.339,7.07e-05,0.358,0.3649,0.3696,0.3783,0.7575,0.2424,-1.31,-3.786,-7.547,-9.215
2021-02-21,0.0,0.0,364.7,0.0,181.1,29.16,1.046,0.0,0.336,0.000983,0.0,1.11,0.561,0.561,0.37,0.37,1.17,0.357,7.5e-05,0.3564,0.3631,0.3679,0.3772,1.154,0.824,-0.4939,-2.749,-6.335,-7.946
2021-02-22,0.1,0.0,363.5,0.0,179.9,30.55,1.039,0.0,0.326,0.000938,0.0,1.21,0.63,0.63,0.392,0.392,1.22,0.375,7.16e-05,0.3547,0.3615,0.3666,0.376,1.525,1.357,0.2452,-1.777,-5.158,-6.698
2021-02-23,0.0,0.0,361.8,0.0,178.2,32.29,1.029,0.0,0.313,0.000893,0.0,1.6,0.864,0.864,0.496,0.496,1.29,0.399,6.08e-05,0.3521,0.3595,0.364,0.3748,2.226,2.254,1.378,-0.4059,-3.563,-5.024
2021-02-24,0.0,0.0,359.9,0.0,176.3,34.76,1.018,0.0,0.3,0.000842,0.0,1.88,1.06,1.06,0.548,0.548,1.39,0.433,5.36e-05,0.3489,0.3571,0.362,0.3734,3.017,3.284,2.7,1.178,-1.739,-3.114
2021-02-25,0.0,0.0,357.9,0.0,174.3,37.44,1.006,0.0,0.287,0.000789,0.0,1.98,1.17,1.17,0.539,0.539,1.5,0.469,4.76e-05,0.3459,0.3546,0.3598,0.3719,3.765,4.281,4.044,2.818,0.166,-1.115
2021-02-26,0.0,0.0,355.9,0.0,172.3,41.62,0.9948,0.0,0.273,0.000736,0.0,1.99,1.24,1.24,0.508,0.508,1.61,0.504,4.12e-05,0.3431,0.3521,0.3577,0.3701,4.456,5.219,5.33,4.438,2.081,0.9029
2021-02-27,0.0,0.0,354.1,0.0,170.6,41.84,0.9848,0.0,0.258,0.000684,0.0,1.67,1.07,1.07,0.404,0.404,1.7,0.53,3.38e-05,0.3413,0.3501,0.3559,0.3683,4.904,5.861,6.234,5.731,3.697,2.633
2021-02-28,0.0,0.0,352.7,0.0,169.1,44.3,0.9767,0.0,0.243,0.000638,0.0,1.32,0.854,0.854,0.312,0.312,1.74,0.542,2.56e-05,0.3403,0.3487,0.3545,0.3665,5.154,6.249,6.831,6.681,4.986,4.043
2021-03-01,0.0,0.0,351.2,0.0,167.6,43.08,0.9677,0.0,0.228,0.000599,0.0,1.49,0.977,0.977,0.342,0.342,1.78,0.556,1.8e-05,0.3388,0.3472,0.3529,0.3648,5.512,6.757,7.573,7.77,6.41,5.591
2021-03-02,0.0,0.0,349.4,0.0,165.9,44.45,0.9577,0.0,0.214,0.000561,0.0,1.7,1.14,1.14,0.376,0.376,1.85,0.576,0.00171,0.3369,0.3454,0.3512,0.3632,5.987,7.412,8.485,9.045,8.019,7.322
2021-03-03,0.0,0.0,347.5,0.0,163.9,45.65,0.9465,0.0,0.201,0.000524,0.0,1.94,1.33,1.33,0.412,0.412,1.92,0.596,0.00441,0.3345,0.3433,0.3492,0.3602,6.579,8.213,9.574,10.52,9.835,9.262
2021-03-04,0.0,0.0,345.8,0.0,162.2,47.25,0.9365,0.0,0.189,0.000486,0.0,1.73,1.21,1.21,0.35,0.35,2.0,0.619,0.00546,0.3327,0.3415,0.3475,0.3583,7.032,8.848,10.46,11.79,11.45,11.01
2021-03-05,0.0,0.0,344.0,0.0,160.4,50.79,0.9262,0.0,0.177,0.000452,0.0,1.78,1.27,1.27,0.342,0.342,2.08,0.643,0.00553,0.3308,0.3397,0.3457,0.3564,7.499,9.497,11.37,13.08,13.11,12.79
2021-03-06,5.1,0.0,347.7,0.0,164.1,52.29,0.9478,0.0,0.165,0.000444,0.0,1.32,0.944,0.944,0.251,0.251,2.1,0.649,0.0017,0.3424,0.3394,0.3446,0.3548,2.735,4.759,6.804,8.847,9.234,9.045
2021-03-07,0.0,0.0,346.1,0.0,162.6,52.87,0.9386,0.0,0.154,0.000443,0.0,1.58,1.14,1.14,0.296,0.296,2.12,0.656,0.00235,0.3447,0.343,0.345,0.3531,3.821,5.528,7.597,9.964,10.69,10.63
2021-03-08,0.0,0.0,344.6,0.0,161.1,53.28,0.93,0.0,0.145,0.000413,0.0,1.48,1.07,1.07,0.272,0.272,2.16,0.666,0.00307,0.3415,0.3433,0.3454,0.352,4.705,6.381,8.42,11.01,12.06,12.12
2021-03-09,0.7,0.0,344.1,0.0,160.6,53.99,0.9271,0.0,0.136,0.000392,0.0,1.17,0.853,0.853,0.211,0.211,2.18,0.675,0.00293,0.341,0.3428,0.3453,0.3513,4.578,6.3,8.371,11.12,12.44,12.62
2021-03-10,0.0,0.0,342.5,0.0,158.9,54.16,0.9178,0.0,0.129,0.000378,0.0,1.63,1.2,1.2,0.289,0.289,2.22,0.685,0.00184,0.3389,0.3418,0.3443,0.35,5.366,7.188,9.401,12.41,13.96,14.24
2021-03-11,0.0,0.0,340.9,0.0,157.3,56.69,0.9083,0.0,0.122,0.000355,0.0,1.67,1.25,1.25,0.286,0.286,2.27,0.702,0.00128,0.3361,0.3401,0.3431,0.3488,6.086,8.066,10.46,13.72,15.53,15.89
2021-03-12,0.0,0.0,339.2,0.0,155.6,57.62,0.8987,0.0,0.116,0.000334,0.0,1.67,1.26,1.26,0.274,0.274,2.34,0.722,0.00116,0.3336,0.3383,0.3417,0.3474,6.724,8.883,11.48,15.0,17.08,17.54
2021-03-13,0.0,0.0,337.4,0.0,153.8,58.3,0.888,0.0,0.111,0.000313,0.0,1.89,1.45,1.45,0.3,0.3,2.4,0.742,0.0014,0.3309,0.3362,0.3399,0.3458,7.415,9.785,12.64,16.48,18.84,19.39
2021-03-14,8.6,0.0,344.2,0.0903,160.6,62.26,0.9274,0.0,0.105,0.000353,0.0,1.71,1.32,1.32,0.266,0.266,2.44,0.751,0.0035,0.3535,0.3366,0.3385,0.3442,-0.2727,2.059,5.117,9.251,11.92,12.57
2021-03-15,0.1,0.0,342.5,0.0,158.9,64.95,0.9174,0.0,0.0998,0.000379,0.0,1.98,1.53,1.53,0.3,0.3,2.47,0.764,0.00035,0.3531,0.3447,0.3408,0.3427,1.688,3.289,6.157,10.58,13.55,14.3
2021-03-16,0.0,0.0,340.7,0.0,157.1,63.62,0.9074,0.0,0.0946,0.000334,0.0,1.77,1.38,1.38,0.262,0.262,2.51,0.777,0.00289,0.3475,0.3448,0.3426,0.3422,3.181,4.752,7.403,11.92,15.18,16.04
2021-03-17,0.0,0.0,338.8,0.0,155.3,63.36,0.8965,0.0,0.0895,0.000309,0.0,1.94,1.52,1.52,0.281,0.281,2.55,0.789,0.000678,0.3428,0.3427,0.3421,0.3417,4.377,6.139,8.85,13.47,16.97,17.92
2021-03-18,0.0,0.0,337.1,0.0,153.5,62.69,0.8864,0.0,0.0852,0.000286,0.0,1.79,1.41,1.41,0.257,0.257,2.57,0.796,0.000287,0.3391,0.3404,0.3408,0.341,5.311,7.293,10.17,14.93,18.64,19.68
2021-03-19,0.0,0.0,335.5,0.0,151.9,61.78,0.8771,0.0,0.0814,0.000267,0.0,1.64,1.29,1.29,0.233,0.233,2.58,0.799,0.000519,0.3361,0.3382,0.3393,0.3401,6.072,8.265,11.33,16.27,20.17,21.28
2021-03-20,0.2,0.0,334.1,0.0,150.5,62.61,0.869,0.0,0.0782,0.000252,0.0,1.65,1.3,1.3,0.233,0.233,2.59,0.803,0.00052,0.3337,0.3361,0.3377,0.3391,6.579,8.977,12.26,17.42,21.51,22.69
2021-03-21,0.0,0.0,332.7,0.0,149.1,61.53,0.861,0.0,0.0752,0.000237,0.0,1.41,1.11,1.11,0.199,0.199,2.59,0.804,0.000585,0.3318,0.3344,0.3363,0.338,7.155,9.716,13.19,18.54,22.82,24.08
2021-03-22,0.0,0.0,330.7,0.0,147.1,59.14,0.8496,0.0,0.0724,0.000225,0.0,2.03,1.61,1.61,0.283,0.283,2.62,0.812,0.000384,0.3285,0.332,0.3343,0.3364,7.966,10.76,14.52,20.18,24.71,26.04
2021-03-23,0.0,0.0,328.8,0.0,145.3,60.21,0.8388,0.0,0.0696,0.000208,0.0,1.94,1.54,1.54,0.267,0.267,2.64,0.82,0.000609,0.3257,0.3297,0.3324,0.3348,8.69,11.72,15.74,21.72,26.51,27.92
2021-03-24,0.0,0.0,326.5,0.0,143.0,57.72,0.8255,0.0,0.0665,0.000193,0.0,2.4,1.92,1.92,0.322,0.322,2.68,0.834,0.000591,0.3221,0.3268,0.33,0.3328,9.574,12.88,17.25,23.62,28.73,30.22
2021-03-25,0.0,0.0,324.0,0.0,140.4,57.02,0.8108,0.0,0.0633,0.000176,0.0,2.65,2.13,2.13,0.347,0.347,2.72,0.85,0.000378,0.3183,0.3237,0.3273,0.3305,10.52,14.13,18.88,25.68,31.17,32.76
2021-03-26,0.0,0.0,321.3,0.0,137.7,56.1,0.7954,0.0,0.0597,0.00016,0.0,2.79,2.26,2.26,0.357,0.357,2.76,0.865,0.00043,0.3145,0.3205,0.3245,0.3281,11.47,15.41,20.55,27.81,33.72,35.44
2021-03-27,0.0,0.0,319.1,0.0,135.6,55.6,0.7828,0.0,0.0558,0.000143,0.0,2.27,1.84,1.84,0.284,0.284,2.79,0.88,0.000458,0.3116,0.3179,0.3223,0.3261,12.19,16.38,21.83,29.48,35.77,37.62
2021-03-28,0.0,0.0,316.5,0.0,132.9,54.44,0.7673,0.0,0.0519,0.000131,0.0,2.8,2.29,2.29,0.345,0.345,2.82,0.893,0.000667,0.3079,0.3148,0.3196,0.3236,13.12,17.61,23.45,31.58,38.32,40.3
2021-03-29,0.0,0.0,313.8,0.0,130.2,53.54,0.7518,0.0,0.0481,0.000118,0.0,2.79,2.29,2.29,0.338,0.338,2.85,0.906,0.000452,0.3043,0.3118,0.317,0.3211,14.01,18.8,25.02,33.63,40.83,42.98
2021-03-30,0.0,0.0,310.9,0.0,127.3,51.8,0.7352,0.0,0.0442,0.000105,0.0,3.02,2.49,2.49,0.36,0.36,2.88,0.919,0.00073,0.3005,0.3085,0.3141,0.3184,14.97,20.09,26.72,35.86,43.55,45.87
2021-03-31,0.0,0.0,307.7,0.0,124.2,49.79,0.717,0.0,0.0405,9.35e-05,0.0,3.3,2.73,2.73,0.388,0.388,2.9,0.933,0.000476,0.2962,0.305,0.311,0.3155,16.04,21.5,28.59,38.29,46.51,49.02
2021-04-01,0.0,0.0,304.4,0.0,120.8,47.47,0.6974,0.0,0.0367,8.22e-05,0.0,3.55,2.94,2.94,0.412,0.412,2.92,0.945,0.00051,0.2916,0.3012,0.3076,0.3123,17.17,23.01,30.58,40.89,49.68,52.41
2021-04-02,0.0,0.0,301.1,0.0,117.5,45.15,0.6787,0.0,0.0328,7.15e-05,0.0,3.4,2.82,2.82,0.39,0.39,2.94,0.955,0.000541,0.2873,0.2976,0.3045,0.3093,18.24,24.44,32.45,43.36,52.71,55.65
2021-04-03,0.0,0.0,298.5,0.0,114.9,44.19,0.6637,0.0,0.0291,6.25e-05,0.0,2.71,2.25,2.25,0.309,0.309,2.95,0.961,0.000804,0.2841,0.2948,0.302,0.3068,19.06,25.53,33.89,45.27,55.11,58.23
2021-04-04,0.0,0.0,296.6,0.0,113.0,42.46,0.6527,0.0,0.0262,5.6e-05,0.0,2.01,1.67,1.67,0.229,0.229,2.95,0.963,0.000568,0.2819,0.2928,0.3003,0.3049,19.61,26.28,34.89,46.64,56.87,60.15
2021-04-05,0.0,0.0,293.7,0.0,110.1,39.04,0.6356,0.0,0.0238,5.13e-05,0.0,3.11,2.58,2.58,0.353,0.353,2.96,0.967,0.000389,0.2781,0.2897,0.2975,0.3021,20.58,27.56,36.59,48.88,59.64,63.11
2021-04-06,3.8,0.0,295.3,0.0,111.7,38.94,0.6451,0.0,0.0214,4.73e-05,0.0,2.25,1.87,1.87,0.255,0.255,2.96,0.968,0.0024,0.277,0.2874,0.2955,0.3,17.43,24.63,33.94,46.64,57.82,61.46
2021-04-07,0.3,0.0,293.7,0.0,110.1,38.23,0.6359,0.0,0.0194,4.46e-05,0.0,1.99,1.65,1.65,0.225,0.225,2.96,0.969,0.0015,0.2825,0.2857,0.2938,0.2981,17.71,25.08,34.64,47.71,59.27,63.05
2021-04-08,0.0,0.0,291.0,0.0,107.4,36.15,0.6204,0.0,0.0179,4.03e-05,0.0,2.83,2.35,2.35,0.32,0.32,2.96,0.972,0.00244,0.2824,0.2834,0.2913,0.2955,18.65,26.24,36.18,49.74,61.79,65.73
2021-04-09,0.0,0.0,288.3,0.0,104.7,33.96,0.6048,0.0,0.0163,3.56e-05,0.0,2.84,2.36,2.36,0.321,0.321,2.97,0.975,0.00113,0.2797,0.2814,0.2888,0.2929,19.63,27.43,37.72,51.78,64.31,68.43
2021-04-10,5.5,0.0,291.7,0.0,108.2,35.28,0.6245,0.0,0.0146,3.74e-05,0.0,2.21,1.84,1.84,0.249,0.249,2.97,0.978,0.00377,0.2821,0.28,0.2871,0.2909,14.88,22.82,33.37,47.83,60.75,65.03
2021-04-11,10.4,0.0,300.1,0.21,116.5,42.91,0.6726,0.0,0.0133,9.24e-05,0.0,1.96,1.63,1.63,0.22,0.22,2.98,0.981,0.00373,0.3286,0.2794,0.2857,0.2891,5.428,13.42,24.18,38.99,52.29,56.7
2021-04-12,9.3,0.0,307.2,0.122,123.6,49.68,0.7139,0.0,0.0123,0.000215,0.0,2.35,1.96,1.96,0.264,0.264,2.98,0.984,0.00496,0.3621,0.2953,0.2844,0.2869,-1.49,5.072,16.05,31.27,44.98,49.54
2021-04-13,11.9,0.0,317.3,0.301,133.7,59.15,0.7722,0.0,0.0113,0.00047,0.0,1.73,1.44,1.43,0.194,0.194,2.98,0.985,0.00532,0.3881,0.3381,0.2927,0.2853,-7.764,-4.991,5.207,20.73,34.77,39.45
2021-04-14,0.0,0.0,315.4,0.0,131.8,58.27,0.761,0.0,0.0104,0.000391,0.0,2.36,1.96,1.96,0.264,0.264,2.98,0.986,0.00121,0.3697,0.351,0.3214,0.2836,-2.302,-1.088,6.317,22.11,36.55,41.39
2021-04-15,1.9,0.0,315.7,0.0,132.1,58.7,0.7629,0.0,0.00949,0.000237,0.0,1.65,1.37,1.37,0.184,0.184,2.98,0.987,7.14e-05,0.3638,0.3482,0.3296,0.2849,-1.262,0.1227,5.962,21.35,36.1,41.05
2021-04-16,0.1,0.0,313.6,0.0,130.0,57.29,0.7509,0.0,0.0088,0.000193,0.0,2.31,1.92,1.92,0.258,0.258,2.98,0.988,-4.05e-05,0.3553,0.3452,0.3312,0.2885,1.211,2.859,8.192,22.98,38.04,43.15
2021-04-17,0.0,0.0,311.3,0.0,127.7,55.44,0.7376,0.0,0.00808,0.000147,0.0,2.42,2.02,2.02,0.271,0.271,2.98,0.989,0.00484,0.3475,0.3404,0.3298,0.2919,3.193,5.281,10.61,24.89,40.19,45.44
2021-04-18,0.7,0.0,309.9,0.0,126.3,54.12,0.7293,0.0,0.00741,0.00012,0.0,2.25,1.88,1.88,0.252,0.252,2.99,0.99,0.00172,0.3429,0.336,0.3274,0.2941,4.08,6.584,12.14,26.07,41.5,46.87
2021-04-19,0.2,0.0,307.6,0.0,124.0,52.19,0.716,0.0,0.00684,0.000104,0.0,2.65,2.21,2.21,0.295,0.295,2.99,0.992,0.00141,0.3379,0.3321,0.3245,0.2948,5.488,8.382,14.28,28.14,43.69,49.18
2021-04-20,0.2,0.0,304.5,0.0,120.9,49.41,0.698,0.0,0.00631,8.71e-05,0.0,3.51,2.93,2.93,0.391,0.391,2.99,0.994,0.000748,0.3315,0.3271,0.3206,0.2938,7.064,10.44,16.85,30.9,46.66,52.3
2021-04-21,0.0,0.0,301.2,0.0,117.6,46.56,0.6792,0.0,0.00575,7.0e-05,0.0,3.44,2.87,2.87,0.384,0.384,2.99,0.996,0.000889,0.3254,0.3222,0.3167,0.2923,8.666,12.53,19.44,33.79,49.77,55.56
2021-04-22,2.3,0.0,300.9,0.0,117.4,45.72,0.6776,0.0,0.00515,6.37e-05,0.0,2.71,2.26,2.26,0.301,0.301,2.99,0.997,0.000411,0.3252,0.3184,0.3136,0.2909,7.618,11.85,19.18,33.79,49.94,55.83
2021-04-23,0.0,0.0,298.1,0.0,114.5,43.53,0.661,0.0,0.00479,5.96e-05,0.0,3.04,2.54,2.54,0.338,0.338,2.99,0.999,0.00201,0.3231,0.3158,0.3104,0.289,9.095,13.59,21.37,36.34,52.7,58.7
2021-04-24,0.0,0.0,294.7,0.0,111.2,40.59,0.6419,0.0,0.00444,4.87e-05,0.0,3.5,2.92,2.92,0.389,0.389,2.99,1.0,0.000605,0.3171,0.3123,0.3072,0.2866,10.69,15.54,23.78,39.21,55.89,62.02
2021-04-25,0.0,0.0,291.0,0.0,107.5,37.66,0.6205,0.0,0.00408,3.95e-05,0.0,3.91,3.26,3.26,0.434,0.434,3.0,1.0,0.000403,0.3106,0.3077,0.3035,0.2837,12.33,17.63,26.4,42.38,59.45,65.72
2021-04-26,1.5,0.0,290.1,0.0,106.5,36.23,0.615,0.0,0.00371,3.38e-05,0.0,2.6,2.17,2.17,0.288,0.288,3.0,1.0,0.00338,0.3084,0.3044,0.3009,0.2818,11.91,17.53,26.66,43.0,60.32,66.67
2021-04-27,4.7,0.0,293.5,0.0546,110.0,38.42,0.6349,0.0,0.00351,4.47e-05,0.0,1.27,1.06,1.06,0.141,0.141,3.0,1.0,0.000896,0.3191,0.3032,0.2995,0.2809,7.905,13.63,22.93,39.43,56.85,63.23
2021-04-28,1.2,0.0,292.7,0.0,109.1,38.11,0.6299,0.0,0.00345,5.42e-05,0.0,2.25,1.87,1.87,0.249,0.249,3.0,1.0,0.0024,0.3252,0.3046,0.2978,0.2793,7.993,13.62,23.19,40.01,57.65,64.1
2021-04-29,3.7,0.0,293.8,0.0,110.2,38.58,0.6364,0.0,0.0033,6.2e-05,0.0,2.73,2.28,2.28,0.302,0.302,3.0,1.0,0.000668,0.3304,0.3063,0.2967,0.2772,6.008,11.5,21.28,38.5,56.44,62.98
2021-04-30,0.8,0.0,291.3,0.0,107.7,36.74,0.6219,0.0,0.00309,6.18e-05,0.0,3.49,2.91,2.91,0.387,0.387,3.0,1.0,0.0028,0.3288,0.3081,0.2957,0.2745,7.392,12.74,22.74,40.46,58.8,65.48
2021-05-01,2.5,0.0,290.6,0.0,107.0,35.88,0.6181,0.0,0.00284,5.8e-05,0.0,3.35,2.79,2.79,0.371,0.371,3.0,1.0,0.00259,0.3293,0.3078,0.2953,0.272,6.906,12.28,22.42,40.61,59.34,66.14
2021-05-02,0.0,0.0,287.8,0.0,104.3,33.71,0.602,0.0,0.0026,4.85e-05,0.0,2.95,2.46,2.46,0.327,0.327,3.0,1.0,0.00282,0.3245,0.3081,0.2951,0.27,8.775,14.13,24.36,42.93,62.01,68.93
2021-05-03,0.0,0.0,284.7,0.0,101.1,30.9,0.5836,0.0,0.00241,3.67e-05,0.0,3.36,2.8,2.8,0.372,0.372,3.0,1.0,0.00162,0.3174,0.3058,0.2941,0.2678,10.61,16.17,26.57,45.56,65.06,72.11
2021-05-04,0.0,0.0,281.1,0.0,97.48,27.62,0.5629,0.0,0.0022,2.84e-05,0.0,3.8,3.17,3.17,0.421,0.421,3.0,1.0,0.000855,0.3103,0.3018,0.292,0.2653,12.4,18.35,29.06,48.53,68.49,75.7
2021-05-05,0.0,0.0,277.9,0.0,94.34,24.75,0.5447,0.0,0.00198,2.18e-05,0.0,3.32,2.77,2.77,0.368,0.368,3.0,1.0,0.000596,0.3043,0.2978,0.2896,0.2632,13.89,20.22,31.25,51.13,71.49,78.84
2021-05-06,0.0,0.0,274.9,0.0,91.34,21.99,0.5274,0.0,0.0018,1.75e-05,0.0,3.17,2.65,2.65,0.351,0.351,3.0,1.0,0.000393,0.2989,0.2939,0.2869,0.2611,15.24,21.95,33.33,53.61,74.36,81.84
2021-05-07,0.0,0.0,271.3,0.0,87.69,18.59,0.5064,0.0,0.00165,1.43e-05,0.0,3.86,3.22,3.22,0.427,0.427,3.0,1.0,0.000303,0.2927,0.2892,0.2833,0.2585,16.78,23.95,35.82,56.61,77.84,85.49
2021-05-08,0.2,0.0,268.6,0.0,84.99,15.99,0.4907,0.0,0.00147,1.14e-05,0.0,3.07,2.57,2.57,0.34,0.34,3.0,1.0,0.00157,0.2879,0.2853,0.2804,0.2564,17.79,25.34,37.61,58.81,80.42,88.19
2021-05-09,0.0,0.0,264.6,0.0,81.07,12.35,0.4681,0.0,0.00134,9.52e-06,0.0,4.15,3.46,3.46,0.459,0.459,3.0,1.0,0.000623,0.282,0.2803,0.2763,0.2534,19.36,27.4,40.24,62.03,84.16,92.12
2021-05-10,0.0,0.0,260.1,0.0,76.47,8.041,0.4416,0.0,0.00118,7.43e-06,0.0,4.86,4.06,4.06,0.539,0.539,3.0,1.0,0.000372,0.2748,0.2745,0.2715,0.2496,21.17,29.77,43.29,65.81,88.54,96.71
2021-05-11,2.4,0.0,259.2,0.0,75.61,6.166,0.4366,0.0,0.00101,6.87e-06,0.0,3.45,2.88,2.88,0.382,0.382,3.0,1.0,0.000823,0.2702,0.2703,0.268,0.247,20.03,29.05,43.05,66.08,89.25,97.57
2021-05-12,0.7,0.0,256.9,0.0,73.34,4.167,0.4235,0.0,0.000909,6.37e-06,0.0,3.14,2.62,2.62,0.348,0.348,3.0,1.0,0.00109,0.2702,0.2665,0.2648,0.2445,20.48,29.87,44.31,67.81,91.38,99.84
2021-05-13,0.2,0.0,254.1,0.0,70.47,1.651,0.4069,0.0,0.000822,5.29e-06,0.0,3.25,2.71,2.71,0.36,0.36,3.0,1.0,0.00254,0.2691,0.2628,0.2615,0.242,21.48,31.23,46.14,70.12,94.1,102.7
2021-05-14,1.1,0.0,251.7,0.0,68.12,-0.949,0.3933,0.0,0.000741,4.74e-06,0.0,3.67,3.06,3.06,0.406,0.397,3.0,1.0,0.00144,0.2656,0.2589,0.2578,0.2393,21.77,31.91,47.34,71.86,96.3,105.1
2021-05-15,0.0,0.0,248.1,0.0,64.52,-4.02,0.3726,0.0,0.000657,3.9e-06,0.0,3.82,3.19,3.19,0.424,0.403,3.0,1.0,0.00186,0.2618,0.2549,0.2541,0.2365,23.27,33.81,49.75,74.82,99.72,108.7
2021-05-16,0.0,0.0,245.3,0.0,61.75,-6.473,0.3565,0.0,0.000581,2.94e-06,0.0,2.96,2.47,2.47,0.328,0.302,3.0,1.0,0.000912,0.2591,0.2522,0.2515,0.2343,24.51,35.32,51.64,77.12,102.4,111.4
2021-05-17,0.6,0.0,242.5,0.0,58.87,-9.446,0.34,0.0,0.000529,2.51e-06,0.0,3.84,3.2,3.1,0.425,0.375,3.0,1.0,0.00172,0.2537,0.2487,0.2482,0.2317,25.45,36.6,53.39,79.4,105.1,114.3
2021-05-18,0.0,0.0,239.1,0.0,55.54,-12.3,0.3207,0.0,0.00047,2.02e-06,0.0,4.08,3.41,2.95,0.452,0.379,3.0,1.0,0.00139,0.2488,0.2452,0.2449,0.2289,26.81,38.31,55.57,82.11,108.3,117.6
2021-05-19,6.4,0.0,242.0,0.0,58.44,-11.85,0.3375,0.0,0.000415,8.16e-06,0.0,3.94,3.29,3.14,0.436,0.365,3.0,1.0,0.00136,0.2457,0.242,0.2419,0.2264,22.1,33.91,51.6,78.63,105.2,114.7
2021-05-20,0.0,0.0,237.9,0.0,54.33,-14.78,0.3137,0.0,0.000369,4.56e-06,0.0,4.6,3.84,3.69,0.509,0.427,3.0,1.0,0.000115,0.253,0.2385,0.2387,0.2235,24.18,36.35,54.5,82.09,109.1,118.9
2021-05-21,0.0,0.0,234.6,0.0,50.98,-17.5,0.2944,0.0,0.000323,2.24e-06,0.0,3.97,3.31,2.98,0.439,0.368,3.0,1.0,0.00227,0.2509,0.2357,0.2361,0.2212,25.87,38.31,56.84,84.89,112.3,122.2
2021-05-22,0.2,0.0,232.5,0.0,48.87,-19.33,0.2822,0.0,0.000288,1.52e-06,0.0,3.02,2.52,2.04,0.334,0.28,3.0,1.0,0.00212,0.248,0.2338,0.2342,0.2194,26.79,39.42,58.22,86.6,114.4,124.3
2021-05-23,0.0,0.0,229.5,0.0,45.96,-21.83,0.2654,0.0,0.000265,1.21e-06,0.0,4.22,3.52,2.54,0.467,0.367,3.0,1.0,0.0012,0.2447,0.2313,0.2317,0.2171,28.08,40.96,60.13,88.95,117.1,127.2
2021-05-24,14.2,0.0,241.0,0.0,57.45,-14.06,0.3317,0.0,0.000236,6.35e-05,0.0,3.21,2.68,2.4,0.355,0.314,3.0,1.0,-0.0028,0.2845,0.2296,0.2299,0.2154,15.44,28.49,47.91,77.06,105.5,115.7
2021-05-25,0.1,0.0,237.7,0.0,54.12,-16.1,0.3125,0.0,0.000216,1.91e-05,0.0,3.81,3.18,3.04,0.422,0.389,3.0,1.0,0.000847,0.2901,0.2277,0.2279,0.2135,17.46,30.68,50.4,79.93,108.7,119.1
2021-05-26,0.0,0.0,233.6,0.0,50.02,-19.46,0.2888,0.0,0.000196,7.32e-06,0.0,4.57,3.82,3.62,0.507,0.482,3.0,1.0,0.0,0.2777,0.2262,0.2256,0.2112,20.18,33.47,53.52,83.49,112.7,123.2
2021-05-27,0.0,0.0,229.7,0.0,46.15,-22.74,0.2665,0.0,0.000174,3.47e-06,0.0,4.52,3.78,3.41,0.501,0.461,3.0,1.0,0.00214,0.2654,0.2262,0.2235,0.2091,22.78,36.1,56.47,86.84,116.4,127.0
2021-05-28,0.0,0.0,225.9,0.0,42.28,-26.09,0.2442,0.0,0.000156,1.86e-06,0.0,4.9,4.09,3.37,0.543,0.499,3.0,1.0,0.0013,0.2589,0.2259,0.2214,0.207,25.28,38.69,59.38,90.17,120.1,130.9
2021-05-29,0.1,0.0,222.8,0.0,39.22,-28.76,0.2264,0.0,0.000138,1.08e-06,0.0,4.84,4.04,2.71,0.537,0.457,3.0,1.0,0.00113,0.2496,0.2251,0.2194,0.2049,27.02,40.57,61.54,92.73,123.1,134.0
2021-05-30,0.1,0.0,220.5,0.0,36.93,-30.74,0.2133,0.0,0.000123,7.53e-07,0.0,4.06,3.39,2.03,0.45,0.356,3.0,1.0,0.000939,0.2456,0.2241,0.2179,0.2033,28.23,41.91,63.1,94.6,125.2,136.3
2021-05-31,0.0,0.0,218.1,0.0,34.54,-32.83,0.1994,0.0,0.000112,5.84e-07,0.0,4.31,3.59,2.02,0.477,0.375,3.0,1.0,0.000681,0.241,0.2227,0.2165,0.2017,29.52,43.35,64.75,96.58,127.5,138.6
2021-06-01,0.0,0.0,215.5,0.0,31.96,-35.12,0.1845,0.0,0.000102,4.55e-07,0.0,4.97,4.15,2.18,0.551,0.399,3.0,1.0,0.000398,0.2361,0.2209,0.2149,0.1999,30.85,44.86,66.51,98.69,130.0,141.2
2021-06-02,0.0,0.0,212.9,0.0,29.36,-37.43,0.1695,0.0,9.16e-05,3.55e-07,0.0,5.44,4.54,2.21,0.604,0.391,3.0,1.0,0.000313,0.2315,0.2188,0.2133,0.198,32.14,46.36,68.25,100.8,132.4,143.8
2021-06-03,0.0,0.0,210.4,0.0,26.87,-39.64,0.1551,0.0,8.17e-05,2.81e-07,0.0,5.73,4.78,2.14,0.636,0.356,3.0,1.0,0.000246,0.2273,0.2166,0.2117,0.1961,33.33,47.75,69.89,102.8,134.8,146.3
2021-06-04,0.0,0.0,208.2,0.0,24.58,-41.67,0.142,0.0,7.27e-05,2.28e-07,0.0,5.68,4.74,1.94,0.63,0.343,3.0,1.0,0.00019,0.2236,0.2146,0.2102,0.1944,34.39,49.01,71.37,104.6,137.0,148.6
2021-06-05,0.0,0.0,206.5,0.0,22.94,-43.11,0.1324,0.0,6.51e-05,1.9e-07,0.0,4.51,3.76,1.42,0.501,0.227,3.0,1.0,0.000128,0.2209,0.2131,0.2092,0.1931,35.13,49.89,72.41,105.9,138.5,150.2
2021-06-06,11.7,0.0,215.8,0.0,32.19,-38.32,0.1858,0.0,5.98e-05,1.67e-05,0.0,4.51,3.76,2.09,0.501,0.362,2.99,1.0,-0.00196,0.2192,0.2118,0.2082,0.1918,25.02,39.91,62.58,96.33,129.2,141.0
2021-06-07,7.9,0.0,221.1,0.0,37.49,-33.72,0.2165,0.0,5.5e-05,3.74e-05,0.0,4.17,3.48,2.21,0.464,0.389,2.99,1.0,0.00493,0.2677,0.2106,0.2074,0.1907,18.95,33.96,56.76,90.72,123.8,135.7
2021-06-08,0.7,0.0,219.3,0.0,35.67,-34.51,0.206,0.0,5.11e-05,1.4e-05,0.0,3.78,3.15,2.15,0.42,0.371,2.99,1.0,0.00128,0.2786,0.2096,0.2067,0.1898,20.12,35.22,58.13,92.27,125.5,137.5
2021-06-09,0.1,0.0,216.0,0.0,32.41,-36.99,0.1871,0.0,4.78e-05,5.76e-06,0.0,4.98,4.15,2.85,0.555,0.511,2.99,1.0,3.83e-05,0.268,0.2083,0.2057,0.1886,22.57,37.77,60.82,95.2,128.7,140.8
2021-06-10,0.3,0.0,213.3,0.0,29.67,-39.25,0.1713,0.0,4.4e-05,2.58e-06,0.0,4.75,3.96,2.57,0.529,0.467,2.99,1.0,0.00188,0.2565,0.2075,0.2049,0.1875,24.63,39.85,63.04,97.62,131.3,143.5
2021-06-11,0.0,0.0,210.5,0.0,26.94,-41.4,0.1555,0.0,4.07e-05,1.32e-06,0.0,4.76,3.97,2.29,0.532,0.446,2.99,1.0,0.00177,0.2521,0.207,0.2041,0.1865,26.73,41.97,65.27,100.1,134.0,146.2
2021-06-12,0.0,0.0,208.0,0.0,24.37,-43.45,0.1407,0.0,3.78e-05,7.0e-07,0.0,5.67,4.73,2.04,0.634,0.532,2.98,1.0,0.00129,0.2439,0.2067,0.2033,0.1853,28.55,43.83,67.27,102.3,136.5,148.8
2021-06-13,0.0,0.0,205.6,0.0,21.99,-45.44,0.127,0.0,3.47e-05,4.27e-07,0.0,5.75,4.79,1.88,0.644,0.501,2.98,1.0,0.000829,0.2387,0.2063,0.2024,0.1842,30.2,45.54,69.11,104.3,138.8,151.2
2021-06-14,0.0,0.0,203.6,0.0,19.99,-47.11,0.1154,0.0,3.19e-05,2.79e-07,0.0,5.29,4.4,1.57,0.593,0.429,2.98,1.0,0.000666,0.2336,0.206,0.2018,0.1832,31.55,46.96,70.63,106.1,140.7,153.2
2021-06-15,0.0,0.0,201.7,0.0,18.13,-48.67,0.1047,0.0,2.96e-05,2.0e-07,0.0,5.4,4.49,1.46,0.607,0.393,2.98,1.0,0.000382,0.2292,0.2056,0.2011,0.1823,32.78,48.25,72.02,107.6,142.5,155.0
2021-06-16,0.0,0.0,200.2,0.0,16.61,-49.94,0.09591,0.0,2.75e-05,1.51e-07,0.0,4.89,4.07,1.22,0.551,0.308,2.97,1.0,0.00026,0.2257,0.2051,0.2006,0.1815,33.75,49.29,73.14,108.9,143.9,156.6
2021-06-17,0.0,0.0,198.5,0.0,14.9,-51.37,0.08605,0.0,2.58e-05,1.22e-07,0.0,5.87,4.88,1.34,0.662,0.367,2.97,1.0,0.000166,0.2219,0.2044,0.2,0.1806,34.83,50.44,74.39,110.3,145.5,158.3
2021-06-18,0.0,0.0,197.0,0.0,13.41,-52.61,0.07745,0.0,2.4e-05,9.87e-08,0.0,5.74,4.77,1.19,0.65,0.295,2.96,1.0,0.000139,0.2187,0.2036,0.1994,0.1797,35.73,51.42,75.46,111.6,147.0,159.8
2021-06-19,0.0,0.0,195.6,0.0,12.05,-53.73,0.06958,0.0,2.24e-05,8.33e-08,0.0,5.72,4.75,1.09,0.65,0.276,2.96,1.0,0.000101,0.2159,0.2029,0.1989,0.1789,36.53,52.31,76.42,112.7,148.3,161.1
2021-06-20,0.0,0.0,194.4,0.0,10.85,-54.71,0.06267,0.0,2.1e-05,7.22e-08,0.0,5.65,4.69,0.985,0.644,0.211,2.95,1.0,4.97e-05,0.2134,0.2022,0.1985,0.1782,37.21,53.06,77.24,113.6,149.4,162.3
2021-06-21,0.0,0.0,193.4,0.0,9.808,-55.58,0.05663,0.0,1.97e-05,6.43e-08,0.0,5.29,4.39,0.847,0.606,0.199,2.94,1.0,1.34e-05,0.2114,0.2015,0.1981,0.1776,37.8,53.71,77.96,114.5,150.4,163.4
2021-06-22,0.0,0.0,192.3,0.0,8.751,-56.49,0.05053,0.0,1.86e-05,5.84e-08,0.0,6.02,4.99,0.889,0.692,0.168,2.94,1.0,2.85e-05,0.2093,0.2008,0.1977,0.1769,38.36,54.34,78.65,115.3,151.4,164.4
2021-06-23,0.0,0.0,191.4,0.0,7.87,-57.34,0.04507,0.0,1.75e-05,5.32e-08,0.0,6.09,5.04,0.821,0.704,0.125,2.93,1.0,4.18e-05,0.2074,0.2001,0.1973,0.1762,38.84,54.88,79.25,116.0,152.3,165.4
2021-06-24,0.0,0.0,190.6,0.0,7.123,-58.06,0.04043,0.0,1.65e-05,4.9e-08,0.0,5.73,4.73,0.705,0.665,0.0975,2.92,1.0,0.000118,0.2059,0.1995,0.197,0.1756,39.22,55.32,79.75,116.7,153.0,166.2
2021-06-25,0.0,0.0,189.9,0.0,6.452,-58.7,0.03656,0.0,1.57e-05,4.57e-08,0.0,5.54,4.58,0.628,0.646,0.0441,2.91,1.0,0.000136,0.2045,0.199,0.1967,0.1751,39.52,55.66,80.14,117.1,153.6,166.9
2021-06-26,0.0,0.0,189.3,0.0,5.79,-59.33,0.03273,0.0,1.49e-05,4.31e-08,0.0,5.98,4.93,0.625,0.701,0.0373,2.9,1.0,9.5e-05,0.2033,0.1985,0.1964,0.1746,39.79,55.99,80.51,117.6,154.2,167.5
2021-06-27,0.0,0.0,188.6,0.0,5.166,-59.94,0.02913,0.0,1.42e-05,4.06e-08,0.0,6.17,5.08,0.592,0.728,0.0321,2.89,1.0,6.97e-05,0.2021,0.198,0.1961,0.1741,40.04,56.29,80.85,118.1,154.8,168.1
2021-06-28,0.0,0.0,188.1,0.0,4.616,-60.47,0.02596,0.0,1.35e-05,3.84e-08,0.0,5.94,4.89,0.522,0.706,0.0279,2.88,1.0,5.24e-05,0.2011,0.1975,0.1959,0.1736,40.25,56.54,81.14,118.5,155.3,168.7
2021-06-29,0.0,0.0,187.6,0.0,4.143,-60.93,0.0232,0.0,1.29e-05,3.66e-08,0.0,5.6,4.6,0.453,0.671,0.0244,2.87,1.0,4.0e-05,0.2003,0.1972,0.1957,0.1732,40.43,56.75,81.39,118.8,155.7,169.2
2021-06-30,0.0,0.0,187.2,0.0,3.792,-61.28,0.02109,0.0,1.23e-05,3.51e-08,0.0,4.58,3.76,0.343,0.553,0.0216,2.86,1.0,3.09e-05,0.1996,0.1969,0.1955,0.1729,40.56,56.92,81.58,119.0,156.1,169.5
2021-07-01,0.0,0.0,186.9,0.0,3.437,-61.66,0.01887,0.0,1.19e-05,3.4e-08,0.0,5.2,4.26,0.365,0.632,0.0193,2.84,1.0,2.41e-05,0.199,0.1966,0.1953,0.1725,40.7,57.08,81.77,119.3,156.4,169.9
2021-07-02,0.0,0.0,186.5,0.0,3.084,-62.04,0.01663,0.0,1.15e-05,3.28e-08,0.0,5.68,4.64,0.372,0.696,0.0174,2.83,1.0,1.93e-05,0.1984,0.1963,0.1952,0.1722,40.83,57.24,81.95,119.5,156.8,170.3
2021-07-03,0.0,0.0,186.1,0.0,2.761,-62.39,0.01454,0.0,1.11e-05,3.17e-08,0.0,5.7,4.65,0.346,0.706,0.0157,2.81,1.0,1.57e-05,0.1978,0.196,0.195,0.1718,40.95,57.38,82.12,119.8,157.1,170.7
2021-07-04,0.1,0.0,185.8,0.0,2.52,-62.66,0.01298,0.0,1.07e-05,3.08e-08,0.0,4.74,3.85,0.266,0.591,0.105,2.8,1.0,0.00125,0.1974,0.1958,0.1949,0.1716,41.02,57.48,82.24,120.0,157.4,170.9
2021-07-05,0.0,0.0,185.5,0.0,2.251,-62.98,0.01112,0.0,1.04e-05,2.99e-08,0.0,5.81,4.72,0.307,0.733,0.016,2.78,1.0,1.29e-05,0.1969,0.1955,0.1948,0.1712,41.12,57.6,82.38,120.2,157.6,171.3
2021-07-06,0.0,0.0,185.2,0.0,1.986,-63.3,0.009223,0.0,1.0e-05,2.91e-08,0.0,6.44,5.22,0.315,0.821,0.0128,2.77,1.0,1.07e-05,0.1965,0.1953,0.1946,0.1709,41.22,57.72,82.52,120.4,157.9,171.6
2021-07-07,0.0,0.0,184.9,0.0,1.753,-63.6,0.007462,0.0,9.69e-06,2.82e-08,0.0,6.52,5.26,0.293,0.842,0.0116,2.74,1.0,0.0,0.1961,0.1951,0.1945,0.1706,41.3,57.82,82.65,120.5,158.2,171.9
2021-07-08,0.9,0.0,185.3,0.0,2.128,-63.87,0.01017,0.0,9.36e-06,3.03e-08,0.0,6.65,5.36,0.277,0.87,0.155,2.72,1.0,0.000259,0.1957,0.1949,0.1944,0.1703,40.62,57.16,82.01,120.0,157.7,171.4
2021-07-09,0.0,0.0,184.9,0.0,1.782,-64.07,0.007797,0.0,9.06e-06,2.96e-08,0.0,6.23,5.0,0.243,0.824,0.168,2.7,1.0,0.000759,0.1954,0.1947,0.1942,0.1701,40.84,57.4,82.27,120.3,158.1,171.8
2021-07-10,0.0,0.0,184.6,0.0,1.487,-64.26,0.005675,0.0,8.79e-06,2.76e-08,0.0,6.06,4.85,0.223,0.812,0.145,2.68,1.0,5.41e-05,0.1952,0.1946,0.1942,0.1699,41.04,57.61,82.5,120.5,158.4,172.2
2021-07-11,0.0,0.0,184.2,0.0,1.29,-64.44,0.003744,0.0,8.55e-06,2.65e-08,0.0,5.7,4.54,0.197,0.773,0.138,2.66,1.0,8.5e-05,0.195,0.1944,0.1941,0.1697,41.23,57.81,82.71,120.8,158.7,172.5
2021-07-12,0.1,0.0,184.0,0.0,1.14,-64.62,0.002399,0.0,8.35e-06,2.58e-08,0.0,5.86,4.65,0.19,0.807,0.144,2.64,1.0,0.000612,0.1948,0.1943,0.194,0.1695,41.32,57.91,82.82,121.0,158.9,172.8
2021-07-13,6.4,0.0,189.5,0.0,6.552,-62.97,0.03411,0.0,8.15e-06,1.3e-06,0.0,5.39,4.27,0.489,0.752,0.421,2.61,1.0,0.00192,0.1946,0.1942,0.1939,0.1693,35.7,52.3,77.22,115.4,153.4,167.3
2021-07-14,0.0,0.0,188.8,0.0,5.873,-62.53,0.03014,0.0,7.98e-06,3.99e-07,0.0,4.46,3.52,0.335,0.63,0.353,2.59,1.0,-1.34e-05,0.1945,0.1941,0.1939,0.1692,36.29,52.9,77.83,116.0,154.1,168.0
2021-07-15,0.3,0.0,188.4,0.0,5.443,-62.66,0.02758,0.0,7.84e-06,1.88e-07,0.0,4.84,3.81,0.357,0.693,0.388,2.57,1.0,0.00136,0.1945,0.194,0.1938,0.169,36.63,53.25,78.18,116.4,154.5,168.4
2021-07-16,5.4,0.0,192.8,0.0,9.905,-60.43,0.05322,0.0,7.71e-06,2.99e-06,0.0,4.0,3.13,0.586,0.58,0.376,2.55,1.0,0.00283,0.1948,0.194,0.1938,0.1689,32.11,48.73,73.67,111.9,150.1,164.0
2021-07-17,0.0,0.0,191.7,0.0,8.845,-60.29,0.04707,0.0,7.6e-06,1.25e-06,0.0,4.14,3.23,0.671,0.608,0.395,2.53,1.0,0.000229,0.1963,0.1939,0.1938,0.1688,33.09,49.72,74.67,112.9,151.1,165.0
2021-07-18,0.1,0.0,190.7,0.0,7.805,-60.73,0.04094,0.0,7.49e-06,4.68e-07,0.0,5.54,4.3,0.627,0.827,0.536,2.5,1.0,0.00187,0.2009,0.1939,0.1937,0.1687,34.05,50.69,75.64,113.9,152.2,166.1
2021-07-19,0.0,0.0,189.6,0.0,6.742,-61.3,0.03472,0.0,7.36e-06,2.37e-07,0.0,5.37,4.16,0.55,0.816,0.529,2.47,1.0,0.0015,0.2049,0.1938,0.1937,0.1685,35.03,51.68,76.64,115.0,153.2,167.2
2021-07-20,0.0,0.0,188.5,0.0,5.644,-61.97,0.02823,0.0,7.24e-06,1.34e-07,0.0,6.07,4.67,0.551,0.939,0.574,2.44,1.0,0.000791,0.2066,0.1937,0.1936,0.1684,36.06,52.7,77.68,116.0,154.3,168.3
2021-07-21,0.0,0.0,187.5,0.0,4.658,-62.57,0.02241,0.0,7.11e-06,8.12e-08,0.0,6.03,4.61,0.477,0.95,0.532,2.41,1.0,0.000385,0.2067,0.1937,0.1936,0.1683,36.97,53.62,78.6,117.0,155.3,169.3
2021-07-22,0.0,0.0,186.7,0.0,3.87,-63.03,0.01776,0.0,6.99e-06,5.54e-08,0.0,5.62,4.27,0.396,0.904,0.41,2.38,1.0,0.000251,0.2062,0.1936,0.1935,0.1682,37.69,54.35,79.34,117.7,156.1,170.1
2021-07-23,0.0,0.0,185.9,0.0,3.099,-63.48,0.01316,0.0,6.88e-06,4.3e-08,0.0,5.98,4.52,0.374,0.979,0.421,2.35,1.0,0.000169,0.2053,0.1936,0.1935,0.1681,38.4,55.07,80.06,118.5,156.9,170.9
2021-07-24,0.0,0.0,185.2,0.0,2.493,-63.8,0.009516,0.0,6.78e-06,3.54e-08,0.0,5.68,4.26,0.321,0.948,0.311,2.32,1.0,0.000109,0.2044,0.1935,0.1935,0.168,38.96,55.63,80.62,119.1,157.5,171.5
2021-07-25,0.0,0.0,184.7,0.0,2.017,-64.09,0.006645,0.0,6.68e-06,3.13e-08,0.0,5.15,3.84,0.262,0.879,0.236,2.28,1.0,7.07e-05,0.2035,0.1935,0.1935,0.1679,39.39,56.06,81.06,119.5,158.0,172.0
2021-07-26,0.0,0.0,184.3,0.0,1.728,-64.37,0.004236,0.0,6.6e-06,2.89e-08,0.0,5.33,3.95,0.245,0.928,0.172,2.25,1.0,7.8e-05,0.2027,0.1935,0.1934,0.1678,39.75,56.42,81.43,119.9,158.4,172.4
2021-07-27,0.3,0.0,184.2,0.0,1.556,-64.62,0.00371,0.0,6.53e-06,2.77e-08,0.0,5.28,3.88,0.22,0.938,0.171,2.21,1.0,0.000425,0.2019,0.1934,0.1934,0.1677,39.78,56.46,81.46,119.9,158.5,172.5
2021-07-28,0.0,0.0,183.8,0.0,1.303,-64.84,0.001498,0.0,6.45e-06,2.67e-08,0.0,5.44,3.97,0.207,0.986,0.176,2.18,1.0,3.74e-05,0.2011,0.1934,0.1934,0.1677,40.11,56.78,81.8,120.3,158.9,172.9
2021-07-29,0.0,0.0,183.6,0.0,1.074,-65.06,-8.49e-05,0.0,6.38e-06,2.55e-08,0.0,6.1,4.42,0.212,1.13,0.0623,2.14,1.0,0.000161,0.2003,0.1934,0.1934,0.1676,40.32,57.0,82.01,120.5,159.1,173.2
2021-07-30,0.0,0.0,183.3,0.0,0.8737,-65.26,-0.001413,0.0,6.31e-06,2.47e-08,0.0,6.03,4.33,0.189,1.14,0.041,2.11,1.0,0.000122,0.1996,0.1934,0.1933,0.1675,40.49,57.17,82.19,120.7,159.4,173.4
2021-07-31,0.0,0.0,183.1,0.0,0.7003,-65.44,-0.002587,0.0,6.24e-06,2.4e-08,0.0,5.95,4.23,0.169,1.15,0.0348,2.07,1.0,8.52e-05,0.199,0.1934,0.1933,0.1674,40.64,57.32,82.35,120.9,159.5,173.6
2021-08-01,0.1,0.0,183.0,0.0,0.5771,-65.58,-0.003456,0.0,6.17e-06,2.35e-08,0.0,5.0,3.53,0.129,0.988,0.122,2.04,1.0,0.000403,0.1985,0.1933,0.1933,0.1674,40.75,57.43,82.46,121.0,159.7,173.8
2021-08-02,0.0,0.0,182.8,0.0,0.4658,-65.71,-0.0043,0.0,6.12e-06,2.3e-08,0.0,5.01,3.5,0.119,1.01,0.0276,2.01,1.0,5.36e-05,0.198,0.1933,0.1933,0.1673,40.86,57.54,82.57,121.1,159.8,173.9
2021-08-03,0.0,0.0,182.7,0.0,0.3654,-65.83,-0.005106,0.0,6.07e-06,2.27e-08,0.0,5.28,3.67,0.115,1.08,0.0242,1.98,1.0,3.97e-05,0.1976,0.1933,0.1933,0.1673,40.95,57.64,82.67,121.2,160.0,174.1
2021-08-04,0.1,0.0,182.6,0.0,0.3015,-65.93,-0.005664,0.0,6.02e-06,2.24e-08,0.0,4.15,2.86,0.0834,0.867,0.114,1.94,1.0,0.000734,0.1973,0.1933,0.1933,0.1672,41.02,57.71,82.74,121.3,160.1,174.2
2021-08-05,0.1,0.0,182.5,0.0,0.2393,-66.02,-0.006227,0.0,5.98e-06,2.22e-08,0.0,4.54,3.1,0.0851,0.964,0.113,1.91,1.0,0.000728,0.197,0.1933,0.1933,0.1672,41.09,57.77,82.81,121.4,160.1,174.3
2021-08-06,0.0,0.0,182.4,0.0,0.1839,-66.11,-0.006826,0.0,5.94e-06,2.19e-08,0.0,4.83,3.27,0.0842,1.05,0.0195,1.88,1.0,2.63e-05,0.1967,0.1933,0.1933,0.1672,41.16,57.85,82.88,121.5,160.2,174.4
2021-08-07,0.0,0.0,182.3,0.0,0.1296,-66.2,-0.007436,0.0,5.9e-06,2.17e-08,0.0,5.47,3.66,0.0884,1.21,0.0173,1.85,1.0,2.0e-05,0.1964,0.1933,0.1932,0.1671,41.23,57.92,82.95,121.6,160.3,174.5
2021-08-08,0.0,0.0,182.2,0.0,0.08621,-66.29,-0.007962,0.0,5.86e-06,2.14e-08,0.0,5.08,3.37,0.0755,1.15,0.0156,1.81,1.0,1.58e-05,0.1961,0.1933,0.1932,0.1671,41.29,57.98,83.02,121.6,160.4,174.6
2021-08-09,0.0,0.0,182.1,0.0,0.05092,-66.37,-0.008491,0.0,5.82e-06,2.13e-08,0.0,5.63,3.7,0.0774,1.3,0.0141,1.78,1.0,1.28e-05,0.1959,0.1933,0.1932,0.167,41.35,58.04,83.08,121.7,160.5,174.7
2021-08-10,0.0,0.0,182.0,0.0,0.02333,-66.45,-0.008961,0.0,5.78e-06,2.11e-08,0.0,5.42,3.52,0.0685,1.27,0.0129,1.75,1.0,1.05e-05,0.1956,0.1933,0.1932,0.167,41.4,58.09,83.13,121.8,160.6,174.7
2021-08-11,0.0,0.0,182.0,0.0,0.004568,-66.52,-0.009414,0.0,5.75e-06,2.09e-08,0.0,5.73,3.68,0.0667,1.37,0.0119,1.71,1.0,0.0,0.1954,0.1933,0.1932,0.167,41.45,58.14,83.18,121.8,160.7,174.8
2021-08-12,0.0,0.0,181.9,0.0,0.0,-66.59,-0.009828,0.0,5.71e-06,2.08e-08,0.0,5.66,3.59,0.0606,1.39,0.011,1.68,1.0,0.0,0.1952,0.1933,0.1932,0.1669,41.49,58.18,83.23,121.9,160.7,174.9
2021-08-13,0.0,0.0,181.8,0.0,0.0,-66.65,-0.01019,0.0,5.68e-06,2.06e-08,0.0,5.36,3.36,0.0528,1.34,0.0102,1.64,1.0,0.0,0.195,0.1933,0.1932,0.1669,41.53,58.22,83.27,121.9,160.8,174.9
2021-08-14,0.0,0.0,181.8,0.0,0.0,-66.7,-0.01055,0.0,5.65e-06,2.05e-08,0.0,5.84,3.61,0.0532,1.49,0.00948,1.61,1.0,0.0,0.1949,0.1933,0.1932,0.1669,41.56,58.26,83.3,122.0,160.8,175.0
2021-08-15,0.0,0.0,181.7,0.0,0.0,-66.76,-0.0109,0.0,5.62e-06,2.04e-08,0.0,6.02,3.68,0.0505,1.57,0.00887,1.57,1.0,0.0,0.1947,0.1932,0.1932,0.1668,41.6,58.29,83.34,122.0,160.9,175.1
2021-08-16,0.0,0.0,181.6,0.0,0.0,-66.81,-0.01119,0.0,5.59e-06,2.03e-08,0.0,5.52,3.33,0.0425,1.47,0.00833,1.54,1.0,0.0,0.1946,0.1932,0.1932,0.1668,41.62,58.32,83.37,122.0,160.9,175.1
2021-08-17,0.0,0.0,181.6,0.0,0.0,-66.85,-0.01144,0.0,5.56e-06,2.02e-08,0.0,5.03,3.0,0.036,1.36,0.00786,1.51,1.0,0.0,0.1945,0.1932,0.1932,0.1668,41.65,58.34,83.39,122.1,161.0,175.2
2021-08-18,0.0,0.0,181.6,0.0,0.0,-66.89,-0.01166,0.0,5.54e-06,2.01e-08,0.0,4.64,2.74,0.031,1.27,0.00744,1.49,1.0,0.0,0.1944,0.1932,0.1932,0.1668,41.67,58.37,83.42,122.1,161.0,175.2
2021-08-19,0.0,0.0,181.5,0.0,0.0,-66.92,-0.01188,0.0,5.52e-06,2.0e-08,0.0,4.93,2.88,0.0309,1.37,0.00706,1.46,1.0,0.0,0.1943,0.1932,0.1932,0.1668,41.69,58.39,83.44,122.1,161.1,175.2
2021-08-20,0.0,0.0,181.5,0.0,0.0,-66.95,-0.01208,0.0,5.49e-06,2.0e-08,0.0,4.76,2.75,0.0279,1.34,0.00674,1.44,1.0,0.0,0.1942,0.1932,0.1932,0.1667,41.71,58.4,83.46,122.1,161.1,175.3
2021-08-21,0.0,0.0,181.5,0.0,0.0,-66.99,-0.01229,0.0,5.47e-06,1.99e-08,0.0,5.18,2.96,0.0285,1.49,0.00644,1.41,1.0,0.0,0.1941,0.1932,0.1932,0.1667,41.72,58.42,83.48,122.2,161.1,175.3
2021-08-22,0.0,0.0,181.4,0.0,0.0,-67.02,-0.01247,0.0,5.45e-06,1.98e-08,0.0,4.96,2.8,0.0256,1.45,0.00618,1.39,1.0,0.0,0.194,0.1932,0.1932,0.1667,41.74,58.44,83.49,122.2,161.1,175.3
2021-08-23,21.0,0.0,200.8,0.0,18.93,-53.88,0.09953,0.0,5.44e-06,7.64e-05,0.0,3.86,2.16,0.71,1.14,0.897,1.36,1.0,0.0025,0.2343,0.1932,0.1931,0.1667,22.33,39.03,64.09,102.8,141.7,155.9
2021-08-24,0.0,0.0,199.0,0.0,17.07,-54.17,0.0891,0.0,5.42e-06,1.09e-05,0.0,3.83,2.12,0.847,1.14,0.96,1.35,1.0,0.00124,0.2652,0.1932,0.1931,0.1667,24.13,40.83,65.88,104.6,143.5,157.8
2021-08-25,0.0,0.0,197.0,0.0,15.07,-55.31,0.07773,0.0,5.41e-06,3.2e-06,0.0,4.07,2.23,0.927,1.23,1.04,1.33,1.0,9.5e-05,0.2583,0.1932,0.1931,0.1667,26.08,42.78,67.84,106.5,145.5,159.7
2021-08-26,0.0,0.0,194.9,0.0,12.89,-56.76,0.06527,0.0,5.39e-06,1.32e-06,0.0,4.77,2.59,0.936,1.46,1.22,1.31,1.0,0.00273,0.2517,0.1932,0.1931,0.1666,28.24,44.93,69.98,108.7,147.7,161.9
2021-08-27,0.9,0.0,194.6,0.0,12.62,-57.16,0.06388,0.0,5.38e-06,7.25e-07,0.0,2.82,1.52,0.446,0.87,0.696,1.29,1.0,0.00137,0.2479,0.1932,0.1931,0.1666,28.49,45.16,70.22,108.9,147.9,162.1
2021-08-28,5.7,0.0,198.9,0.0,16.88,-54.71,0.08849,0.0,5.37e-06,6.29e-06,0.0,3.31,1.77,0.632,1.03,0.809,1.28,1.0,0.00278,0.2453,0.1933,0.1931,0.1666,24.25,40.89,65.95,104.7,143.6,157.9
2021-08-29,0.0,0.0,197.1,0.0,15.01,-55.32,0.07778,0.0,5.36e-06,3.12e-06,0.0,3.92,2.08,0.823,1.23,1.03,1.26,1.0,8.19e-05,0.2503,0.1935,0.1931,0.1666,26.14,42.74,67.79,106.5,145.5,159.7
2021-08-30,0.2,0.0,195.4,0.0,13.35,-56.37,0.06824,0.0,5.35e-06,1.22e-06,0.0,4.18,2.2,0.742,1.33,1.11,1.24,1.0,0.00228,0.2472,0.1937,0.1931,0.1666,27.83,44.38,69.44,108.1,147.1,161.4
2021-08-31,0.8,0.0,194.7,0.0,12.64,-57.0,0.06418,0.0,5.34e-06,7.48e-07,0.0,3.83,2.0,0.537,1.23,0.965,1.23,1.0,0.00106,0.2458,0.1941,0.1931,0.1666,28.57,45.07,70.13,108.8,147.8,162.1
2021-09-01,0.0,0.0,193.2,0.0,11.16,-57.8,0.05563,0.0,5.32e-06,4.62e-07,0.0,4.06,2.1,0.466,1.32,1.02,1.21,1.0,0.00106,0.2419,0.1946,0.1931,0.1666,30.1,46.54,71.6,110.3,149.3,163.5
2021-09-02,0.0,0.0,191.9,0.0,9.801,-58.65,0.04782,0.0,5.31e-06,2.56e-07,0.0,3.98,2.04,0.411,1.3,0.941,1.2,1.0,0.000366,0.238,0.1951,0.1931,0.1666,31.49,47.89,72.95,111.7,150.7,164.9
2021-09-03,0.0,0.0,190.7,0.0,8.617,-59.38,0.04104,0.0,5.3e-06,1.59e-07,0.0,3.82,1.94,0.357,1.26,0.818,1.18,1.0,0.000294,0.2348,0.1957,0.1931,0.1666,32.7,49.05,74.11,112.8,151.9,166.1
2021-09-04,0.2,0.0,189.9,0.0,7.869,-59.94,0.03673,0.0,5.29e-06,1.14e-07,0.0,3.4,1.71,0.29,1.13,0.656,1.17,1.0,0.000407,0.2321,0.1963,0.1931,0.1666,33.48,49.79,74.85,113.6,152.6,166.8
2021-09-05,0.0,0.0,189.0,0.0,6.893,-60.47,0.0311,0.0,5.29e-06,8.99e-08,0.0,3.96,1.98,0.314,1.33,0.662,1.15,1.0,0.000288,0.2294,0.1969,0.1931,0.1666,34.48,50.76,75.82,114.5,153.6,167.8
2021-09-06,0.0,0.0,188.2,0.0,6.098,-60.85,0.02652,0.0,5.28e-06,7.18e-08,0.0,3.86,1.91,0.286,1.31,0.508,1.14,1.0,0.00023,0.2271,0.1974,0.1931,0.1665,35.3,51.55,76.6,115.3,154.4,168.6
2021-09-07,0.0,0.0,187.6,0.0,5.545,-61.17,0.02309,0.0,5.27e-06,6.16e-08,0.0,3.77,1.85,0.263,1.29,0.332,1.12,1.0,0.000189,0.2249,0.1979,0.1931,0.1665,35.91,52.14,77.19,115.9,155.0,169.2
2021-09-08,0.0,0.0,187.2,0.0,5.223,-61.49,0.02081,0.0,5.26e-06,5.51e-08,0.0,3.75,1.82,0.246,1.29,0.148,1.11,1.0,0.000208,0.223,0.1982,0.1931,0.1665,36.32,52.52,77.58,116.3,155.3,169.6
2021-09-09,0.0,0.0,186.9,0.0,4.918,-61.79,0.01907,0.0,5.25e-06,5.05e-08,0.0,3.88,1.87,0.239,1.35,0.0629,1.1,1.0,0.000218,0.2212,0.1985,0.1931,0.1665,36.63,52.82,77.87,116.6,155.6,169.9
2021-09-10,0.0,0.0,186.6,0.0,4.635,-62.07,0.01744,0.0,5.24e-06,4.68e-08,0.0,3.86,1.84,0.224,1.35,0.057,1.08,1.0,0.000195,0.2196,0.1988,0.1932,0.1665,36.91,53.1,78.15,116.9,155.9,170.2
2021-09-11,0.0,0.0,186.3,0.0,4.378,-62.31,0.01596,0.0,5.23e-06,4.37e-08,0.0,3.69,1.74,0.202,1.3,0.0551,1.07,1.0,0.000178,0.2182,0.199,0.1932,0.1665,37.17,53.35,78.4,117.1,156.2,170.4
2021-09-12,0.0,0.0,186.1,0.0,4.129,-62.55,0.01452,0.0,5.23e-06,4.12e-08,0.0,3.81,1.79,0.198,1.36,0.0522,1.05,1.0,0.000159,0.2168,0.1991,0.1932,0.1665,37.42,53.59,78.64,117.4,156.4,170.7
2021-09-13,0.0,0.0,185.9,0.0,3.884,-62.79,0.0131,0.0,5.22e-06,3.9e-08,0.0,4.01,1.86,0.197,1.44,0.0491,1.04,1.0,0.00014,0.2155,0.1991,0.1932,0.1665,37.66,53.84,78.88,117.6,156.7,170.9
2021-09-14,0.0,0.0,185.6,0.0,3.656,-63.0,0.01178,0.0,5.21e-06,3.71e-08,0.0,3.96,1.82,0.183,1.44,0.046,1.02,1.0,0.000123,0.2143,0.1992,0.1932,0.1665,37.89,54.06,79.11,117.8,156.9,171.1
2021-09-15,0.0,0.0,185.4,0.0,3.473,-63.17,0.01073,0.0,5.2e-06,3.54e-08,0.0,3.19,1.45,0.139,1.17,0.043,1.01,1.0,0.000107,0.2133,0.1992,0.1932,0.1665,38.07,54.24,79.28,118.0,157.1,171.3
2021-09-16,21.6,0.0,205.9,0.0,23.77,-49.16,0.1286,0.0,5.2e-06,9.94e-05,0.0,2.39,1.07,0.445,0.879,0.737,0.997,1.0,0.000264,0.2771,0.1993,0.1933,0.1665,17.65,33.82,58.86,97.6,136.7,150.9
2021-09-17,0.3,0.0,204.5,0.0,22.41,-49.13,0.1208,0.0,5.19e-06,1.92e-05,0.0,2.97,1.33,0.642,1.1,1.01,0.985,1.0,0.00164,0.2894,0.1993,0.1933,0.1665,19.01,35.17,60.21,98.95,138.0,152.3
2021-09-18,3.9,0.0,206.8,0.0,24.66,-47.37,0.1338,0.0,5.19e-06,1.73e-05,0.0,2.86,1.26,0.671,1.07,0.982,0.974,1.0,0.0024,0.2907,0.1993,0.1933,0.1665,16.81,32.92,57.96,96.7,135.8,150.0
2021-09-19,2.5,0.0,207.7,0.0,25.63,-46.29,0.1394,0.0,5.18e-06,1.64e-05,0.0,2.55,1.12,0.613,0.959,0.912,0.964,1.0,0.00124,0.2943,0.1998,0.1933,0.1665,16.04,31.95,56.98,95.72,134.8,149.0
2021-09-20,3.7,0.0,209.8,0.0,27.66,-44.5,0.1511,0.0,5.18e-06,2.17e-05,0.0,2.72,1.19,0.698,1.03,0.977,0.956,1.0,0.00222,0.3002,0.2018,0.1934,0.1665,14.36,29.92,54.95,93.69,132.8,147.0
2021-09-21,2.7,0.0,211.0,0.0,28.85,-43.26,0.1581,0.0,5.17e-06,2.12e-05,0.0,2.33,1.01,0.638,0.885,0.863,0.948,1.0,0.00141,0.3035,0.2074,0.1934,0.1665,13.65,28.72,53.75,92.49,131.6,145.8
2021-09-22,0.0,0.0,209.2,0.0,27.06,-44.15,0.1477,0.0,5.17e-06,1.31e-05,0.0,2.76,1.19,0.765,1.05,1.03,0.94,1.0,2.93e-05,0.2976,0.217,0.1934,0.1665,16.02,30.51,55.53,94.28,133.4,147.6
2021-09-23,0.0,0.0,207.2,0.0,25.13,-45.47,0.1366,0.0,5.17e-06,6.51e-06,0.0,2.93,1.26,0.822,1.12,1.1,0.932,1.0,0.00121,0.2878,0.2267,0.1935,0.1665,18.47,32.43,57.45,96.19,135.3,149.5
2021-09-24,0.0,0.0,205.1,0.0,22.97,-47.09,0.1242,0.0,5.16e-06,3.59e-06,0.0,3.27,1.39,0.922,1.26,1.23,0.923,1.0,0.00265,0.2777,0.2323,0.1935,0.1665,20.98,34.59,59.6,98.34,137.4,151.7
2021-09-25,0.0,0.0,203.3,0.0,21.19,-48.44,0.114,0.0,5.16e-06,1.97e-06,0.0,2.78,1.17,0.748,1.08,1.02,0.914,1.0,0.00149,0.2695,0.2345,0.1936,0.1664,22.98,36.38,61.37,100.1,139.2,153.4
2021-09-26,52.5,0.0,241.1,0.0,58.96,-15.87,0.3322,13.1,5.15e-06,0.00127,0.0,2.95,1.24,0.794,1.15,1.15,0.905,1.0,0.327,0.3991,0.314,0.1937,0.1664,-9.133,-1.373,23.57,62.32,101.4,115.7
2021-09-27,0.0,0.0,239.4,0.0,57.15,-16.18,0.3221,0.0,5.15e-06,0.000351,0.0,2.26,0.943,0.868,0.885,0.885,0.898,1.0,0.00246,0.3648,0.3341,0.2061,0.1664,-0.8164,2.684,25.32,64.07,103.2,117.4
2021-09-28,0.1,0.0,237.3,0.0,54.99,-17.51,0.3101,0.0,5.15e-06,0.000126,0.0,2.69,1.11,1.11,1.06,1.06,0.89,1.0,0.00129,0.3474,0.3262,0.262,0.1664,3.496,7.408,27.39,66.13,105.2,119.5
2021-09-29,0.0,0.0,235.1,0.0,52.78,-19.09,0.2977,0.0,5.14e-06,6.58e-05,0.0,2.67,1.1,1.1,1.05,1.05,0.881,1.0,0.000774,0.3346,0.3185,0.2753,0.1664,6.697,11.24,29.53,68.28,107.4,121.6
2021-09-30,7.3,0.0,240.7,0.0,58.32,-14.81,0.3299,0.0,5.14e-06,0.000109,0.0,2.13,0.871,0.871,0.846,0.846,0.874,1.0,0.000909,0.3515,0.314,0.2788,0.1664,1.879,6.797,23.95,62.69,101.8,116.0
2021-10-01,0.1,0.0,239.0,0.0,56.55,-15.61,0.32,0.0,5.13e-06,8.74e-05,0.0,2.27,0.92,0.92,0.902,0.902,0.867,1.0,4.4e-05,0.3406,0.3184,0.282,0.1664,5.06,9.593,25.67,64.41,103.5,117.8
2021-10-02,0.0,0.0,237.1,0.0,54.65,-16.96,0.3092,0.0,5.13e-06,5.15e-05,0.0,2.34,0.943,0.943,0.934,0.934,0.861,1.0,6.74e-05,0.3303,0.3153,0.2852,0.1664,7.705,12.49,27.58,66.29,105.4,119.6
2021-10-03,0.1,0.0,235.2,0.0,52.66,-18.52,0.2979,0.0,5.13e-06,3.41e-05,0.0,2.56,1.03,1.03,1.03,1.03,0.854,1.0,4.87e-05,0.3213,0.3102,0.2853,0.1664,9.956,15.2,29.63,68.25,107.3,121.6
2021-10-04,5.3,0.0,238.8,0.0,56.22,-16.42,0.3186,0.0,5.13e-06,4.25e-05,0.0,2.13,0.848,0.848,0.859,0.859,0.846,1.0,0.00144,0.3266,0.3059,0.2842,0.1664,6.531,12.17,26.23,64.65,103.7,118.0
2021-10-05,0.3,0.0,237.7,0.0,55.13,-16.53,0.3124,0.0,5.12e-06,4.42e-05,0.0,1.71,0.677,0.677,0.693,0.693,0.84,1.0,0.000374,0.3273,0.3062,0.2834,0.1664,8.116,13.74,27.57,65.72,104.8,119.1
2021-10-06,5.6,0.0,241.5,0.0,58.91,-13.94,0.3345,0.0,5.12e-06,5.99e-05,0.0,2.22,0.876,0.876,0.903,0.903,0.834,1.0,0.00106,0.3351,0.3062,0.2831,0.1665,4.748,10.37,24.05,61.89,101.0,115.3
2021-10-07,22.8,0.0,263.0,0.563,80.37,4.856,0.4585,0.0,5.12e-06,0.000693,0.0,0.981,0.385,0.358,0.399,0.399,0.831,1.0,-0.00235,0.4083,0.3443,0.2864,0.1666,-12.54,-10.24,2.894,40.42,79.52,93.78
2021-10-08,1.0,0.0,263.6,0.0,80.99,7.345,0.4623,0.0,5.12e-06,0.000721,0.0,1.14,0.447,0.447,0.466,0.466,0.827,1.0,0.000695,0.3837,0.3653,0.3299,0.1669,-5.759,-5.936,2.606,39.76,78.87,93.12
2021-10-09,0.0,0.0,262.4,0.0,79.72,6.865,0.4551,0.0,5.12e-06,0.000319,0.0,1.56,0.609,0.609,0.638,0.638,0.824,1.0,0.00133,0.3683,0.3573,0.3354,0.1675,-1.774,-1.273,4.97,41.01,80.12,94.37
2021-10-10,0.1,0.0,261.3,0.0,78.59,6.173,0.4487,0.0,5.11e-06,0.000195,0.0,1.5,0.584,0.584,0.615,0.615,0.821,1.0,0.000602,0.3581,0.3498,0.333,0.1697,0.7215,1.932,7.828,42.11,81.21,95.47
2021-10-11,0.0,0.0,260.0,0.0,77.25,5.246,0.4413,0.0,5.11e-06,0.000137,0.0,1.62,0.629,0.629,0.665,0.665,0.818,1.0,0.000369,0.3499,0.3433,0.3293,0.1824,2.823,4.652,10.77,43.4,82.51,96.76
2021-10-12,0.0,0.0,258.5,0.0,75.75,4.107,0.4328,0.0,5.11e-06,0.0001,0.0,1.84,0.709,0.709,0.755,0.755,0.814,1.0,0.000212,0.3424,0.3374,0.3252,0.2054,4.703,7.104,13.64,44.86,83.97,98.23
2021-10-13,0.0,0.0,257.1,0.0,74.31,2.969,0.4247,0.0,5.11e-06,7.49e-05,0.0,1.76,0.68,0.68,0.727,0.727,0.811,1.0,0.000119,0.336,0.3321,0.3212,0.2209,6.307,9.231,16.23,46.27,85.38,99.63
2021-10-14,0.0,0.0,255.9,0.0,73.0,1.926,0.4174,0.0,5.11e-06,5.79e-05,0.0,1.59,0.61,0.61,0.654,0.654,0.808,1.0,6.88e-05,0.3306,0.3273,0.3175,0.2301,7.657,11.04,18.5,47.53,86.64,100.9
2021-10-15,0.0,0.0,254.5,0.0,71.63,0.8191,0.4097,0.0,5.1e-06,4.63e-05,0.0,1.67,0.639,0.639,0.689,0.689,0.805,1.0,0.00153,0.3255,0.323,0.3139,0.2356,8.951,12.77,20.67,48.86,87.97,102.2
2021-10-16,0.0,0.0,253.2,0.0,70.31,-0.2802,0.4022,0.0,5.1e-06,3.74e-05,0.0,1.64,0.627,0.627,0.68,0.68,0.802,1.0,0.00487,0.3207,0.319,0.3106,0.2391,10.15,14.36,22.69,50.16,89.27,103.5
2021-10-17,0.0,0.0,251.9,0.0,68.95,-1.413,0.3945,0.0,5.1e-06,3.05e-05,0.0,1.68,0.639,0.639,0.696,0.696,0.799,1.0,0.00404,0.3161,0.3152,0.3075,0.2412,11.3,15.89,24.63,51.5,90.6,104.9
2021-10-18,0.0,0.0,250.5,0.0,67.52,-2.614,0.3864,0.0,5.1e-06,2.51e-05,0.0,1.77,0.672,0.672,0.737,0.737,0.795,1.0,0.00323,0.3116,0.3115,0.3044,0.2423,12.46,17.41,26.55,52.93,92.0,106.3
2021-10-19,0.0,0.0,249.1,0.0,66.06,-3.843,0.3782,0.0,5.1e-06,2.07e-05,0.0,1.8,0.68,0.68,0.75,0.75,0.791,1.0,0.00263,0.3072,0.308,0.3015,0.2429,13.58,18.88,28.41,54.41,93.43,107.7
2021-10-20,0.0,0.0,247.6,0.0,64.56,-5.118,0.3696,0.0,5.09e-06,1.71e-05,0.0,1.86,0.701,0.701,0.779,0.779,0.787,1.0,0.00217,0.3029,0.3045,0.2987,0.243,14.71,20.34,30.25,55.97,94.91,109.2
2021-10-21,0.0,0.0,246.6,0.0,63.51,-6.024,0.3637,0.0,5.09e-06,1.42e-05,0.0,1.29,0.484,0.484,0.542,0.542,0.783,1.0,0.00182,0.2997,0.3016,0.2963,0.2431,15.47,21.39,31.62,57.13,95.93,110.2
2021-10-22,0.0,0.0,245.7,0.0,62.65,-6.779,0.3588,0.0,5.09e-06,1.23e-05,0.0,1.07,0.4,0.4,0.45,0.45,0.779,1.0,0.00149,0.2971,0.299,0.2941,0.243,16.1,22.27,32.79,58.13,96.78,111.0
2021-10-23,0.6,0.0,245.5,0.0,62.39,-7.259,0.3575,0.0,5.09e-06,1.12e-05,0.0,1.05,0.392,0.392,0.443,0.443,0.776,1.0,0.00325,0.295,0.2967,0.2921,0.2428,16.11,22.51,33.3,58.54,97.01,111.3
2021-10-24,0.1,0.0,244.7,0.0,61.54,-7.892,0.3526,0.0,5.09e-06,1.04e-05,0.0,1.18,0.44,0.44,0.499,0.499,0.773,1.0,0.00127,0.2934,0.2945,0.2901,0.2425,16.69,23.31,34.38,59.57,97.85,112.1
2021-10-25,0.0,0.0,243.7,0.0,60.61,-8.628,0.3474,0.0,5.09e-06,9.28e-06,0.0,1.15,0.427,0.427,0.486,0.486,0.771,1.0,0.000834,0.2914,0.2925,0.2882,0.242,17.37,24.18,35.51,60.69,98.76,113.0
2021-10-26,0.0,0.0,243.2,0.0,60.07,-9.079,0.3443,0.0,5.09e-06,8.26e-06,0.0,0.663,0.245,0.245,0.28,0.28,0.769,1.0,0.000726,0.2899,0.2909,0.2867,0.2417,17.76,24.73,36.26,61.41,99.29,113.5
2021-10-27,0.0,0.0,242.1,0.0,58.96,-10.0,0.338,0.0,5.08e-06,7.64e-06,0.0,1.38,0.509,0.509,0.584,0.584,0.766,1.0,0.000628,0.2871,0.2889,0.2849,0.2411,18.56,25.73,37.51,62.7,100.4,114.6
2021-10-28,0.0,0.0,241.1,0.0,57.9,-10.9,0.332,0.0,5.08e-06,6.72e-06,0.0,1.32,0.485,0.485,0.559,0.559,0.764,1.0,0.0006,0.2843,0.287,0.2832,0.2405,19.3,26.67,38.69,63.94,101.4,115.7
2021-10-29,0.0,0.0,240.1,0.0,56.86,-11.78,0.3261,0.0,5.08e-06,5.94e-06,0.0,1.29,0.473,0.473,0.547,0.547,0.761,1.0,0.000549,0.2816,0.285,0.2816,0.2398,20.02,27.58,39.83,65.15,102.4,116.7
2021-10-30,0.0,0.0,239.1,0.0,55.87,-12.63,0.3204,0.0,5.08e-06,5.29e-06,0.0,1.24,0.455,0.455,0.529,0.529,0.759,1.0,0.000503,0.279,0.2831,0.28,0.2392,20.71,28.46,40.92,66.32,103.4,117.7
2021-10-31,0.4,0.0,239.1,0.0,55.86,-12.88,0.3204,0.0,5.08e-06,4.8e-06,0.0,0.51,0.186,0.186,0.217,0.217,0.757,1.0,0.00244,0.2779,0.2817,0.2789,0.2387,20.57,28.45,41.07,66.5,103.4,117.7
2021-11-01,14.7,0.0,252.8,0.263,69.59,-3.67,0.3999,0.0,5.08e-06,5.37e-05,0.0,0.857,0.312,0.312,0.365,0.365,0.755,1.0,-0.00417,0.3135,0.2802,0.2776,0.2382,6.607,14.63,27.42,52.92,89.67,103.9
2021-11-02,0.0,0.0,252.1,0.0,68.88,-2.386,0.3958,0.0,5.08e-06,6.58e-05,0.0,1.22,0.444,0.444,0.522,0.522,0.751,1.0,0.000798,0.3297,0.2856,0.2762,0.2376,7.719,15.22,28.2,53.79,90.37,104.6
2021-11-03,3.9,0.0,255.3,0.0,71.99,-0.01136,0.4138,0.0,5.08e-06,5.22e-05,0.0,0.984,0.356,0.356,0.421,0.421,0.748,1.0,0.000374,0.3333,0.2959,0.2768,0.237,5.542,12.19,25.15,50.83,87.25,101.5
2021-11-04,0.7,0.0,255.0,0.0,71.72,0.453,0.4123,0.0,5.08e-06,5.29e-05,0.0,1.22,0.441,0.441,0.524,0.524,0.746,1.0,0.00105,0.3322,0.3035,0.2799,0.2363,6.81,12.74,25.48,51.25,87.51,101.8
2021-11-05,0.0,0.0,254.3,0.0,70.99,0.2042,0.4082,0.0,5.07e-06,3.85e-05,0.0,0.908,0.327,0.327,0.389,0.389,0.744,1.0,0.00337,0.327,0.3068,0.2843,0.2358,8.379,13.96,26.28,52.11,88.23,102.5
2021-11-06,7.7,0.0,261.4,0.0383,78.13,5.335,0.4495,0.0,5.07e-06,7.71e-05,0.0,0.655,0.235,0.235,0.281,0.281,0.742,1.0,0.00294,0.3448,0.3086,0.2879,0.2355,2.013,7.371,19.28,45.11,81.08,95.34
2021-11-07,6.0,0.0,266.8,0.0,83.48,10.51,0.4804,0.0,5.07e-06,0.000169,0.0,0.861,0.309,0.309,0.37,0.37,0.74,1.0,0.000796,0.3622,0.3223,0.2923,0.2354,-1.381,2.726,14.09,39.89,75.72,89.98
2021-11-08,6.5,0.0,272.8,0.0739,89.53,16.23,0.5154,0.0,5.07e-06,0.000261,0.0,0.462,0.165,0.165,0.199,0.199,0.739,1.0,0.00217,0.3743,0.339,0.3041,0.2357,-4.286,-1.807,8.291,33.97,69.65,83.92
2021-11-09,1.8,0.0,274.3,0.0,90.98,18.39,0.5239,0.0,5.07e-06,0.000268,0.0,0.517,0.185,0.185,0.222,0.222,0.738,1.0,0.000474,0.369,0.3479,0.3195,0.2366,-2.419,-0.9028,7.257,32.64,68.19,82.45
2021-11-10,0.1,0.0,273.8,0.0,90.49,18.55,0.5211,0.0,5.07e-06,0.000193,0.0,0.74,0.264,0.264,0.319,0.319,0.736,1.0,2.06e-05,0.3599,0.3468,0.3263,0.2391,0.1808,1.727,8.549,33.25,68.67,82.93
2021-11-11,0.1,0.0,273.2,0.0,89.85,18.26,0.5175,0.0,5.07e-06,0.000141,0.0,0.927,0.33,0.33,0.4,0.4,0.734,1.0,1.64e-05,0.3525,0.343,0.3273,0.2448,2.056,3.936,10.26,34.01,69.3,83.56
2021-11-12,0.0,0.0,272.5,0.0,89.11,17.81,0.5132,0.0,5.07e-06,0.00011,0.0,0.938,0.333,0.333,0.405,0.405,0.731,1.0,0.00365,0.3464,0.3391,0.3262,0.2518,3.604,5.848,12.11,34.89,70.04,84.3
2021-11-13,3.6,0.0,275.2,0.0,91.82,19.69,0.529,0.0,5.07e-06,0.000116,0.0,1.11,0.394,0.394,0.481,0.481,0.729,1.0,0.000649,0.3507,0.3366,0.3243,0.2576,1.531,4.012,10.41,32.33,67.31,81.57
2021-11-14,19.2,0.0,293.4,0.552,110.0,35.41,0.6341,0.0,5.07e-06,0.000686,0.0,0.575,0.203,0.191,0.249,0.249,0.727,1.0,0.00205,0.4079,0.3646,0.3299,0.262,-12.58,-12.64,-6.822,14.35,49.1,63.36
2021-11-15,22.8,0.0,315.6,0.673,132.2,57.02,0.7625,0.0,5.07e-06,0.00307,0.0,0.648,0.228,0.167,0.281,0.281,0.725,1.0,-0.00178,0.4363,0.4172,0.3901,0.2689,-19.28,-24.72,-26.72,-7.594,26.88,41.14
2021-11-16,11.3,0.0,327.0,0.25,143.6,68.84,0.8281,0.0,5.07e-06,0.00385,0.0,0.508,0.179,0.138,0.221,0.221,0.723,1.0,-2.35e-05,0.4284,0.4183,0.405,0.3302,-17.21,-22.89,-28.35,-18.51,15.52,29.78
2021-11-17,0.3,0.0,327.1,0.0,143.7,70.21,0.8289,0.0,5.07e-06,0.0023,0.0,0.506,0.178,0.175,0.22,0.22,0.722,1.0,9.46e-05,0.4057,0.4027,0.3951,0.353,-11.12,-15.3,-19.75,-15.64,15.37,29.62
2021-11-18,0.0,0.0,326.6,0.0,143.2,70.2,0.8258,0.0,5.07e-06,0.00123,0.0,0.696,0.244,0.244,0.303,0.303,0.72,1.0,0.00255,0.3927,0.3907,0.3844,0.3531,-7.872,-10.86,-13.86,-10.43,15.92,30.17
2021-11-19,0.2,0.0,326.2,0.0,142.8,70.1,0.8234,0.0,5.07e-06,0.000831,0.0,0.778,0.272,0.272,0.339,0.339,0.718,1.0,0.00267,0.3842,0.3822,0.3765,0.3501,-5.782,-7.922,-9.828,-6.059,16.33,30.58
2021-11-20,0.1,0.0,325.7,0.0,142.3,69.88,0.8206,0.0,5.07e-06,0.000625,0.0,0.757,0.264,0.264,0.33,0.33,0.716,1.0,0.00144,0.3774,0.3756,0.3704,0.3467,-4.083,-5.569,-6.618,-2.333,16.84,31.07
2021-11-21,0.2,0.0,325.2,0.0,141.8,69.61,0.8178,0.0,5.07e-06,0.000499,0.0,0.862,0.301,0.301,0.376,0.376,0.715,1.0,0.000887,0.3718,0.3702,0.3654,0.3434,-2.728,-3.674,-4.006,0.8284,17.42,31.55
2021-11-22,8.3,0.0,333.0,0.109,149.5,75.89,0.8627,0.0,5.07e-06,0.000622,0.0,0.54,0.188,0.188,0.236,0.236,0.713,1.0,0.00169,0.3915,0.3745,0.3643,0.3407,-8.537,-9.866,-9.947,-4.643,10.24,23.78
2021-11-23,0.8,0.0,333.4,0.0,149.9,77.17,0.8649,0.0,5.07e-06,0.000716,0.0,0.665,0.231,0.231,0.29,0.29,0.712,1.0,0.00141,0.384,0.3777,0.3689,0.341,-5.877,-7.531,-8.193,-2.985,10.7,23.39
2021-11-24,0.1,0.0,333.0,0.0,149.5,77.2,0.8628,0.0,5.07e-06,0.000565,0.0,0.586,0.204,0.204,0.256,0.256,0.711,1.0,0.000283,0.3764,0.3731,0.3667,0.3422,-3.889,-5.11,-5.558,-0.5873,11.99,23.75
2021-11-25,13.1,0.0,345.4,0.369,161.9,87.69,0.9345,0.0,5.13e-06,0.000969,0.0,0.415,0.144,0.137,0.182,0.182,0.711,1.0,0.00117,0.408,0.3865,0.3709,0.3425,-12.56,-15.04,-15.9,-11.03,0.5389,11.34
2021-11-26,0.4,0.0,345.6,0.0,162.0,89.11,0.9354,0.0,5.54e-06,0.00116,0.0,0.777,0.27,0.27,0.34,0.34,0.71,1.0,0.00162,0.393,0.3882,0.3794,0.3488,-8.006,-10.71,-12.87,-9.195,1.371,11.18
2021-11-27,0.1,0.0,345.1,0.0,161.6,89.08,0.9329,0.0,8.22e-06,0.000817,0.0,0.699,0.242,0.242,0.306,0.306,0.708,1.0,0.00059,0.3835,0.381,0.3751,0.3525,-5.606,-7.622,-9.338,-6.389,2.86,11.63
2021-11-28,1.9,0.0,346.5,0.0,162.9,90.28,0.9406,0.0,2.69e-05,0.000702,0.0,0.708,0.245,0.245,0.31,0.31,0.707,1.0,0.000399,0.3818,0.3769,0.3712,0.3526,-5.491,-7.106,-8.324,-5.451,2.658,10.28
2021-11-29,0.3,0.0,346.3,0.0,162.8,90.51,0.9399,0.0,0.000174,0.000635,0.0,0.548,0.19,0.19,0.24,0.24,0.707,1.0,0.000194,0.3766,0.3739,0.3689,0.3521,-3.979,-5.292,-6.198,-3.288,3.999,10.42
2021-11-30,0.0,0.0,345.7,0.0,162.1,90.17,0.9362,0.0,0.00115,0.000552,0.0,0.809,0.279,0.279,0.355,0.355,0.707,1.0,0.000219,0.371,0.3698,0.3658,0.3514,-2.476,-3.392,-3.896,-0.8705,5.825,11.05
2021-12-01,0.0,0.0,345.1,0.0,161.6,89.78,0.9329,0.0,0.00489,0.000482,0.0,0.72,0.248,0.248,0.316,0.316,0.705,1.0,0.000107,0.3664,0.3658,0.3626,0.3502,-1.345,-1.872,-1.956,1.255,7.475,11.62
2021-12-02,8.1,0.0,352.7,0.125,169.1,95.77,0.9767,0.0,0.0128,0.000608,0.0,0.484,0.167,0.167,0.212,0.212,0.705,1.0,0.0019,0.3869,0.3702,0.3622,0.3492,-7.486,-8.407,-8.373,-4.997,0.7666,4.035
2021-12-03,8.2,0.0,360.5,0.133,176.9,103.2,1.022,0.0,0.0239,0.00105,0.0,0.475,0.164,0.161,0.209,0.209,0.705,1.0,-0.000981,0.4019,0.3858,0.3729,0.351,-10.92,-13.35,-14.6,-11.63,-6.381,-3.761
2021-12-04,0.3,0.0,360.4,0.0,176.9,104.1,1.021,0.0,0.0356,0.00109,0.0,0.622,0.214,0.214,0.273,0.273,0.704,1.0,0.002,0.3898,0.3856,0.3784,0.3579,-7.224,-9.691,-11.87,-10.17,-5.803,-3.671
2021-12-05,2.5,0.0,362.4,0.0,178.8,105.9,1.033,0.0,0.0471,0.000957,0.0,0.615,0.212,0.212,0.27,0.27,0.704,1.0,-0.00336,0.3883,0.3826,0.3767,0.3619,-7.166,-9.345,-11.4,-10.49,-7.295,-5.638
2021-12-06,0.3,0.0,362.2,0.0,178.7,106.2,1.032,0.0,0.0629,0.000913,0.0,0.516,0.178,0.178,0.227,0.227,0.704,1.0,0.000101,0.3821,0.3798,0.3754,0.3642,-5.33,-7.24,-9.187,-8.753,-6.626,-5.47
2021-12-07,0.0,0.0,361.7,0.0,178.1,105.9,1.028,0.0,0.0831,0.000833,0.0,0.635,0.219,0.219,0.279,0.279,0.703,1.0,6.68e-05,0.3763,0.3758,0.3728,0.3654,-3.824,-5.347,-7.003,-6.832,-5.584,-4.888
2021-12-08,4.4,0.0,365.5,0.0,181.9,109.0,1.051,0.0,0.106,0.000884,0.0,0.54,0.186,0.186,0.237,0.237,0.703,1.0,-7.23e-05,0.3845,0.3764,0.3719,0.366,-6.553,-8.132,-9.665,-9.648,-9.074,-8.758
2021-12-09,2.5,0.0,367.6,0.0,184.0,111.2,1.063,0.0,0.128,0.00101,0.0,0.35,0.121,0.121,0.154,0.154,0.703,1.0,0.000554,0.3861,0.3798,0.3747,0.3679,-6.69,-8.598,-10.51,-10.88,-10.88,-10.86
2021-12-10,3.6,0.0,370.7,0.0,187.1,114.0,1.08,0.0,0.148,0.00113,0.0,0.476,0.164,0.164,0.209,0.209,0.703,1.0,-0.000443,0.39,0.3826,0.3773,0.3706,-7.731,-9.919,-12.2,-13.1,-13.7,-13.93
2021-12-11,1.4,0.0,371.5,0.0,188.0,115.2,1.085,0.0,0.169,0.0012,0.0,0.494,0.17,0.17,0.217,0.217,0.703,1.0,-0.00105,0.3869,0.3833,0.3792,0.3737,-6.684,-8.947,-11.54,-13.05,-14.3,-14.77
2021-12-12,0.0,0.0,370.8,0.0,187.2,114.9,1.081,0.0,0.193,0.00117,0.0,0.666,0.229,0.229,0.293,0.293,0.702,1.0,0.00221,0.3808,0.3806,0.3784,0.3759,-4.922,-6.937,-9.5,-11.43,-13.33,-14.06
2021-12-13,0.0,0.0,370.0,0.0,186.4,114.3,1.076,0.0,0.22,0.00111,0.0,0.803,0.276,0.276,0.353,0.353,0.701,1.0,-0.000974,0.376,0.3773,0.3764,0.3767,-3.709,-5.403,-7.74,-9.854,-12.24,-13.21
2021-12-14,0.1,0.0,369.3,0.0,185.7,113.7,1.072,0.0,0.246,0.00108,0.0,0.722,0.248,0.248,0.318,0.318,0.7,1.0,-0.00434,0.3727,0.3745,0.3745,0.3769,-2.935,-4.365,-6.472,-8.635,-11.35,-12.49
2021-12-15,0.0,0.0,368.5,0.0,184.9,113.0,1.068,0.0,0.266,0.00105,0.0,0.584,0.2,0.2,0.257,0.257,0.7,1.0,-0.00275,0.3702,0.3725,0.373,0.3768,-2.295,-3.522,-5.445,-7.601,-10.51,-11.77
2021-12-16,0.1,0.0,367.9,0.0,184.3,112.5,1.064,0.0,0.279,0.00103,0.0,0.586,0.201,0.201,0.258,0.258,0.699,1.0,-0.00123,0.3683,0.3708,0.3717,0.3766,-1.857,-2.924,-4.689,-6.803,-9.807,-11.13
2021-12-17,0.1,0.0,367.1,0.0,183.5,111.8,1.06,0.0,0.286,0.001,0.0,0.746,0.255,0.255,0.329,0.329,0.698,1.0,0.000615,0.3666,0.3695,0.3707,0.3761,-1.396,-2.329,-3.953,-5.99,-9.012,-10.35
2021-12-18,0.1,0.0,366.5,0.0,182.9,111.2,1.056,0.0,0.289,0.000979,0.0,0.577,0.197,0.197,0.254,0.254,0.697,1.0,0.00234,0.3653,0.3683,0.3698,0.3757,-1.098,-1.915,-3.417,-5.371,-8.37,-9.716
2021-12-19,0.0,0.0,365.6,0.0,182.0,110.4,1.051,0.0,0.288,0.000956,0.0,0.759,0.259,0.259,0.335,0.335,0.696,1.0,0.00362,0.3636,0.3672,0.3689,0.3751,-0.6409,-1.349,-2.728,-4.574,-7.507,-8.835
2021-12-20,0.0,0.0,364.6,0.0,181.1,109.5,1.045,0.0,0.285,0.000926,0.0,0.864,0.295,0.295,0.382,0.382,0.695,1.0,0.0047,0.3619,0.3659,0.3679,0.3745,-0.1974,-0.7832,-2.028,-3.744,-6.579,-7.878
2021-12-21,0.0,0.0,364.0,0.0,180.5,108.9,1.042,0.0,0.28,0.000895,0.0,0.421,0.144,0.144,0.186,0.186,0.695,1.0,0.00556,0.3611,0.3649,0.3671,0.3738,-0.05215,-0.5378,-1.669,-3.267,-6.005,-7.272
2021-12-22,0.2,0.0,363.7,0.0,180.1,108.5,1.04,0.0,0.275,0.000875,0.0,0.341,0.116,0.116,0.151,0.151,0.695,1.0,0.00555,0.3611,0.3643,0.3664,0.3732,-0.1272,-0.5555,-1.594,-3.074,-5.704,-6.934
2021-12-23,0.0,0.0,363.2,0.0,179.6,108.0,1.037,0.0,0.27,0.000859,0.0,0.358,0.122,0.122,0.158,0.158,0.695,1.0,0.00521,0.3607,0.3639,0.366,0.3726,0.04343,-0.3477,-1.318,-2.684,-5.2,-6.389
2021-12-24,0.1,0.0,362.6,0.0,179.0,107.5,1.034,0.0,0.264,0.000841,0.0,0.544,0.185,0.185,0.24,0.24,0.694,1.0,0.00484,0.36,0.3634,0.3655,0.372,0.206,-0.1307,-1.021,-2.268,-4.661,-5.803
2021-12-25,12.1,0.0,373.7,0.285,190.2,116.3,1.098,0.0,0.258,0.00111,0.0,0.494,0.168,0.166,0.218,0.218,0.694,1.0,0.00474,0.3959,0.3752,0.3685,0.3716,-9.803,-11.23,-12.44,-13.61,-15.88,-16.98
2021-12-26,7.2,0.0,380.6,0.136,197.0,123.2,1.137,0.0,0.252,0.00172,0.0,0.372,0.126,0.123,0.164,0.164,0.693,1.0,-0.000279,0.4058,0.3939,0.3848,0.3761,-11.76,-15.04,-18.3,-20.34,-22.71,-23.79
2021-12-27,7.9,0.0,387.9,0.155,204.3,130.2,1.18,0.0,0.256,0.00236,0.0,0.396,0.135,0.124,0.175,0.175,0.693,1.0,4.83e-05,0.4136,0.4041,0.396,0.3854,-13.63,-17.94,-22.85,-26.63,-29.88,-31.11
2021-12-28,0.2,0.0,387.6,0.0,204.0,130.9,1.178,0.0,0.297,0.00248,0.0,0.387,0.131,0.131,0.171,0.171,0.692,1.0,0.00219,0.4005,0.3999,0.3969,0.3933,-9.861,-13.8,-19.06,-24.36,-29.16,-30.86
2021-12-29,0.0,0.0,386.7,0.0,203.1,130.3,1.173,0.0,0.397,0.00225,0.0,0.733,0.249,0.249,0.325,0.325,0.691,1.0,0.00169,0.3924,0.3939,0.393,0.3951,-7.775,-11.13,-15.94,-21.64,-27.61,-29.89
2021-12-30,0.1,0.0,385.7,0.0,202.1,129.6,1.167,0.0,0.509,0.00215,0.0,0.663,0.225,0.225,0.294,0.294,0.69,1.0,-0.00147,0.3874,0.3897,0.3899,0.3954,-6.575,-9.522,-13.95,-19.73,-26.33,-28.96
2021-12-31,0.1,0.0,384.6,0.0,201.0,128.6,1.161,0.0,0.581,0.00208,0.0,0.78,0.264,0.264,0.346,0.346,0.688,1.0,-0.00456,0.3838,0.3868,0.3877,0.3951,-5.659,-8.321,-12.48,-18.22,-25.07,-27.86
2022-01-01,0.1,0.0,383.4,0.0,199.8,-1.137,1.154,0.0,0.616,0.00202,0.0,0.898,0.265,0.265,0.424,0.424,0.583,0.0491,0.00336,0.3812,0.3848,0.3863,0.3948,-4.708,-7.178,-11.16,-16.85,-23.8,-26.66
2022-01-02,0.1,0.0,382.3,0.0,198.7,-0.3192,1.147,0.0,0.63,0.00195,0.0,0.823,0.246,0.246,0.387,0.387,0.592,0.0569,0.000425,0.3785,0.3827,0.3848,0.3942,-4.063,-6.328,-10.11,-15.68,-22.62,-25.5
2022-01-03,0.1,0.0,381.2,0.0,197.6,2.042,1.141,0.0,0.628,0.00187,0.0,0.725,0.219,0.219,0.339,0.339,0.6,0.0639,0.000675,0.3766,0.381,0.3834,0.3934,-3.621,-5.717,-9.307,-14.72,-21.56,-24.41
2022-01-04,0.1,0.0,380.1,0.0,196.5,1.069,1.135,0.0,0.616,0.0018,0.0,0.703,0.215,0.215,0.327,0.327,0.608,0.071,0.000746,0.3751,0.3796,0.3822,0.3925,-3.254,-5.215,-8.637,-13.87,-20.56,-23.35
2022-01-05,30.7,0.0,408.9,0.914,225.3,3.332,1.301,0.0,0.598,0.00461,0.0,0.926,0.286,0.0,0.429,0.429,0.617,0.0779,0.000915,0.4463,0.4335,0.4181,0.3985,-21.22,-28.39,-36.19,-42.66,-49.36,-52.11
2022-01-06,14.1,0.0,422.5,0.411,239.0,3.242,1.38,0.0,0.727,0.00965,0.0,0.382,0.118,0.0131,0.177,0.177,0.617,0.0779,-0.000174,0.44,0.4362,0.4319,0.4291,-20.0,-27.56,-38.0,-50.29,-61.71,-65.78
2022-01-07,0.7,0.0,421.1,0.0,237.5,2.711,1.371,0.0,2.19,0.00995,0.0,0.541,0.167,0.117,0.25,0.25,0.617,0.0779,-0.000766,0.4196,0.4227,0.4236,0.434,-14.43,-20.68,-30.2,-43.58,-58.35,-64.32
2022-01-08,0.5,0.0,417.6,0.0,234.0,2.541,1.351,0.0,3.54,0.00906,0.0,0.571,0.176,0.157,0.264,0.264,0.617,0.0779,0.00281,0.4116,0.4158,0.418,0.4321,-12.4,-17.97,-26.75,-39.77,-54.7,-60.85
2022-01-09,2.1,0.0,416.0,0.0,232.4,2.597,1.342,0.0,3.42,0.00817,0.0,0.454,0.14,0.12,0.21,0.21,0.617,0.0779,0.0033,0.4111,0.4136,0.4155,0.4295,-12.5,-17.85,-26.25,-38.78,-53.23,-59.2
2022-01-10,7.8,0.0,420.3,0.138,236.7,2.923,1.367,0.0,3.09,0.00829,0.0,0.406,0.126,0.0613,0.188,0.188,0.617,0.0779,-0.000464,0.4233,0.4208,0.4197,0.4299,-15.86,-21.9,-30.81,-43.4,-57.66,-63.51
2022-01-11,0.3,0.0,417.2,0.0,233.6,2.792,1.349,0.0,3.15,0.00863,0.0,0.55,0.171,0.149,0.254,0.254,0.618,0.0795,-0.00107,0.4124,0.4163,0.4181,0.4311,-12.61,-18.23,-26.99,-39.81,-54.4,-60.39
2022-01-12,0.2,0.0,413.8,0.0,230.2,2.682,1.329,0.0,3.22,0.00779,0.0,0.477,0.148,0.148,0.221,0.221,0.618,0.0795,0.00773,0.4067,0.4113,0.4139,0.4285,-11.2,-16.34,-24.52,-36.85,-51.12,-57.01
2022-01-13,0.1,0.0,410.5,0.0,226.9,2.568,1.31,0.0,2.91,0.00687,0.0,0.618,0.191,0.191,0.286,0.286,0.618,0.0795,0.00757,0.4027,0.4077,0.4106,0.4256,-10.12,-14.9,-22.61,-34.35,-48.06,-53.72
2022-01-14,0.2,0.0,407.4,0.0,223.8,3.288,1.292,0.0,2.55,0.00606,0.0,0.993,0.311,0.311,0.457,0.457,0.627,0.0864,0.00501,0.3993,0.4048,0.4078,0.4226,-9.124,-13.6,-20.89,-32.06,-45.18,-50.6
2022-01-15,0.0,0.0,404.4,0.0,220.8,4.542,1.275,0.0,2.24,0.00536,0.0,0.959,0.306,0.306,0.437,0.437,0.64,0.0963,0.00312,0.3958,0.4017,0.4049,0.4198,-8.248,-12.42,-19.28,-29.89,-42.43,-47.61
2022-01-16,0.1,0.0,401.8,0.0,218.2,7.478,1.26,0.0,1.97,0.00477,0.0,0.933,0.302,0.302,0.423,0.423,0.652,0.105,0.00191,0.3933,0.399,0.4023,0.417,-7.635,-11.54,-18.02,-28.08,-40.07,-45.01
2022-01-17,0.0,0.0,399.3,0.0,215.7,6.886,1.245,0.0,1.75,0.00429,0.0,0.958,0.317,0.317,0.43,0.43,0.668,0.116,0.00113,0.3907,0.3966,0.4,0.4145,-6.975,-10.64,-16.77,-26.33,-37.79,-42.51
2022-01-18,0.1,0.0,397.2,0.0,213.6,9.798,1.233,0.0,1.56,0.00389,0.0,0.825,0.274,0.274,0.369,0.369,0.675,0.121,0.00068,0.3888,0.3944,0.3978,0.4121,-6.585,-10.04,-15.84,-24.93,-35.88,-40.4
2022-01-19,0.1,0.0,395.3,0.0,211.7,9.748,1.223,0.0,1.41,0.00356,0.0,0.674,0.225,0.225,0.301,0.301,0.676,0.122,0.000406,0.3874,0.3927,0.396,0.4099,-6.294,-9.571,-15.1,-23.75,-34.23,-38.57
2022-01-20,0.7,0.0,394.2,0.0,210.7,9.855,1.216,0.0,1.28,0.00331,0.0,0.649,0.218,0.218,0.289,0.289,0.68,0.124,0.000231,0.3877,0.3918,0.3946,0.4079,-6.488,-9.67,-14.99,-23.26,-33.32,-37.47
2022-01-21,0.1,0.0,392.8,0.0,209.2,9.739,1.208,0.0,1.18,0.00311,0.0,0.518,0.173,0.173,0.231,0.231,0.68,0.124,0.00702,0.3862,0.3907,0.3936,0.4064,-6.098,-9.178,-14.33,-22.3,-31.99,-36.0
2022-01-22,0.1,0.0,391.1,0.0,207.5,7.994,1.198,0.0,1.09,0.00293,0.0,0.921,0.311,0.311,0.409,0.409,0.686,0.128,0.00666,0.3844,0.3895,0.3923,0.4049,-5.455,-8.404,-13.36,-21.04,-30.41,-34.29
2022-01-23,0.0,0.0,389.5,0.0,205.9,8.253,1.189,0.0,1.02,0.00274,0.0,0.705,0.239,0.239,0.312,0.312,0.69,0.131,0.00563,0.3824,0.3876,0.3907,0.4033,-5.037,-7.806,-12.53,-19.9,-28.97,-32.72
2022-01-24,0.1,0.0,388.1,0.0,204.5,8.173,1.181,0.0,0.96,0.00258,0.0,0.712,0.241,0.241,0.315,0.315,0.69,0.131,0.00475,0.3811,0.3862,0.3893,0.4018,-4.733,-7.359,-11.87,-18.94,-27.68,-31.3
2022-01-25,0.0,0.0,386.7,0.0,203.1,8.193,1.173,0.0,0.9,0.00243,0.0,0.63,0.214,0.214,0.279,0.279,0.691,0.132,0.00384,0.3797,0.3848,0.3879,0.4003,-4.408,-6.899,-11.22,-17.98,-26.41,-29.91
2022-01-26,0.1,0.0,385.3,0.0,201.7,8.33,1.165,0.0,0.845,0.0023,0.0,0.835,0.285,0.285,0.369,0.369,0.695,0.134,0.00309,0.3785,0.3837,0.3867,0.3988,-4.023,-6.396,-10.53,-17.01,-25.13,-28.51
2022-01-27,0.1,0.0,383.8,0.0,200.2,11.13,1.156,0.0,0.795,0.00217,0.0,0.966,0.333,0.333,0.424,0.424,0.706,0.141,0.00249,0.377,0.3824,0.3855,0.3974,-3.576,-5.818,-9.763,-15.97,-23.8,-27.06
2022-01-28,0.1,0.0,382.3,0.0,198.8,9.475,1.148,0.0,0.75,0.00205,0.0,1.07,0.373,0.373,0.466,0.466,0.716,0.147,0.00206,0.3744,0.3809,0.3841,0.396,-3.104,-5.204,-8.955,-14.89,-22.43,-25.57
2022-01-29,0.0,0.0,380.8,0.0,197.2,10.32,1.139,0.0,0.707,0.00193,0.0,1.07,0.38,0.38,0.462,0.462,0.731,0.156,0.00173,0.3716,0.3794,0.3827,0.3946,-2.597,-4.543,-8.089,-13.74,-20.99,-24.02
2022-01-30,0.0,0.0,379.1,0.0,195.6,11.46,1.129,0.0,0.668,0.00182,0.0,1.24,0.45,0.45,0.528,0.528,0.753,0.169,0.00145,0.3692,0.3778,0.3813,0.3931,-2.013,-3.801,-7.137,-12.5,-19.46,-22.38
2022-01-31,0.1,0.0,378.0,0.0,194.4,12.56,1.123,0.0,0.63,0.00172,0.0,0.788,0.291,0.291,0.333,0.333,0.769,0.179,0.00121,0.3687,0.3761,0.3798,0.3916,-1.947,-3.573,-6.69,-11.76,-18.42,-21.22
2022-02-01,0.0,0.0,376.7,0.0,193.1,13.73,1.115,0.0,0.594,0.00163,0.0,0.858,0.324,0.324,0.357,0.357,0.791,0.191,0.00097,0.3676,0.3751,0.3786,0.3901,-1.652,-3.173,-6.113,-10.9,-17.26,-19.95
2022-02-02,0.0,0.0,375.1,0.0,191.5,15.02,1.106,0.0,0.56,0.00154,0.0,1.35,0.525,0.525,0.552,0.552,0.822,0.207,0.000756,0.365,0.374,0.3775,0.3888,-0.9703,-2.375,-5.144,-9.665,-15.73,-18.31
2022-02-03,0.0,0.0,373.7,0.0,190.1,18.46,1.098,0.0,0.529,0.00145,0.0,1.01,0.408,0.408,0.406,0.406,0.858,0.225,0.000617,0.3637,0.3722,0.3761,0.3874,-0.6679,-1.905,-4.465,-8.713,-14.5,-16.96
2022-02-04,0.0,0.0,372.6,0.0,189.0,18.11,1.092,0.0,0.5,0.00138,0.0,0.762,0.314,0.314,0.301,0.301,0.883,0.237,0.000506,0.3632,0.3709,0.3748,0.386,-0.5502,-1.656,-4.023,-7.993,-13.49,-15.85
2022-02-05,0.0,0.0,371.5,0.0,187.9,19.1,1.085,0.0,0.473,0.00131,0.0,0.83,0.348,0.348,0.323,0.323,0.906,0.248,0.000398,0.3623,0.37,0.3737,0.3846,-0.3293,-1.333,-3.536,-7.24,-12.45,-14.7
2022-02-06,0.0,0.0,370.2,0.0,186.6,20.02,1.077,0.0,0.448,0.00125,0.0,1.07,0.456,0.456,0.408,0.408,0.932,0.26,0.000308,0.3607,0.369,0.3726,0.3833,0.08886,-0.8072,-2.853,-6.306,-11.25,-13.39
2022-02-07,0.0,0.0,368.8,0.0,185.2,20.71,1.07,0.0,0.425,0.00118,0.0,1.11,0.484,0.484,0.42,0.42,0.954,0.27,0.000245,0.3591,0.3677,0.3715,0.382,0.4915,-0.2656,-2.139,-5.343,-10.02,-12.06
2022-02-08,0.0,0.0,367.2,0.0,183.6,21.78,1.06,0.0,0.403,0.00112,0.0,1.46,0.652,0.652,0.539,0.539,0.989,0.285,0.000199,0.3566,0.3657,0.3703,0.3807,1.121,0.5355,-1.159,-4.11,-8.524,-10.47
2022-02-09,0.0,0.0,365.7,0.0,182.1,24.95,1.052,0.0,0.383,0.00106,0.0,1.37,0.635,0.635,0.496,0.496,1.03,0.303,0.000165,0.3547,0.3633,0.3688,0.3794,1.614,1.213,-0.2726,-2.96,-7.108,-8.951
2022-02-10,0.0,0.0,364.3,0.0,180.8,26.66,1.044,0.0,0.364,0.001,0.0,1.21,0.576,0.576,0.425,0.425,1.08,0.321,0.000136,0.3533,0.3617,0.3673,0.378,1.943,1.721,0.4451,-1.968,-5.844,-7.586
2022-02-11,0.5,0.0,363.3,0.0,179.8,26.3,1.038,0.0,0.346,0.000952,0.0,1.39,0.679,0.679,0.474,0.474,1.12,0.338,0.000162,0.3526,0.3602,0.366,0.3766,1.931,1.872,0.7888,-1.349,-4.947,-6.585
2022-02-12,2.7,0.0,365.0,0.0,181.4,30.29,1.048,0.0,0.328,0.000929,0.0,0.83,0.41,0.41,0.282,0.282,1.13,0.343,0.000575,0.3597,0.3609,0.3652,0.3752,-0.4822,-0.5997,-1.539,-3.412,-6.732,-8.266
2022-02-13,0.1,0.0,364.0,0.0,180.4,28.72,1.042,0.0,0.311,0.000919,0.0,0.984,0.488,0.488,0.332,0.332,1.14,0.346,0.0,0.3596,0.3628,0.366,0.3743,0.2425,-0.03983,-1.038,-2.735,-5.801,-7.234
2022-02-14,2.7,0.0,365.8,0.0,182.3,30.81,1.052,0.0,0.296,0.000915,0.0,0.671,0.336,0.336,0.225,0.225,1.16,0.351,0.00159,0.3655,0.3641,0.3662,0.3737,-1.854,-2.261,-3.278,-4.861,-7.731,-9.078
2022-02-15,12.2,0.0,376.8,0.208,193.2,40.0,1.116,0.0,0.284,0.00129,0.0,0.905,0.457,0.426,0.3,0.3,1.17,0.357,0.00466,0.4,0.3804,0.3727,0.3739,-10.78,-12.71,-14.44,-16.05,-18.78,-20.06
2022-02-16,0.2,0.0,376.0,0.0,192.4,39.55,1.111,0.0,0.277,0.00153,0.0,1.16,0.602,0.602,0.377,0.377,1.21,0.372,0.00132,0.3878,0.3862,0.3831,0.3789,-6.74,-9.294,-12.45,-15.02,-17.95,-19.21
2022-02-17,0.0,0.0,374.4,0.0,190.8,39.95,1.102,0.0,0.283,0.00138,0.0,1.58,0.848,0.848,0.494,0.494,1.28,0.395,-0.00227,0.3788,0.381,0.3809,0.3819,-4.451,-6.52,-9.555,-12.69,-16.17,-17.59
2022-02-18,0.1,0.0,372.9,0.0,189.4,40.57,1.093,0.0,0.31,0.00129,0.0,1.4,0.771,0.771,0.423,0.423,1.33,0.414,-0.00518,0.3734,0.3767,0.3774,0.3823,-3.137,-4.785,-7.453,-10.68,-14.57,-16.18
2022-02-19,0.0,0.0,371.4,0.0,187.8,44.52,1.084,0.0,0.337,0.00123,0.0,1.41,0.805,0.805,0.405,0.405,1.41,0.44,0.000464,0.3691,0.3732,0.3749,0.3819,-2.035,-3.343,-5.661,-8.816,-12.91,-14.63
2022-02-20,0.1,0.0,369.9,0.0,186.3,44.22,1.076,0.0,0.354,0.00118,0.0,1.46,0.865,0.865,0.399,0.399,1.5,0.468,0.00669,0.3656,0.3702,0.3725,0.3811,-1.208,-2.223,-4.21,-7.22,-11.34,-13.11
2022-02-21,0.2,0.0,368.6,0.0,185.1,46.05,1.069,0.0,0.359,0.00112,0.0,1.23,0.75,0.75,0.321,0.321,1.57,0.491,7.11e-05,0.3636,0.368,0.3707,0.3801,-0.7391,-1.544,-3.267,-6.076,-10.12,-11.88
2022-02-22,0.0,0.0,367.0,0.0,183.5,47.39,1.059,0.0,0.355,0.00107,0.0,1.43,0.894,0.894,0.359,0.359,1.64,0.512,8.64e-05,0.3608,0.3659,0.369,0.3789,-0.005197,-0.6034,-2.072,-4.659,-8.553,-10.28
2022-02-23,0.0,0.0,365.2,0.0,181.6,48.96,1.049,0.0,0.345,0.00101,0.0,1.72,1.11,1.11,0.41,0.41,1.72,0.537,8.96e-05,0.3577,0.3635,0.3669,0.3777,0.7831,0.4284,-0.7556,-3.059,-6.756,-8.414
2022-02-24,0.0,0.0,363.7,0.0,180.1,53.26,1.04,0.0,0.333,0.000951,0.0,1.31,0.865,0.865,0.298,0.298,1.8,0.561,8.86e-05,0.3558,0.3616,0.3653,0.3761,1.239,1.067,0.107,-1.893,-5.343,-6.918
2022-02-25,11.9,0.0,373.6,0.11,190.0,60.89,1.097,0.0,0.318,0.00115,0.0,1.74,1.17,1.16,0.385,0.385,1.85,0.576,0.00491,0.3899,0.3703,0.3663,0.3748,-8.518,-9.493,-10.49,-12.19,-15.37,-16.85
2022-02-26,4.3,0.0,376.8,0.0,193.2,67.66,1.116,0.0,0.303,0.00146,0.0,1.01,0.679,0.679,0.221,0.221,1.86,0.58,0.000656,0.3934,0.3844,0.3782,0.3768,-8.659,-11.02,-13.49,-15.62,-18.67,-20.06
2022-02-27,0.0,0.0,375.7,0.0,192.1,64.51,1.109,0.0,0.295,0.00144,0.0,0.942,0.637,0.637,0.204,0.204,1.88,0.585,0.00167,0.3845,0.3837,0.3812,0.3806,-5.932,-8.253,-11.24,-14.13,-17.5,-18.92
2022-02-28,0.0,0.0,374.2,0.0,190.6,63.31,1.1,0.0,0.307,0.00136,0.0,1.36,0.926,0.926,0.291,0.291,1.9,0.591,-0.00702,0.3777,0.3793,0.3789,0.382,-4.233,-6.136,-8.885,-12.03,-15.83,-17.39
2022-03-01,0.0,0.0,372.8,0.0,189.3,61.77,1.093,0.0,0.331,0.00128,0.0,1.1,0.75,0.75,0.236,0.236,1.9,0.591,-0.00409,0.3734,0.3758,0.3765,0.3819,-3.158,-4.727,-7.19,-10.33,-14.38,-16.07
2022-03-02,0.0,0.0,371.0,0.0,187.4,63.81,1.082,0.0,0.35,0.00123,0.0,1.7,1.17,1.17,0.358,0.358,1.94,0.601,0.0018,0.3687,0.3723,0.3738,0.3806,-1.981,-3.2,-5.307,-8.3,-12.43,-14.19
2022-03-03,0.0,0.0,369.1,0.0,185.6,61.95,1.071,0.0,0.358,0.00116,0.0,1.63,1.14,1.14,0.331,0.331,1.99,0.617,0.00515,0.365,0.3692,0.3714,0.3794,-1.068,-1.984,-3.772,-6.527,-10.6,-12.37
2022-03-04,3.0,0.0,370.6,0.0,187.0,64.12,1.08,0.0,0.356,0.00113,0.0,1.28,0.901,0.901,0.256,0.256,2.02,0.625,0.00133,0.3709,0.369,0.3702,0.3783,-3.187,-4.078,-5.689,-8.214,-12.13,-13.86
2022-03-05,0.1,0.0,369.3,0.0,185.8,63.69,1.073,0.0,0.347,0.00112,0.0,1.15,0.811,0.811,0.23,0.23,2.02,0.626,0.00295,0.3689,0.3701,0.3709,0.3778,-2.084,-3.079,-4.752,-7.162,-10.91,-12.57
2022-03-06,0.0,0.0,368.0,0.0,184.4,62.76,1.065,0.0,0.336,0.00107,0.0,1.11,0.783,0.783,0.222,0.222,2.02,0.626,0.00511,0.3657,0.3686,0.3702,0.3773,-1.259,-2.109,-3.691,-6.009,-9.625,-11.23
2022-03-07,0.0,0.0,366.5,0.0,182.9,61.63,1.056,0.0,0.327,0.00103,0.0,1.33,0.931,0.931,0.264,0.264,2.02,0.626,0.00593,0.3627,0.3665,0.3686,0.3764,-0.5062,-1.151,-2.526,-4.672,-8.156,-9.717
2022-03-08,0.0,0.0,365.1,0.0,181.5,60.69,1.048,0.0,0.318,0.000972,0.0,1.17,0.819,0.819,0.233,0.233,2.02,0.626,0.000407,0.3605,0.3646,0.3672,0.3754,0.0494,-0.4137,-1.589,-3.532,-6.842,-8.346
2022-03-09,0.0,0.0,363.1,0.0,179.6,60.23,1.037,0.0,0.308,0.000925,0.0,1.83,1.29,1.29,0.359,0.359,2.05,0.634,4.37e-05,0.3571,0.362,0.365,0.3737,0.8965,0.6882,-0.1833,-1.836,-4.949,-6.383
2022-03-10,0.0,0.0,361.1,0.0,177.5,60.57,1.025,0.0,0.297,0.000863,0.0,1.92,1.37,1.37,0.366,0.366,2.09,0.648,4.57e-05,0.354,0.3594,0.3628,0.372,1.683,1.734,1.17,-0.1364,-2.995,-4.345
2022-03-11,0.0,0.0,359.4,0.0,175.8,60.4,1.015,0.0,0.283,0.000802,0.0,1.56,1.12,1.12,0.292,0.292,2.12,0.655,3.99e-05,0.3518,0.3574,0.361,0.3705,2.221,2.473,2.156,1.156,-1.403,-2.65
2022-03-12,0.0,0.0,357.9,0.0,174.3,62.63,1.007,0.0,0.268,0.000751,0.0,1.34,0.969,0.969,0.25,0.25,2.14,0.66,3.08e-05,0.3502,0.3558,0.3596,0.369,2.622,3.031,2.926,2.227,-0.02536,-1.163
2022-03-13,0.0,0.0,356.2,0.0,172.6,61.46,0.9967,0.0,0.253,0.000706,0.0,1.62,1.17,1.17,0.299,0.299,2.15,0.665,0.00038,0.3481,0.3539,0.3579,0.3673,3.159,3.755,3.903,3.537,1.589,0.5641
2022-03-14,0.0,0.0,354.3,0.0,170.7,59.92,0.9857,0.0,0.239,0.000661,0.0,1.84,1.34,1.34,0.329,0.329,2.2,0.678,0.00272,0.3456,0.3518,0.3559,0.3654,3.768,4.575,5.004,5.017,3.385,2.475
2022-03-15,0.0,0.0,352.3,0.0,168.8,60.65,0.9745,0.0,0.225,0.000614,0.0,1.88,1.4,1.4,0.327,0.327,2.25,0.695,0.00479,0.3432,0.3496,0.354,0.3635,4.368,5.39,6.103,6.497,5.207,4.418
2022-03-16,0.1,0.0,350.8,0.0,167.2,62.16,0.9656,0.0,0.211,0.000569,0.0,1.55,1.17,1.17,0.259,0.259,2.32,0.716,0.00565,0.3418,0.3479,0.3524,0.3618,4.672,5.856,6.796,7.528,6.611,5.949
2022-03-17,0.0,0.0,349.2,0.0,165.6,63.14,0.9565,0.0,0.198,0.000532,0.0,1.52,1.15,1.15,0.245,0.245,2.38,0.733,0.00546,0.3404,0.3465,0.3509,0.36,5.067,6.397,7.558,8.628,8.073,7.54
2022-03-18,0.0,0.0,347.8,0.0,164.2,63.68,0.948,0.0,0.185,0.000497,0.0,1.39,1.06,1.06,0.218,0.218,2.42,0.745,0.00483,0.3391,0.3452,0.3496,0.3584,5.389,6.85,8.209,9.596,9.403,8.999
2022-03-19,0.0,0.0,346.0,0.0,162.4,63.59,0.9379,0.0,0.173,0.000466,0.0,1.72,1.33,1.33,0.266,0.266,2.45,0.755,0.00394,0.3372,0.3434,0.3479,0.3565,5.866,7.5,9.112,10.87,11.04,10.76
2022-03-20,0.0,0.0,344.2,0.0,160.6,65.05,0.9273,0.0,0.162,0.000434,0.0,1.81,1.4,1.4,0.276,0.276,2.47,0.764,0.00335,0.3351,0.3415,0.3461,0.3546,6.381,8.204,10.08,12.22,12.75,12.6
2022-03-21,0.0,0.0,342.3,0.0,158.7,62.55,0.9165,0.0,0.151,0.000402,0.0,1.86,1.44,1.44,0.279,0.279,2.49,0.77,0.00287,0.333,0.3396,0.3443,0.3526,6.904,8.921,11.07,13.58,14.48,14.47
2022-03-22,0.0,0.0,340.3,0.0,156.7,62.07,0.905,0.0,0.141,0.000372,0.0,1.99,1.55,1.55,0.294,0.294,2.52,0.779,0.00242,0.3307,0.3375,0.3423,0.3506,7.477,9.701,12.13,15.04,16.33,16.45
2022-03-23,0.0,0.0,337.9,0.0,154.3,61.65,0.8912,0.0,0.132,0.000343,0.0,2.44,1.92,1.92,0.353,0.353,2.56,0.793,0.00206,0.3276,0.3349,0.3399,0.3482,8.24,10.73,13.51,16.88,18.6,18.85
2022-03-24,0.0,0.0,335.1,0.0,151.5,61.44,0.8748,0.0,0.123,0.000312,0.0,2.91,2.3,2.3,0.405,0.405,2.62,0.812,0.00183,0.3239,0.3317,0.337,0.3454,9.173,11.98,15.18,19.08,21.28,21.68
2022-03-25,0.0,0.0,332.2,0.0,148.6,61.21,0.8579,0.0,0.113,0.00028,0.0,3.02,2.41,2.41,0.407,0.407,2.67,0.832,0.00164,0.3201,0.3284,0.3341,0.3426,10.12,13.25,16.88,21.33,24.05,24.61
2022-03-26,0.0,0.0,329.5,0.0,145.9,60.79,0.8425,0.0,0.104,0.000249,0.0,2.74,2.2,2.2,0.36,0.36,2.72,0.849,0.00142,0.3169,0.3255,0.3315,0.34,10.92,14.34,18.34,23.3,26.54,27.27
2022-03-27,0.0,0.0,327.2,0.0,143.6,62.15,0.8294,0.0,0.0944,0.000223,0.0,2.33,1.88,1.88,0.3,0.3,2.75,0.863,0.00117,0.3144,0.3231,0.3294,0.3376,11.55,15.2,19.51,24.91,28.64,29.55
2022-03-28,0.0,0.0,324.6,0.0,141.0,59.66,0.8144,0.0,0.0859,0.000203,0.0,2.68,2.18,2.18,0.338,0.338,2.79,0.877,0.000953,0.3113,0.3205,0.3269,0.335,12.31,16.22,20.9,26.81,31.07,32.15
2022-03-29,0.0,0.0,322.0,0.0,138.4,58.78,0.7994,0.0,0.0782,0.000182,0.0,2.67,2.18,2.18,0.33,0.33,2.82,0.89,0.000872,0.3083,0.3178,0.3244,0.3324,13.06,17.23,22.27,28.69,33.47,34.73
2022-03-30,11.3,0.0,331.6,0.285,148.0,66.07,0.8546,0.0,0.0707,0.000216,0.0,1.48,1.21,1.21,0.181,0.181,2.84,0.899,0.00308,0.3383,0.3172,0.3232,0.3307,2.401,6.621,11.83,18.57,23.74,25.18
2022-03-31,43.7,0.0,372.5,2.32,188.9,105.9,1.091,0.0,0.0646,0.00345,0.0,1.08,0.887,0.525,0.131,0.131,2.85,0.906,-0.00236,0.4463,0.4303,0.3906,0.3299,-21.37,-28.0,-29.62,-22.85,-17.35,-15.75
2022-04-01,0.8,0.0,373.8,0.0,190.2,109.2,1.098,0.0,0.0597,0.00381,0.0,2.24,1.84,1.68,0.269,0.269,2.86,0.912,0.184,0.4102,0.4078,0.4007,0.372,-12.33,-17.03,-22.43,-23.18,-18.75,-17.05
2022-04-02,0.0,0.0,371.9,0.0,188.4,107.8,1.088,0.0,0.0599,0.00178,0.0,1.92,1.58,1.58,0.23,0.23,2.87,0.916,0.00273,0.3949,0.3943,0.3902,0.377,-8.517,-11.88,-16.0,-17.92,-16.45,-15.18
2022-04-03,2.7,0.0,372.8,0.0,189.3,107.9,1.093,0.0,0.0832,0.00144,0.0,1.83,1.51,1.51,0.218,0.218,2.88,0.92,-0.00059,0.3926,0.3887,0.3845,0.3763,-8.3,-11.1,-14.44,-16.34,-16.49,-16.07
2022-04-04,0.5,0.0,371.4,0.0,187.8,108.1,1.084,0.0,0.131,0.00132,0.0,1.94,1.6,1.6,0.23,0.23,2.89,0.923,0.000188,0.385,0.3839,0.381,0.3759,-6.144,-8.482,-11.37,-13.26,-14.36,-14.61
2022-04-05,0.0,0.0,368.5,0.0,184.9,104.3,1.068,0.0,0.177,0.00116,0.0,2.91,2.4,2.4,0.343,0.343,2.9,0.93,0.00211,0.3763,0.3773,0.3759,0.3745,-3.92,-5.612,-7.833,-9.479,-11.05,-11.69
2022-04-06,0.0,0.0,365.6,0.0,182.0,102.3,1.051,0.0,0.208,0.00101,0.0,2.78,2.3,2.3,0.324,0.324,2.91,0.938,-0.00198,0.3697,0.3716,0.3713,0.3726,-2.279,-3.406,-5.011,-6.317,-8.054,-8.86
2022-04-07,0.1,0.0,362.6,0.0,179.1,100.2,1.034,0.0,0.223,0.0009,0.0,3.03,2.5,2.5,0.351,0.351,2.92,0.945,-0.00311,0.3641,0.3665,0.367,0.3702,-0.905,-1.533,-2.556,-3.422,-5.048,-5.878
2022-04-08,0.6,0.0,360.7,0.0,177.1,99.08,1.022,0.0,0.222,0.000807,0.0,2.5,2.07,2.07,0.287,0.287,2.94,0.954,-0.00174,0.3613,0.3629,0.3638,0.3681,-0.3545,-0.6334,-1.222,-1.692,-3.107,-3.893
2022-04-09,8.6,0.0,366.1,0.0027,182.5,103.4,1.054,0.0,0.215,0.000912,0.0,3.1,2.57,2.57,0.355,0.355,2.95,0.958,0.00281,0.3825,0.3671,0.3629,0.3656,-6.623,-7.268,-7.643,-7.639,-8.681,-9.35
2022-04-10,1.6,0.0,364.9,0.0,181.3,105.0,1.047,0.0,0.202,0.000981,0.0,2.78,2.3,2.3,0.317,0.317,2.95,0.961,-0.000531,0.3784,0.3728,0.368,0.3654,-4.734,-5.937,-6.908,-6.86,-7.587,-8.129
2022-04-11,0.0,0.0,361.8,0.0,178.2,101.2,1.029,0.0,0.19,0.00087,0.0,3.05,2.53,2.53,0.347,0.347,2.96,0.965,0.00211,0.3698,0.3693,0.3671,0.3656,-2.337,-3.217,-4.119,-4.087,-4.636,-5.06
2022-04-12,0.0,0.0,358.6,0.0,175.0,98.73,1.011,0.0,0.18,0.00076,0.0,3.23,2.68,2.68,0.366,0.366,2.96,0.97,-0.00222,0.3628,0.3641,0.3636,0.3643,-0.5698,-0.9512,-1.41,-1.123,-1.482,-1.827
2022-04-13,0.0,0.0,355.7,0.0,172.1,96.5,0.994,0.0,0.173,0.000668,0.0,2.85,2.37,2.37,0.322,0.322,2.97,0.974,-0.0012,0.3575,0.3597,0.3602,0.3624,0.7479,0.798,0.796,1.443,1.313,1.041
2022-04-14,0.0,0.0,352.5,0.0,168.9,93.87,0.9752,0.0,0.166,0.000597,0.0,3.28,2.72,2.72,0.369,0.369,2.97,0.978,-8.97e-05,0.3522,0.3552,0.3564,0.3598,2.062,2.551,3.065,4.214,4.45,4.302
2022-04-15,0.0,0.0,349.0,0.0,165.4,92.52,0.9549,0.0,0.155,0.000526,0.0,3.55,2.95,2.95,0.398,0.398,2.98,0.982,0.000777,0.347,0.3507,0.3526,0.3568,3.362,4.295,5.353,7.091,7.802,7.808
2022-04-16,0.2,0.0,346.1,0.0,162.5,88.61,0.9385,0.0,0.143,0.000459,0.0,3.07,2.56,2.56,0.344,0.344,2.98,0.986,0.00122,0.3433,0.347,0.3493,0.354,4.201,5.499,7.013,9.289,10.47,10.65
2022-04-17,0.1,0.0,343.9,0.0,160.3,86.73,0.9258,0.0,0.13,0.000409,0.0,2.29,1.91,1.91,0.257,0.257,2.98,0.987,0.00119,0.3409,0.3445,0.347,0.3517,4.836,6.381,8.224,10.93,12.52,12.85
2022-04-18,0.0,0.0,341.0,0.0,157.5,84.21,0.9092,0.0,0.12,0.000373,0.0,2.92,2.43,2.43,0.327,0.327,2.98,0.989,0.000966,0.3372,0.3415,0.3442,0.349,5.79,7.641,9.895,13.13,15.23,15.73
2022-04-19,0.0,0.0,337.8,0.0,154.2,81.4,0.8905,0.0,0.109,0.000332,0.0,3.3,2.75,2.75,0.369,0.369,2.99,0.991,0.0009,0.333,0.3379,0.341,0.3459,6.845,9.05,11.77,15.6,18.26,18.96
2022-04-20,0.0,0.0,335.7,0.0,152.1,79.61,0.8785,0.0,0.0985,0.000291,0.0,2.11,1.76,1.76,0.235,0.235,2.99,0.993,0.000845,0.3307,0.3356,0.339,0.3437,7.43,9.859,12.87,17.12,20.2,21.05
2022-04-21,27.4,0.0,361.1,1.03,177.5,100.7,1.025,0.0,0.0905,0.00108,0.0,1.1,0.918,0.81,0.123,0.123,2.99,0.994,-0.00164,0.418,0.3704,0.3435,0.3424,-15.03,-15.71,-13.13,-8.637,-5.253,-4.294
2022-04-22,36.4,0.0,395.2,2.43,211.6,134.7,1.222,0.0,0.0852,0.00679,0.0,1.5,1.25,0.586,0.167,0.167,2.99,0.995,-0.00722,0.4463,0.4463,0.4355,0.3812,-21.53,-30.02,-40.15,-42.72,-39.53,-38.44
2022-04-23,5.1,0.0,400.3,0.0,216.7,140.7,1.251,0.0,0.0875,0.00734,0.0,3.4,2.83,2.0,0.378,0.378,2.99,0.997,0.0147,0.4241,0.423,0.419,0.4102,-15.87,-22.11,-30.55,-38.96,-43.49,-43.51
2022-04-24,6.2,0.0,404.3,0.0,220.7,144.2,1.274,0.0,0.281,0.00506,0.0,2.55,2.13,1.66,0.284,0.284,2.99,0.998,0.00395,0.4199,0.4172,0.4134,0.4108,-14.98,-20.64,-28.33,-37.03,-44.91,-47.49
2022-04-25,0.1,0.0,400.9,0.0,217.3,141.6,1.255,0.0,0.773,0.00451,0.0,3.04,2.54,2.34,0.338,0.338,2.99,1.0,-0.00025,0.4033,0.4061,0.4058,0.4114,-10.56,-15.15,-21.92,-30.81,-40.42,-44.14
2022-04-26,0.0,0.0,396.6,0.0,213.1,140.2,1.23,0.0,1.11,0.00386,0.0,3.42,2.85,2.77,0.379,0.379,3.0,1.0,-0.00573,0.3931,0.3971,0.3986,0.4087,-8.069,-11.77,-17.57,-25.98,-35.86,-39.87
2022-04-27,0.0,0.0,392.3,0.0,208.7,136.1,1.205,0.0,1.14,0.00333,0.0,3.42,2.85,2.8,0.379,0.379,3.0,1.0,0.00275,0.3861,0.3908,0.3932,0.4052,-6.329,-9.41,-14.47,-22.2,-31.65,-35.55
2022-04-28,0.0,0.0,388.4,0.0,204.8,132.4,1.182,0.0,1.04,0.00284,0.0,3.09,2.58,2.57,0.343,0.343,3.0,1.0,0.00489,0.381,0.3861,0.3889,0.4016,-5.068,-7.679,-12.14,-19.16,-27.95,-31.6
2022-04-29,0.0,0.0,384.4,0.0,200.8,128.6,1.159,0.0,0.908,0.00245,0.0,3.27,2.73,2.73,0.363,0.363,3.0,1.0,0.00393,0.3764,0.3817,0.3849,0.3977,-3.915,-6.096,-9.966,-16.22,-24.26,-27.61
2022-04-30,0.0,0.0,380.2,0.0,196.6,124.5,1.135,0.0,0.778,0.00209,0.0,3.62,3.02,3.02,0.402,0.402,3.0,1.0,0.0026,0.3717,0.3773,0.3808,0.3934,-2.745,-4.489,-7.749,-13.17,-20.38,-23.4
2022-05-01,0.0,0.0,376.4,0.0,192.8,120.9,1.113,0.0,0.659,0.00177,0.0,3.33,2.78,2.78,0.37,0.37,3.0,1.0,0.00154,0.3677,0.3735,0.3771,0.3894,-1.766,-3.124,-5.839,-10.49,-16.88,-19.59
2022-05-02,0.0,0.0,372.7,0.0,189.1,117.3,1.092,0.0,0.563,0.00152,0.0,3.31,2.76,2.76,0.367,0.367,3.0,1.0,0.00086,0.364,0.3698,0.3735,0.3855,-0.8331,-1.826,-4.014,-7.896,-13.49,-15.9
2022-05-03,0.0,0.0,368.5,0.0,184.9,113.4,1.068,0.0,0.482,0.00131,0.0,3.87,3.23,3.23,0.429,0.429,3.0,1.0,0.000466,0.3595,0.3656,0.3695,0.3812,0.2774,-0.2998,-1.894,-4.936,-9.678,-11.76
2022-05-04,1.1,0.0,365.4,0.0,181.8,110.2,1.05,0.0,0.409,0.00112,0.0,4.02,3.35,3.35,0.445,0.445,3.0,1.0,0.000489,0.3583,0.3619,0.3655,0.3769,0.3706,0.1654,-0.8412,-3.032,-6.903,-8.652
2022-05-05,9.2,0.0,371.7,0.0,188.1,115.1,1.086,0.0,0.346,0.0012,0.0,2.74,2.29,2.29,0.304,0.304,3.0,1.0,-0.000167,0.3866,0.3708,0.366,0.3738,-6.705,-7.714,-8.659,-10.26,-13.43,-14.91
2022-05-06,27.0,0.0,394.8,0.0,211.3,136.9,1.22,2.68,0.303,0.00374,0.0,1.38,1.15,0.823,0.153,0.153,3.0,1.0,0.129,0.431,0.4259,0.4135,0.3811,-17.38,-23.83,-30.75,-33.89,-36.77,-38.08
2022-05-07,14.1,0.0,407.5,0.0,223.9,149.6,1.293,0.0,0.302,0.00623,0.0,1.87,1.56,0.96,0.207,0.207,3.0,1.0,-0.00238,0.432,0.4315,0.4264,0.4119,-17.59,-24.67,-34.08,-42.89,-48.92,-50.71
2022-05-08,3.0,0.0,407.3,0.0,223.7,150.0,1.292,0.0,0.588,0.00592,0.0,3.53,2.94,2.21,0.391,0.391,3.0,1.0,0.000862,0.4158,0.4171,0.415,0.4163,-13.63,-19.3,-27.32,-37.15,-46.94,-50.51
2022-05-09,0.0,0.0,402.9,0.0,219.3,146.1,1.266,0.0,1.2,0.005,0.0,3.79,3.16,2.78,0.42,0.42,3.0,1.0,-0.000532,0.4005,0.4047,0.4057,0.4149,-9.893,-14.35,-21.19,-30.8,-41.74,-46.11
2022-05-10,0.0,0.0,397.5,0.0,213.9,141.1,1.235,0.0,1.44,0.00426,0.0,4.39,3.66,3.46,0.486,0.486,3.0,1.0,0.00153,0.3907,0.3958,0.3981,0.4108,-7.471,-11.05,-16.85,-25.68,-36.35,-40.73
2022-05-11,0.0,0.0,391.5,0.0,208.0,135.5,1.201,0.0,1.33,0.00352,0.0,5.0,4.17,4.05,0.554,0.554,3.0,1.0,0.000228,0.3825,0.3885,0.3916,0.4055,-5.444,-8.299,-13.17,-20.96,-30.73,-34.79
2022-05-12,0.0,0.0,386.0,0.0,202.4,130.2,1.169,0.0,1.1,0.00282,0.0,4.75,3.96,3.93,0.526,0.526,3.0,1.0,0.00595,0.3761,0.3824,0.3861,0.4001,-3.842,-6.094,-10.16,-16.9,-25.6,-29.23
2022-05-13,0.0,0.0,380.6,0.0,197.0,125.0,1.137,0.0,0.886,0.00227,0.0,4.82,4.03,4.03,0.534,0.534,3.0,1.0,0.00475,0.3701,0.3768,0.3807,0.3947,-2.365,-4.056,-7.34,-13.01,-20.6,-23.79
2022-05-14,0.0,0.0,375.2,0.0,191.6,119.8,1.106,0.0,0.71,0.00183,0.0,4.95,4.13,4.13,0.548,0.548,3.0,1.0,0.00236,0.3643,0.3713,0.3755,0.3891,-0.9297,-2.075,-4.587,-9.168,-15.64,-18.4
2022-05-15,0.0,0.0,370.1,0.0,186.5,115.0,1.077,0.0,0.571,0.00148,0.0,4.74,3.96,3.96,0.525,0.525,3.0,1.0,0.00107,0.3591,0.3662,0.3706,0.3838,0.3784,-0.2602,-2.055,-5.603,-11.0,-13.35
2022-05-16,0.0,0.0,364.7,0.0,181.1,109.8,1.046,0.0,0.464,0.00121,0.0,5.26,4.39,4.39,0.583,0.583,3.0,1.0,0.000467,0.3531,0.3607,0.3654,0.3782,1.853,1.764,0.7461,-1.706,-5.99,-7.908
2022-05-17,0.0,0.0,359.5,0.0,176.0,104.9,1.016,0.0,0.375,0.00097,0.0,5.03,4.19,4.19,0.557,0.557,3.0,1.0,0.000188,0.3477,0.3555,0.3605,0.3728,3.217,3.645,3.352,1.941,-1.267,-2.781
2022-05-18,0.0,0.0,355.0,0.0,171.4,100.5,0.9899,0.0,0.305,0.000789,0.0,4.47,3.73,3.73,0.495,0.495,3.0,1.0,7.28e-05,0.3431,0.351,0.3562,0.368,4.373,5.251,5.593,5.118,2.896,1.75
2022-05-19,0.0,0.0,350.4,0.0,166.8,96.11,0.9633,0.0,0.253,0.000654,0.0,4.6,3.84,3.84,0.51,0.51,3.0,1.0,2.91e-05,0.3382,0.3464,0.3518,0.3632,5.589,6.924,7.915,8.384,7.134,6.353
2022-05-20,0.0,0.0,345.1,0.0,161.5,91.04,0.9327,0.0,0.211,0.000542,0.0,5.39,4.5,4.5,0.597,0.597,3.0,1.0,0.00358,0.3321,0.3409,0.3466,0.3578,7.1,8.976,10.72,12.24,12.04,11.65
2022-05-21,0.0,0.0,339.9,0.0,156.3,86.08,0.9027,0.0,0.173,0.000438,0.0,5.32,4.44,4.44,0.589,0.589,3.0,1.0,0.00485,0.3261,0.3355,0.3416,0.3525,8.588,11.0,13.48,16.03,16.86,16.85
2022-05-22,0.0,0.0,335.2,0.0,151.6,81.57,0.8753,0.0,0.142,0.000355,0.0,4.87,4.07,4.07,0.54,0.54,3.0,1.0,0.00339,0.3208,0.3306,0.3371,0.3476,9.922,12.82,15.96,19.46,21.26,21.59
2022-05-23,0.0,0.0,330.2,0.0,146.6,76.86,0.8468,0.0,0.118,0.000292,0.0,5.11,4.26,4.26,0.566,0.566,3.0,1.0,0.00223,0.315,0.3255,0.3324,0.3426,11.36,14.77,18.6,23.07,25.84,26.54
2022-05-24,0.0,0.0,325.9,0.0,142.3,72.76,0.8219,0.0,0.098,0.000239,0.0,4.46,3.72,3.72,0.494,0.494,3.0,1.0,0.00192,0.3102,0.3211,0.3283,0.3381,12.58,16.43,20.86,26.18,29.84,30.85
2022-05-25,2.2,0.0,323.3,0.0,139.7,69.47,0.8067,0.0,0.0826,0.000203,0.0,5.02,4.19,4.19,0.556,0.556,3.0,1.0,0.00219,0.3074,0.3161,0.3237,0.3333,11.82,16.16,21.27,27.54,32.13,33.47
2022-05-26,0.0,0.0,319.2,0.0,135.7,65.95,0.7833,0.0,0.069,0.000169,0.0,4.22,3.52,3.52,0.467,0.467,3.0,1.0,0.00227,0.3065,0.3127,0.32,0.3291,13.07,17.75,23.41,30.48,35.89,37.53
2022-05-27,0.0,0.0,313.9,0.0,130.4,61.0,0.7527,0.0,0.0589,0.000142,0.0,5.55,4.63,4.63,0.615,0.615,3.0,1.0,0.00115,0.3001,0.308,0.3152,0.324,14.87,20.02,26.39,34.46,40.84,42.83
2022-05-28,7.7,0.0,316.5,0.0,133.0,61.58,0.7678,0.0,0.0487,0.000145,0.0,5.34,4.45,4.45,0.592,0.592,3.0,1.0,0.00318,0.3145,0.3031,0.3106,0.319,8.888,14.52,21.57,30.59,37.89,40.22
2022-05-29,10.1,0.0,324.6,0.0,141.1,68.58,0.8146,0.0,0.0405,0.000246,0.0,2.07,1.73,1.73,0.23,0.23,3.0,1.0,0.00295,0.3595,0.3082,0.3096,0.3168,0.03332,5.145,12.35,21.79,29.62,32.12
2022-05-30,0.4,0.0,321.7,0.0,138.1,66.63,0.7976,0.0,0.0366,0.0002,0.0,3.5,2.92,2.92,0.388,0.388,3.0,1.0,0.000609,0.3472,0.3256,0.3127,0.3136,3.128,6.75,13.77,23.83,32.31,35.06
2022-05-31,0.2,0.0,317.8,0.0,134.2,63.2,0.7748,0.0,0.032,0.000146,0.0,4.35,3.63,3.63,0.483,0.483,3.0,1.0,0.00324,0.3368,0.3255,0.316,0.3103,5.724,9.306,16.07,26.76,35.98,39.0
2022-06-01,0.0,0.0,312.9,0.0,129.3,58.79,0.7467,0.0,0.0275,0.000113,0.0,5.12,4.27,4.27,0.569,0.569,3.0,1.0,0.00223,0.327,0.3209,0.3148,0.307,8.237,12.24,19.2,30.51,40.54,43.87
2022-06-02,0.0,0.0,307.8,0.0,124.2,54.06,0.7171,0.0,0.0231,8.72e-05,0.0,5.4,4.51,4.51,0.6,0.6,2.99,1.0,0.000903,0.3178,0.315,0.3113,0.3036,10.54,15.11,22.53,34.52,45.37,48.99
2022-06-03,0.0,0.0,303.9,0.0,120.3,50.5,0.6947,0.0,0.0194,6.78e-05,0.0,4.08,3.4,3.4,0.454,0.454,2.99,1.0,0.000534,0.3113,0.3102,0.3082,0.301,12.18,17.21,25.04,37.54,49.01,52.87
2022-06-04,0.0,0.0,298.1,0.0,114.5,45.02,0.6611,0.0,0.0169,5.64e-05,0.0,6.15,5.12,5.12,0.684,0.684,2.99,1.0,0.000461,0.3019,0.3033,0.3027,0.2966,14.49,20.2,28.8,42.18,54.5,58.69
2022-06-05,0.0,0.0,292.9,0.0,109.3,40.21,0.6313,0.0,0.0139,4.31e-05,0.0,5.44,4.54,4.54,0.606,0.606,2.99,1.0,0.000469,0.294,0.2969,0.2977,0.2924,16.47,22.79,32.1,46.27,59.38,63.85
2022-06-06,0.0,0.0,287.9,0.0,104.3,35.47,0.6021,0.0,0.0118,3.41e-05,0.0,5.34,4.45,4.45,0.596,0.596,2.99,1.0,0.000645,0.2863,0.2908,0.2927,0.2882,18.37,25.3,35.3,50.29,64.16,68.91
2022-06-07,13.4,0.0,296.2,0.0,112.6,40.58,0.6501,0.0,0.00994,0.000115,0.0,5.38,4.48,4.48,0.601,0.601,2.99,1.0,-0.00137,0.3276,0.2848,0.2876,0.2839,6.883,14.4,25.12,40.95,55.58,60.6
2022-06-08,1.6,0.0,293.2,0.0,109.6,38.46,0.6329,0.0,0.0084,7.46e-05,0.0,4.82,4.02,4.02,0.54,0.54,2.98,1.0,0.000407,0.3271,0.2881,0.2833,0.28,7.825,15.05,26.38,42.97,58.3,63.57
2022-06-09,0.7,0.0,290.6,0.0,107.0,36.3,0.6177,0.0,0.00721,4.96e-05,0.0,3.53,2.94,2.94,0.395,0.395,2.98,1.0,0.00108,0.3211,0.2938,0.2822,0.2771,9.381,16.17,27.74,44.88,60.75,66.21
2022-06-10,0.2,0.0,286.5,0.0,102.9,32.68,0.594,0.0,0.00642,3.76e-05,0.0,4.55,3.79,3.79,0.51,0.51,2.98,1.0,0.00347,0.3129,0.2935,0.2812,0.2734,11.57,18.39,30.24,48.08,64.62,70.31
2022-06-11,0.0,0.0,281.4,0.0,97.84,28.11,0.5649,0.0,0.00555,2.73e-05,0.0,5.33,4.44,4.44,0.599,0.599,2.98,1.0,0.00174,0.3035,0.2898,0.279,0.2691,14.01,21.18,33.44,52.1,69.39,75.35
2022-06-12,0.0,0.0,276.2,0.0,92.61,23.3,0.5348,0.0,0.00468,1.95e-05,0.0,5.53,4.6,4.6,0.622,0.622,2.97,1.0,0.000914,0.2942,0.2845,0.2757,0.2648,16.33,24.01,36.78,56.27,74.34,80.57
2022-06-13,0.0,0.0,270.5,0.0,86.9,17.98,0.5018,0.0,0.00392,1.42e-05,0.0,6.05,5.03,5.03,0.683,0.683,2.97,1.0,0.000628,0.2846,0.2781,0.2712,0.2601,18.73,27.02,40.45,60.85,79.75,86.28
2022-06-14,0.0,0.0,265.7,0.0,82.15,13.58,0.4743,0.0,0.00323,1.02e-05,0.0,5.03,4.18,4.18,0.569,0.569,2.96,1.0,0.000565,0.2767,0.2725,0.2673,0.2562,20.67,29.5,43.49,64.64,84.26,91.03
2022-06-15,0.2,0.0,260.7,0.0,77.14,8.782,0.4454,0.0,0.00273,7.85e-06,0.0,5.52,4.58,4.58,0.627,0.627,2.96,1.0,0.00201,0.2684,0.2663,0.2625,0.2519,22.54,31.98,46.64,68.62,88.99,96.04
2022-06-16,0.0,0.0,254.9,0.0,71.32,3.368,0.4118,0.0,0.00228,5.94e-06,0.0,6.16,5.11,5.11,0.703,0.703,2.95,1.0,0.000865,0.2593,0.2593,0.2569,0.2471,24.82,34.94,50.39,73.3,94.51,101.9
2022-06-17,0.0,0.0,250.0,0.0,66.38,-1.236,0.3833,0.0,0.00186,4.36e-06,0.0,5.29,4.39,4.39,0.606,0.557,2.94,1.0,0.000712,0.2518,0.2534,0.2523,0.243,26.69,37.38,53.49,77.21,99.19,106.8
2022-06-18,0.0,0.0,245.1,0.0,61.49,-5.805,0.3551,0.0,0.00155,3.36e-06,0.0,5.28,4.37,4.37,0.607,0.509,2.94,1.0,0.00068,0.245,0.2482,0.2479,0.239,28.35,39.57,56.29,80.79,103.7,111.7
2022-06-19,0.0,0.0,239.9,0.0,56.33,-10.66,0.3253,0.0,0.00121,2.56e-06,0.0,5.71,4.73,4.68,0.66,0.48,2.93,1.0,0.000505,0.2402,0.243,0.2435,0.2349,29.95,41.66,59.02,84.34,108.3,116.9
2022-06-20,0.0,0.0,235.6,0.0,51.97,-14.71,0.3001,0.0,0.000829,1.89e-06,0.0,5.9,4.88,3.91,0.685,0.444,2.92,1.0,0.000536,0.2351,0.2383,0.2393,0.2308,31.41,43.59,61.56,87.67,112.4,121.2
2022-06-21,0.0,0.0,231.5,0.0,47.95,-18.45,0.2768,0.0,0.000673,1.48e-06,0.0,5.95,4.91,3.64,0.695,0.389,2.91,1.0,0.000275,0.2305,0.2339,0.2354,0.227,32.7,45.31,63.84,90.71,116.2,125.2
2022-06-22,0.0,0.0,227.9,0.0,44.32,-21.81,0.2559,0.0,0.00055,1.18e-06,0.0,5.84,4.81,3.28,0.686,0.34,2.9,1.0,0.000205,0.2265,0.2301,0.2319,0.2234,33.82,46.81,65.86,93.42,119.6,128.9
2022-06-23,0.0,0.0,224.6,0.0,41.06,-24.82,0.2371,0.0,0.000455,9.52e-07,0.0,5.7,4.69,2.96,0.674,0.306,2.89,1.0,0.000127,0.223,0.2267,0.2288,0.2201,34.8,48.13,67.63,95.84,122.6,132.1
2022-06-24,0.0,0.0,221.8,0.0,38.19,-27.47,0.2205,0.0,0.000381,7.82e-07,0.0,5.48,4.5,2.64,0.653,0.237,2.88,1.0,0.000111,0.22,0.2238,0.226,0.2171,35.62,49.24,69.15,97.93,125.3,135.0
2022-06-25,0.0,0.0,218.9,0.0,35.34,-30.1,0.2041,0.0,0.000323,6.53e-07,0.0,5.84,4.79,2.61,0.702,0.23,2.86,1.0,2.8e-05,0.2172,0.2209,0.2233,0.2142,36.41,50.31,70.63,99.99,127.9,137.8
2022-06-26,0.0,0.0,216.0,0.0,32.39,-32.86,0.187,0.0,0.000273,5.44e-07,0.0,6.62,5.42,2.74,0.802,0.216,2.85,1.0,4.06e-05,0.2143,0.218,0.2204,0.211,37.19,51.38,72.12,102.1,130.6,140.8
2022-06-27,0.0,0.0,213.1,0.0,29.63,-35.58,0.1706,0.0,0.000228,4.47e-07,0.0,7.08,5.79,2.69,0.867,0.157,2.83,1.0,5.39e-05,0.2116,0.2152,0.2177,0.2078,37.87,52.35,73.5,104.1,133.2,143.6
2022-06-28,0.1,0.0,211.8,0.0,28.22,-36.97,0.1627,0.0,0.000189,3.67e-07,0.0,3.98,3.25,1.38,0.491,0.0876,2.82,1.0,0.00111,0.2103,0.2138,0.2163,0.2062,38.12,52.73,74.08,105.0,134.5,145.0
2022-06-29,0.2,0.0,210.0,0.0,26.43,-38.82,0.1526,0.0,0.000171,3.3e-07,0.0,5.57,4.53,1.83,0.694,0.124,2.8,1.0,0.000106,0.2086,0.212,0.2145,0.2039,38.37,53.17,74.8,106.2,136.1,146.8
2022-06-30,0.0,0.0,207.9,0.0,24.41,-40.78,0.1405,0.0,0.000149,2.87e-07,0.0,6.39,5.19,1.95,0.805,0.144,2.78,1.0,2.74e-05,0.2068,0.2101,0.2126,0.2016,38.86,53.85,75.77,107.6,138.0,148.9
2022-07-01,0.0,0.0,206.1,0.0,22.64,-42.51,0.13,0.0,0.000128,2.45e-07,0.0,6.13,4.96,1.73,0.781,0.0844,2.77,1.0,0.000113,0.2053,0.2085,0.2109,0.1994,39.24,54.39,76.56,108.8,139.6,150.7
2022-07-02,0.0,0.0,204.5,0.0,21.01,-44.11,0.1206,0.0,0.000111,2.13e-07,0.0,6.07,4.9,1.59,0.784,0.0375,2.75,1.0,0.000113,0.204,0.207,0.2094,0.1974,39.53,54.83,77.24,109.9,141.1,152.3
2022-07-03,0.0,0.0,202.8,0.0,19.38,-45.72,0.1112,0.0,9.76e-05,1.87e-07,0.0,6.61,5.32,1.6,0.866,0.0315,2.72,1.0,7.69e-05,0.2027,0.2056,0.2079,0.1954,39.81,55.25,77.89,110.9,142.6,153.9
2022-07-04,1.6,0.0,202.6,0.0,19.04,-47.21,0.1099,0.0,8.51e-05,1.77e-07,0.0,6.82,5.47,1.53,0.905,0.297,2.7,1.0,-0.000459,0.2016,0.2043,0.2065,0.1935,38.74,54.31,77.17,110.6,142.6,154.1
2022-07-05,0.0,0.0,201.0,0.0,17.43,-48.42,0.1006,0.0,7.43e-05,1.53e-07,0.0,6.38,5.1,1.33,0.858,0.281,2.68,1.0,0.00163,0.2006,0.2032,0.2053,0.1918,39.22,54.91,77.95,111.7,144.1,155.8
2022-07-06,0.0,0.0,199.7,0.0,16.15,-49.41,0.09325,0.0,6.58e-05,1.31e-07,0.0,5.35,4.26,1.04,0.73,0.239,2.65,1.0,0.000205,0.1999,0.2023,0.2044,0.1904,39.62,55.39,78.57,112.6,145.3,157.0
2022-07-07,2.1,0.0,200.3,0.0,16.72,-50.39,0.09656,0.0,5.97e-05,1.8e-07,0.0,6.59,5.23,1.23,0.911,0.299,2.63,1.0,-0.000109,0.1992,0.2014,0.2034,0.1889,38.02,53.89,77.23,111.5,144.6,156.5
2022-07-08,0.0,0.0,199.0,0.0,15.42,-51.1,0.08905,0.0,5.32e-05,1.43e-07,0.0,5.42,4.29,0.957,0.758,0.344,2.61,1.0,0.00162,0.1986,0.2007,0.2026,0.1877,38.54,54.47,77.94,112.5,145.8,157.8
2022-07-09,0.0,0.0,197.8,0.0,14.24,-51.89,0.08223,0.0,4.86e-05,1.13e-07,0.0,5.26,4.14,0.878,0.745,0.305,2.59,1.0,0.000783,0.1981,0.2001,0.2019,0.1866,39.0,55.0,78.57,113.3,146.9,158.9
2022-07-10,0.0,0.0,196.5,0.0,12.94,-52.82,0.0747,0.0,4.46e-05,9.76e-08,0.0,6.36,4.99,1.0,0.915,0.3,2.56,1.0,0.000165,0.1976,0.1994,0.2012,0.1854,39.49,55.55,79.25,114.2,148.1,160.2
2022-07-11,0.0,0.0,195.4,0.0,11.81,-53.66,0.06817,0.0,4.05e-05,8.59e-08,0.0,5.82,4.55,0.852,0.851,0.279,2.54,1.0,4.86e-05,0.1972,0.1989,0.2005,0.1843,39.92,56.03,79.83,115.0,149.1,161.4
2022-07-12,0.0,0.0,194.5,0.0,10.91,-54.37,0.063,0.0,3.71e-05,7.77e-08,0.0,5.14,4.0,0.701,0.763,0.194,2.51,1.0,5.31e-05,0.1969,0.1984,0.2,0.1834,40.23,56.39,80.27,115.6,149.9,162.3
2022-07-13,0.0,0.0,193.6,0.0,10.08,-55.12,0.05782,0.0,3.45e-05,7.21e-08,0.0,5.8,4.49,0.742,0.875,0.156,2.48,1.0,4.76e-05,0.1965,0.198,0.1995,0.1825,40.5,56.71,80.68,116.2,150.7,163.2
2022-07-14,0.0,0.0,192.7,0.0,9.261,-55.91,0.05278,0.0,3.19e-05,6.68e-08,0.0,6.56,5.05,0.783,1.01,0.0912,2.45,1.0,0.000143,0.1962,0.1975,0.1989,0.1815,40.72,56.97,81.03,116.8,151.5,164.0
2022-07-15,0.0,0.0,191.9,0.0,8.466,-56.67,0.04819,0.0,2.93e-05,6.18e-08,0.0,6.84,5.24,0.754,1.07,0.0407,2.42,1.0,0.000139,0.1959,0.1971,0.1984,0.1805,40.87,57.17,81.32,117.3,152.2,164.8
2022-07-16,0.0,0.0,191.2,0.0,7.782,-57.33,0.04422,0.0,2.69e-05,5.73e-08,0.0,6.43,4.89,0.654,1.03,0.0333,2.39,1.0,9.11e-05,0.1957,0.1967,0.1979,0.1797,40.99,57.33,81.55,117.7,152.8,165.5
2022-07-17,0.0,0.0,190.7,0.0,7.228,-57.87,0.04094,0.0,2.5e-05,5.36e-08,0.0,5.72,4.33,0.54,0.934,0.0279,2.35,1.0,6.22e-05,0.1955,0.1964,0.1976,0.179,41.09,57.46,81.74,118.0,153.3,166.1
2022-07-18,0.0,0.0,190.1,0.0,6.714,-58.39,0.03783,0.0,2.34e-05,5.08e-08,0.0,5.82,4.37,0.514,0.969,0.0238,2.32,1.0,4.39e-05,0.1953,0.1961,0.1972,0.1783,41.18,57.58,81.91,118.3,153.8,166.6
2022-07-19,0.0,0.0,189.6,0.0,6.263,-58.87,0.03503,0.0,2.2e-05,4.82e-08,0.0,5.64,4.21,0.466,0.959,0.0206,2.29,1.0,3.22e-05,0.1951,0.1959,0.1969,0.1777,41.25,57.68,82.06,118.6,154.2,167.1
2022-07-20,0.0,0.0,189.2,0.0,5.822,-59.35,0.03219,0.0,2.07e-05,4.59e-08,0.0,6.12,4.53,0.474,1.06,0.018,2.25,1.0,2.42e-05,0.195,0.1956,0.1966,0.177,41.33,57.78,82.21,118.8,154.7,167.6
2022-07-21,0.0,0.0,188.7,0.0,5.406,-59.81,0.02942,0.0,1.95e-05,4.37e-08,0.0,6.43,4.72,0.464,1.14,0.0159,2.21,1.0,1.86e-05,0.1948,0.1954,0.1963,0.1764,41.39,57.86,82.35,119.1,155.1,168.1
2022-07-22,0.0,0.0,188.2,0.0,5.012,-60.28,0.02667,0.0,1.84e-05,4.16e-08,0.0,6.89,5.02,0.462,1.25,0.0142,2.17,1.0,1.46e-05,0.1946,0.1952,0.1961,0.1758,41.45,57.95,82.48,119.3,155.5,168.6
2022-07-23,0.0,0.0,187.8,0.0,4.658,-60.71,0.02418,0.0,1.73e-05,3.97e-08,0.0,6.74,4.87,0.419,1.26,0.0127,2.13,1.0,1.17e-05,0.1945,0.195,0.1958,0.1752,41.5,58.02,82.6,119.6,155.9,169.0
2022-07-24,0.0,0.0,187.4,0.0,4.34,-61.09,0.02192,0.0,1.63e-05,3.8e-08,0.0,6.55,4.69,0.378,1.25,0.0115,2.09,1.0,0.0,0.1944,0.1948,0.1956,0.1747,41.55,58.08,82.7,119.8,156.2,169.4
2022-07-25,0.1,0.0,187.0,0.0,4.039,-61.46,0.01983,0.0,1.55e-05,3.66e-08,0.0,6.72,4.76,0.361,1.31,0.104,2.05,1.0,0.00141,0.1942,0.1946,0.1954,0.1742,41.58,58.13,82.78,120.0,156.5,169.7
2022-07-26,2.9,0.0,189.2,0.0,6.082,-61.46,0.03261,0.0,1.47e-05,1.19e-07,0.0,5.69,3.99,0.314,1.14,0.373,2.02,1.0,0.000337,0.1942,0.1945,0.1952,0.1738,39.11,55.67,80.34,117.6,154.3,167.5
2022-07-27,0.2,0.0,188.7,0.0,5.543,-61.47,0.02944,0.0,1.41e-05,7.66e-08,0.0,5.17,3.6,0.291,1.05,0.457,1.99,1.0,0.00127,0.1941,0.1944,0.1951,0.1735,39.43,56.0,80.7,118.0,154.8,168.1
2022-07-28,0.1,0.0,188.1,0.0,4.933,-61.64,0.02583,0.0,1.36e-05,5.27e-08,0.0,5.57,3.84,0.308,1.16,0.419,1.95,1.0,0.0013,0.194,0.1943,0.195,0.1732,39.82,56.41,81.12,118.5,155.4,168.7
2022-07-29,2.3,0.0,189.4,0.0,6.356,-61.63,0.03388,0.0,1.31e-05,1.72e-07,0.0,5.91,4.04,0.338,1.25,0.569,1.92,1.0,-6.78e-05,0.1939,0.1942,0.1948,0.1728,38.2,54.79,79.53,117.0,153.9,167.3
2022-07-30,0.0,0.0,188.6,0.0,5.519,-61.65,0.02893,0.0,1.27e-05,9.92e-08,0.0,5.51,3.73,0.318,1.19,0.54,1.89,1.0,0.00135,0.1939,0.1941,0.1947,0.1725,38.85,55.45,80.21,117.7,154.8,168.2
2022-07-31,0.0,0.0,187.7,0.0,4.628,-61.98,0.0237,0.0,1.22e-05,5.52e-08,0.0,5.89,3.95,0.316,1.3,0.589,1.85,1.0,0.000715,0.1939,0.1941,0.1946,0.1722,39.55,56.16,80.94,118.5,155.6,169.1
2022-08-01,0.0,0.0,186.9,0.0,3.865,-62.24,0.01914,0.0,1.18e-05,4.03e-08,0.0,6.33,4.2,0.322,1.43,0.468,1.82,1.0,0.000223,0.1939,0.194,0.1945,0.1719,40.13,56.74,81.54,119.2,156.4,169.9
2022-08-02,0.4,0.0,186.7,0.0,3.682,-62.48,0.01799,0.0,1.14e-05,3.63e-08,0.0,4.92,3.23,0.23,1.13,0.371,1.78,1.0,0.000883,0.1939,0.1939,0.1944,0.1717,40.17,56.8,81.61,119.3,156.6,170.1
2022-08-03,0.0,0.0,186.1,0.0,3.119,-62.75,0.01462,0.0,1.11e-05,3.38e-08,0.0,5.81,3.78,0.255,1.36,0.328,1.75,1.0,0.000375,0.194,0.1939,0.1943,0.1714,40.58,57.21,82.04,119.8,157.1,170.6
2022-08-04,0.0,0.0,185.7,0.0,2.799,-63.02,0.01196,0.0,1.08e-05,3.12e-08,0.0,6.07,3.9,0.247,1.45,0.215,1.71,1.0,5.15e-05,0.194,0.1938,0.1943,0.1712,40.87,57.51,82.35,120.1,157.5,171.1
2022-08-05,0.0,0.0,185.4,0.0,2.545,-63.25,0.01037,0.0,1.05e-05,2.99e-08,0.0,5.96,3.78,0.225,1.46,0.0508,1.68,1.0,0.00021,0.1941,0.1938,0.1942,0.171,40.99,57.63,82.49,120.3,157.8,171.4
2022-08-06,0.0,0.0,185.1,0.0,2.312,-63.48,0.0089,0.0,1.02e-05,2.91e-08,0.0,6.09,3.82,0.213,1.52,0.0415,1.64,1.0,0.000136,0.1941,0.1937,0.1941,0.1707,41.09,57.73,82.6,120.5,158.0,171.6
2022-08-07,0.0,0.0,184.9,0.0,2.147,-63.63,0.007883,0.0,9.93e-06,2.83e-08,0.0,4.33,2.69,0.141,1.1,0.0348,1.61,1.0,9.32e-05,0.1942,0.1937,0.1941,0.1706,41.16,57.81,82.69,120.6,158.2,171.8
2022-08-08,1.5,0.0,185.9,0.0,2.959,-63.76,0.01317,0.0,9.75e-06,4.0e-08,0.0,5.02,3.08,0.158,1.3,0.426,1.59,1.0,-0.000326,0.1942,0.1936,0.194,0.1704,40.13,56.78,81.67,119.6,157.2,170.9
2022-08-09,0.0,0.0,185.3,0.0,2.428,-63.83,0.01002,0.0,9.55e-06,3.45e-08,0.0,4.68,2.85,0.144,1.23,0.404,1.56,1.0,0.00142,0.1942,0.1936,0.194,0.1703,40.57,57.23,82.12,120.1,157.8,171.4
2022-08-10,0.0,0.0,184.9,0.0,2.009,-63.96,0.007507,0.0,9.38e-06,2.92e-08,0.0,4.97,2.99,0.146,1.33,0.288,1.53,1.0,0.000111,0.1943,0.1936,0.1939,0.1701,40.9,57.56,82.46,120.5,158.2,171.9
2022-08-11,0.0,0.0,184.5,0.0,1.814,-64.1,0.005585,0.0,9.2e-06,2.75e-08,0.0,5.09,3.03,0.142,1.38,0.191,1.51,1.0,5.03e-05,0.1943,0.1936,0.1939,0.17,41.13,57.8,82.71,120.7,158.5,172.2
2022-08-12,2.7,0.0,186.7,0.0,3.833,-63.96,0.01786,0.0,9.03e-06,1.05e-07,0.0,4.77,2.81,0.144,1.31,0.43,1.48,1.0,0.000491,0.1942,0.1935,0.1938,0.1699,38.92,55.58,80.5,118.5,156.4,170.1
2022-08-13,0.0,0.0,186.0,0.0,3.136,-63.92,0.01374,0.0,8.89e-06,6.17e-08,0.0,4.72,2.75,0.147,1.32,0.567,1.46,1.0,0.00157,0.1942,0.1935,0.1938,0.1697,39.54,56.21,81.13,119.2,157.1,170.8
2022-08-14,0.0,0.0,185.2,0.0,2.4,-64.01,0.009378,0.0,8.74e-06,3.77e-08,0.0,6.07,3.5,0.187,1.72,0.57,1.43,1.0,0.000356,0.1942,0.1935,0.1938,0.1696,40.19,56.86,81.79,119.9,157.8,171.6
2022-08-15,0.5,0.0,185.0,0.0,2.249,-64.16,0.008413,0.0,8.57e-06,3.29e-08,0.0,5.42,3.09,0.156,1.56,0.512,1.41,1.0,0.00125,0.1942,0.1935,0.1937,0.1695,40.27,56.94,81.88,120.0,157.9,171.7
2022-08-16,0.6,0.0,185.0,0.0,2.254,-64.29,0.008365,0.0,8.43e-06,3.39e-08,0.0,4.96,2.8,0.134,1.45,0.475,1.38,1.0,0.000977,0.1942,0.1934,0.1937,0.1694,40.19,56.87,81.81,120.0,157.9,171.7
2022-08-17,0.0,0.0,184.5,0.0,1.709,-64.43,0.00513,0.0,8.31e-06,2.97e-08,0.0,5.63,3.13,0.144,1.67,0.417,1.36,1.0,0.000862,0.1942,0.1934,0.1937,0.1692,40.67,57.34,82.29,120.5,158.5,172.3
2022-08-18,39.5,0.0,221.3,0.0,38.27,-34.78,0.2178,0.0,8.18e-06,0.000612,0.0,4.57,2.52,1.47,1.37,1.31,1.34,1.0,0.103,0.3581,0.1934,0.1936,0.1691,3.815,20.45,45.4,83.59,121.6,135.5
2022-08-19,14.1,0.0,232.9,0.0,49.73,-23.45,0.2847,0.0,8.07e-06,0.000535,0.0,3.55,1.94,1.43,1.08,1.08,1.32,1.0,0.00552,0.3767,0.2461,0.1936,0.1691,-3.343,8.808,33.76,71.96,110.0,123.9
2022-08-20,0.0,0.0,229.0,0.0,45.79,-25.78,0.2625,0.0,7.99e-06,0.00016,0.0,5.04,2.73,2.3,1.55,1.55,1.3,1.0,0.00236,0.3427,0.2978,0.1936,0.169,4.758,12.75,37.55,75.77,113.9,127.7
2022-08-21,0.0,0.0,225.3,0.0,42.02,-28.62,0.2411,0.0,7.89e-06,4.74e-05,0.0,4.69,2.5,2.24,1.46,1.46,1.27,1.0,0.00115,0.3228,0.2932,0.1958,0.1689,9.63,17.25,41.2,79.44,117.6,131.4
2022-08-22,0.0,0.0,221.7,0.0,38.32,-31.6,0.2199,0.0,7.8e-06,2.05e-05,0.0,4.6,2.43,2.21,1.45,1.45,1.25,1.0,0.000166,0.3071,0.2852,0.2089,0.1688,13.54,21.64,44.82,83.07,121.2,135.1
2022-08-23,0.0,0.0,218.2,0.0,34.88,-34.44,0.2001,0.0,7.71e-06,9.92e-06,0.0,4.28,2.24,2.06,1.37,1.37,1.23,1.0,0.00169,0.294,0.2775,0.222,0.1688,16.82,25.55,48.2,86.46,124.6,138.5
2022-08-24,0.0,0.0,214.8,0.0,31.44,-37.31,0.1804,0.0,7.64e-06,5.2e-06,0.0,4.26,2.2,2.04,1.38,1.38,1.22,1.0,0.00246,0.282,0.2699,0.228,0.1687,19.86,29.25,51.56,89.84,128.1,141.9
2022-08-25,0.0,0.0,211.4,0.0,28.02,-40.19,0.1607,0.0,7.56e-06,2.78e-06,0.0,4.33,2.22,2.0,1.42,1.42,1.2,1.0,0.00151,0.2704,0.2625,0.23,0.1686,22.8,32.8,54.93,93.22,131.5,145.4
2022-08-26,0.0,0.0,208.3,0.0,24.88,-42.79,0.1426,0.0,7.49e-06,1.5e-06,0.0,4.39,2.22,1.68,1.45,1.45,1.18,1.0,0.00119,0.2592,0.2585,0.2303,0.1686,25.49,36.0,58.02,96.32,134.6,148.5
2022-08-27,27.2,0.0,232.4,0.0,49.02,-23.55,0.2821,0.0,7.42e-06,0.000456,0.0,4.26,2.14,1.75,1.42,1.42,1.16,1.0,0.119,0.3612,0.2536,0.2297,0.1685,1.234,11.86,33.82,72.14,110.4,124.3
2022-08-28,0.1,0.0,229.5,0.0,46.07,-25.09,0.2651,0.0,7.36e-06,9.59e-05,0.0,3.87,1.92,1.73,1.31,1.31,1.14,1.0,0.00146,0.3353,0.2853,0.2291,0.1684,6.559,14.86,36.73,75.05,113.3,127.3
2022-08-29,0.0,0.0,226.1,0.0,42.68,-27.65,0.2455,0.0,7.3e-06,3.54e-05,0.0,4.23,2.08,1.95,1.44,1.44,1.13,1.0,0.000117,0.3182,0.2883,0.2315,0.1684,10.8,18.62,40.08,78.42,116.7,130.7
2022-08-30,4.8,0.0,227.5,0.0,44.06,-27.05,0.2535,0.0,7.24e-06,3.73e-05,0.0,4.2,2.04,1.98,1.45,1.45,1.11,1.0,0.00176,0.3179,0.2838,0.2375,0.1683,9.525,17.64,38.67,77.01,115.3,129.3
2022-08-31,7.7,0.0,232.7,0.0,49.26,-22.69,0.2836,0.0,7.18e-06,9.04e-05,0.0,3.04,1.46,1.43,1.06,1.06,1.09,1.0,0.000157,0.3408,0.2829,0.2415,0.1683,4.658,12.77,33.43,71.78,110.1,124.1
2022-09-01,36.9,0.0,261.1,0.0,77.69,3.823,0.4478,6.79,7.14e-06,0.00173,0.0,2.83,1.35,0.875,0.99,0.99,1.08,1.0,0.185,0.414,0.3808,0.2515,0.1683,-12.81,-13.83,4.977,43.33,81.69,95.63
2022-09-02,0.1,0.0,258.5,0.0,75.01,2.567,0.4323,0.0,7.1e-06,0.000692,0.0,3.36,1.59,1.59,1.19,1.19,1.07,1.0,0.00229,0.3774,0.3639,0.3276,0.1682,-3.933,-3.968,7.631,45.98,84.36,98.31
2022-09-03,0.0,0.0,256.0,0.0,72.53,0.8187,0.4182,0.0,7.06e-06,0.000248,0.0,2.97,1.39,1.39,1.06,1.06,1.06,1.0,0.00155,0.3602,0.3504,0.3262,0.1682,0.3114,1.522,10.29,48.41,86.8,100.8
2022-09-04,0.0,0.0,253.1,0.0,69.57,-1.516,0.4013,0.0,7.03e-06,0.000136,0.0,3.55,1.65,1.65,1.27,1.27,1.04,1.0,0.00114,0.3465,0.3398,0.3209,0.1682,3.767,5.999,14.33,51.32,89.72,103.7
2022-09-05,0.2,0.0,250.2,0.0,66.62,-3.991,0.3844,0.0,6.98e-06,8.13e-05,0.0,3.81,1.75,1.75,1.38,1.38,1.03,1.0,0.000439,0.3352,0.3305,0.3149,0.1683,6.576,9.711,18.37,54.23,92.64,106.6
2022-09-06,0.0,0.0,246.7,0.0,63.16,-6.905,0.3645,0.0,6.94e-06,5.1e-05,0.0,4.2,1.92,1.92,1.53,1.53,1.01,1.0,0.00012,0.324,0.3219,0.3088,0.1697,9.486,13.45,22.71,57.65,96.09,110.1
2022-09-07,0.1,0.0,243.8,0.0,60.22,-9.456,0.3476,0.0,6.9e-06,3.19e-05,0.0,3.7,1.67,1.67,1.36,1.36,1.0,1.0,8.82e-05,0.3147,0.3144,0.3033,0.1751,11.77,16.47,26.34,60.56,99.01,113.0
2022-09-08,0.5,0.0,241.2,0.0,57.63,-11.83,0.3327,0.0,6.86e-06,2.21e-05,0.0,3.77,1.68,1.68,1.4,1.4,0.987,1.0,0.00221,0.3064,0.3075,0.2979,0.184,13.57,18.95,29.47,63.12,101.6,115.6
2022-09-09,5.4,0.0,243.6,0.0,60.04,-10.74,0.3466,0.0,6.82e-06,3.15e-05,0.0,3.66,1.62,1.62,1.37,1.37,0.975,1.0,0.00265,0.311,0.3013,0.293,0.1924,10.35,16.33,27.48,60.69,99.16,113.2
2022-09-10,0.1,0.0,240.8,0.0,57.21,-12.63,0.3303,0.0,6.78e-06,2.42e-05,0.0,3.59,1.57,1.57,1.35,1.35,0.963,1.0,0.00212,0.3097,0.298,0.2885,0.1983,12.57,18.88,30.61,63.49,102.0,116.0
2022-09-11,0.0,0.0,238.1,0.0,54.57,-14.76,0.3151,0.0,6.75e-06,1.53e-05,0.0,3.25,1.42,1.42,1.23,1.23,0.953,1.0,0.00154,0.3022,0.2954,0.2851,0.2022,14.72,21.31,33.51,66.12,104.6,118.6
2022-09-12,0.0,0.0,235.2,0.0,51.66,-17.2,0.2983,0.0,6.72e-06,1.06e-05,0.0,3.58,1.55,1.55,1.36,1.36,0.943,1.0,0.000973,0.2939,0.2914,0.2818,0.2047,16.95,23.94,36.61,69.02,107.5,121.5
2022-09-13,0.0,0.0,232.1,0.0,48.49,-19.89,0.28,0.0,6.68e-06,7.26e-06,0.0,3.91,1.67,1.67,1.5,1.5,0.932,1.0,0.00109,0.2852,0.2866,0.2782,0.2061,19.28,26.74,39.9,72.17,110.7,124.7
2022-09-14,0.0,0.0,229.9,0.0,46.27,-21.8,0.2672,0.0,6.65e-06,4.94e-06,0.0,2.74,1.16,1.16,1.06,1.06,0.921,1.0,0.001,0.279,0.2825,0.2754,0.2072,20.88,28.73,42.25,74.37,112.9,126.9
2022-09-15,6.4,0.0,233.7,0.0,50.13,-20.19,0.2895,0.0,6.62e-06,1.28e-05,0.0,3.14,1.32,1.32,1.22,1.22,0.911,1.0,0.00268,0.2769,0.2782,0.2722,0.2078,16.28,24.55,38.48,70.5,109.0,123.1
2022-09-16,0.0,0.0,231.1,0.0,47.56,-21.67,0.2746,0.0,6.6e-06,8.59e-06,0.0,3.18,1.33,1.33,1.24,1.24,0.9,1.0,0.000678,0.2843,0.2742,0.269,0.208,18.12,26.78,41.11,73.06,111.6,125.6
2022-09-17,22.0,0.0,250.9,0.0,67.33,-5.247,0.3888,0.0,6.57e-06,0.000441,0.0,2.75,1.14,1.14,1.08,1.08,0.895,1.0,-0.00409,0.3704,0.2748,0.2662,0.2082,-1.523,6.702,21.39,53.29,91.83,105.8
2022-09-18,0.0,0.0,248.3,0.0,64.77,-6.459,0.374,0.0,6.55e-06,0.000135,0.0,3.18,1.31,1.31,1.25,1.25,0.888,1.0,0.000969,0.346,0.3121,0.2668,0.208,3.944,9.344,23.98,55.85,94.39,108.4
2022-09-19,0.0,0.0,246.0,0.0,62.43,-8.152,0.3605,0.0,6.52e-06,5.85e-05,0.0,2.91,1.19,1.19,1.15,1.15,0.881,1.0,8.61e-05,0.3322,0.3125,0.2773,0.2078,7.307,12.45,26.34,58.2,96.73,110.8
2022-09-20,0.0,0.0,243.7,0.0,60.17,-9.932,0.3474,0.0,6.5e-06,3.52e-05,0.0,2.81,1.15,1.15,1.11,1.11,0.875,1.0,0.00326,0.3219,0.3088,0.2827,0.2076,9.879,15.29,28.63,60.46,98.98,113.0
2022-09-21,0.1,0.0,242.0,0.0,58.44,-11.36,0.3375,0.0,6.48e-06,2.36e-05,0.0,2.27,0.923,0.923,0.903,0.903,0.87,1.0,0.00252,0.3144,0.3047,0.2842,0.2074,11.68,17.44,30.46,62.2,100.7,114.7
2022-09-22,0.0,0.0,239.9,0.0,56.37,-13.07,0.3255,0.0,6.46e-06,1.74e-05,0.0,2.58,1.05,1.05,1.03,1.03,0.865,1.0,0.00153,0.3072,0.3005,0.2836,0.2074,13.57,19.72,32.66,64.28,102.8,116.8
2022-09-23,0.0,0.0,237.8,0.0,54.25,-14.85,0.3132,0.0,6.44e-06,1.27e-05,0.0,2.64,1.07,1.07,1.06,1.06,0.859,1.0,0.00112,0.3003,0.2962,0.282,0.2076,15.36,21.91,34.93,66.42,104.9,118.9
2022-09-24,8.9,0.0,245.1,0.0,61.55,-9.93,0.3554,0.0,6.42e-06,4.91e-05,0.0,1.99,0.796,0.796,0.797,0.797,0.854,1.0,-0.00161,0.3215,0.2926,0.2804,0.2081,7.794,14.68,27.8,59.14,97.59,111.6
2022-09-25,0.4,0.0,244.3,0.0,60.69,-9.934,0.3504,0.0,6.41e-06,3.86e-05,0.0,1.58,0.629,0.629,0.635,0.635,0.848,1.0,0.000352,0.3236,0.2953,0.2791,0.2089,8.985,15.63,28.86,60.03,98.45,112.5
2022-09-26,0.1,0.0,242.4,0.0,58.83,-11.22,0.3397,0.0,6.4e-06,2.65e-05,0.0,2.44,0.969,0.969,0.988,0.988,0.842,1.0,0.00317,0.3163,0.2975,0.2786,0.2096,11.08,17.56,30.85,61.9,100.3,114.3
2022-09-27,0.0,0.0,240.7,0.0,57.08,-12.57,0.3296,0.0,6.38e-06,1.81e-05,0.0,2.19,0.863,0.863,0.888,0.888,0.836,1.0,0.00128,0.3094,0.2966,0.279,0.2102,12.9,19.45,32.73,63.68,102.0,116.1
2022-09-28,0.2,0.0,239.3,0.0,55.77,-13.69,0.322,0.0,6.37e-06,1.36e-05,0.0,1.9,0.745,0.745,0.773,0.773,0.83,1.0,0.00172,0.3038,0.2945,0.279,0.2109,14.17,20.91,34.19,65.02,103.4,117.4
2022-09-29,0.5,0.0,238.1,0.0,54.49,-14.86,0.3146,0.0,6.35e-06,1.13e-05,0.0,2.23,0.87,0.87,0.912,0.912,0.824,1.0,0.00112,0.2987,0.2917,0.2781,0.2114,15.24,22.23,35.59,66.33,104.6,118.7
2022-09-30,8.5,0.0,245.3,0.0,61.7,-9.802,0.3563,0.0,6.34e-06,4.76e-05,0.0,1.61,0.625,0.625,0.659,0.659,0.819,1.0,0.00314,0.3213,0.2893,0.2772,0.212,7.874,15.08,28.52,59.15,97.42,111.5
2022-10-01,0.1,0.0,243.5,0.0,59.89,-10.53,0.3458,0.0,6.33e-06,3.71e-05,0.0,2.39,0.925,0.925,0.984,0.984,0.814,1.0,5.61e-05,0.3209,0.292,0.2757,0.2124,9.865,16.84,30.44,60.99,99.23,113.3
2022-10-02,0.0,0.0,241.5,0.0,57.91,-11.95,0.3344,0.0,6.31e-06,2.21e-05,0.0,2.5,0.959,0.959,1.03,1.03,0.808,1.0,0.00282,0.3128,0.2942,0.2754,0.2127,12.04,18.85,32.52,63.01,101.2,115.3
2022-10-03,0.0,0.0,239.7,0.0,56.1,-13.38,0.3239,0.0,6.3e-06,1.5e-05,0.0,2.27,0.869,0.869,0.941,0.941,0.803,1.0,0.00112,0.3057,0.2933,0.2758,0.2129,13.86,20.75,34.41,64.85,103.0,117.1
2022-10-04,0.0,0.0,237.9,0.0,54.35,-14.81,0.3138,0.0,6.28e-06,1.11e-05,0.0,2.2,0.837,0.837,0.913,0.913,0.798,1.0,0.000658,0.2995,0.291,0.2757,0.2131,15.48,22.56,36.25,66.64,104.8,118.8
2022-10-05,0.0,0.0,236.0,0.0,52.47,-16.37,0.303,0.0,6.27e-06,8.48e-06,0.0,2.37,0.897,0.897,0.987,0.987,0.792,1.0,0.000502,0.2933,0.2881,0.2749,0.2133,17.08,24.43,38.22,68.56,106.6,120.7
2022-10-06,0.0,0.0,234.2,0.0,50.64,-17.91,0.2924,0.0,6.26e-06,6.48e-06,0.0,2.3,0.866,0.866,0.961,0.961,0.787,1.0,0.000456,0.2876,0.285,0.2736,0.2134,18.56,26.2,40.12,70.42,108.5,122.5
2022-10-07,0.0,0.0,232.5,0.0,48.87,-19.41,0.2822,0.0,6.24e-06,5.06e-06,0.0,2.22,0.833,0.833,0.932,0.932,0.782,1.0,0.000411,0.2823,0.2819,0.272,0.2135,19.95,27.89,41.96,72.23,110.2,124.3
2022-10-08,0.0,0.0,230.5,0.0,46.89,-21.09,0.2708,0.0,6.23e-06,4.02e-06,0.0,2.5,0.932,0.932,1.05,1.05,0.777,1.0,0.000374,0.2767,0.2786,0.2701,0.2135,21.46,29.71,44.0,74.25,112.2,126.3
2022-10-09,0.4,0.0,229.4,0.0,45.85,-22.21,0.2648,0.0,6.21e-06,3.21e-06,0.0,1.82,0.674,0.674,0.767,0.767,0.772,1.0,0.00231,0.2726,0.2758,0.2686,0.2137,22.13,30.65,45.12,75.33,113.3,127.3
2022-10-10,0.2,0.0,228.4,0.0,44.86,-23.09,0.259,0.0,6.2e-06,2.77e-06,0.0,1.51,0.557,0.557,0.638,0.638,0.768,1.0,0.000653,0.2695,0.2734,0.2671,0.2138,22.81,31.56,46.19,76.37,114.2,128.3
2022-10-11,0.0,0.0,226.9,0.0,43.36,-24.29,0.2504,0.0,6.2e-06,2.41e-06,0.0,1.89,0.695,0.695,0.802,0.802,0.764,1.0,0.000284,0.2659,0.2708,0.2654,0.2138,23.9,32.91,47.74,77.91,115.7,129.8
2022-10-12,0.0,0.0,225.5,0.0,41.88,-25.52,0.2419,0.0,6.18e-06,2.02e-06,0.0,1.87,0.683,0.683,0.793,0.793,0.759,1.0,0.000202,0.2621,0.2681,0.2635,0.2138,24.95,34.21,49.27,79.43,117.2,131.3
2022-10-13,0.0,0.0,224.0,0.0,40.42,-26.76,0.2334,0.0,6.17e-06,1.71e-06,0.0,1.85,0.676,0.676,0.79,0.79,0.755,1.0,0.000184,0.259,0.2654,0.2616,0.2137,25.97,35.5,50.77,80.94,118.7,132.8
2022-10-14,0.0,0.0,222.6,0.0,38.99,-27.96,0.2251,0.0,6.16e-06,1.45e-06,0.0,1.91,0.694,0.646,0.816,0.788,0.751,1.0,0.000183,0.2555,0.2626,0.2595,0.2136,26.94,36.74,52.23,82.42,120.1,134.2
2022-10-15,0.0,0.0,221.2,0.0,37.64,-29.08,0.2174,0.0,6.15e-06,1.25e-06,0.0,1.94,0.701,0.589,0.83,0.753,0.747,1.0,0.000167,0.2522,0.26,0.2585,0.2134,27.85,37.9,53.58,83.8,121.5,135.5
2022-10-16,0.0,0.0,220.1,0.0,36.5,-30.0,0.2108,0.0,6.14e-06,1.09e-06,0.0,1.89,0.681,0.455,0.813,0.688,0.743,1.0,0.000187,0.2492,0.2586,0.2571,0.2131,28.69,38.87,54.74,84.99,122.6,136.7
2022-10-17,0.0,0.0,219.0,0.0,35.42,-30.86,0.2045,0.0,6.13e-06,9.84e-07,0.0,1.92,0.687,0.446,0.825,0.639,0.739,1.0,0.000181,0.2488,0.2573,0.2558,0.2129,29.47,39.78,55.82,86.12,123.7,137.8
2022-10-18,0.0,0.0,218.0,0.0,34.39,-31.66,0.1986,0.0,6.12e-06,8.97e-07,0.0,1.96,0.698,0.441,0.844,0.587,0.735,1.0,0.000192,0.2469,0.2559,0.2545,0.2125,30.18,40.63,56.84,87.19,124.7,138.8
2022-10-19,0.1,0.0,217.1,0.0,33.52,-32.39,0.1935,0.0,6.11e-06,8.24e-07,0.0,2.01,0.714,0.441,0.869,0.53,0.73,1.0,0.000644,0.2454,0.2546,0.2533,0.2122,30.74,41.32,57.7,88.1,125.6,139.7
2022-10-20,0.0,0.0,216.3,0.0,32.75,-32.95,0.1891,0.0,6.1e-06,7.62e-07,0.0,1.76,0.623,0.377,0.764,0.397,0.727,1.0,0.00022,0.2441,0.2534,0.2522,0.2118,31.24,41.94,58.46,88.92,126.3,140.4
2022-10-21,0.0,0.0,215.8,0.0,32.2,-33.36,0.1859,0.0,6.1e-06,7.13e-07,0.0,1.3,0.458,0.272,0.565,0.275,0.723,1.0,0.000218,0.2431,0.2524,0.2514,0.2115,31.58,42.37,59.02,89.51,126.9,141.0
2022-10-22,0.0,0.0,215.2,0.0,31.67,-33.74,0.1829,0.0,6.09e-06,6.76e-07,0.0,1.37,0.479,0.281,0.596,0.248,0.718,1.0,0.000212,0.2421,0.2514,0.2505,0.2112,31.9,42.79,59.55,90.08,127.4,141.5
2022-10-23,0.0,0.0,214.7,0.0,31.11,-34.15,0.1796,0.0,6.08e-06,6.42e-07,0.0,1.54,0.536,0.311,0.671,0.25,0.714,1.0,0.000207,0.241,0.2504,0.2496,0.2109,32.23,43.21,60.1,90.69,128.0,142.1
2022-10-24,0.0,0.0,214.3,0.0,30.72,-34.5,0.1772,0.0,6.08e-06,6.09e-07,0.0,1.27,0.44,0.251,0.555,0.164,0.71,1.0,0.000219,0.2402,0.2495,0.2488,0.2106,32.45,43.52,60.52,91.14,128.4,142.5
2022-10-25,0.0,0.0,213.8,0.0,30.29,-34.93,0.1742,0.0,6.07e-06,5.82e-07,0.0,1.75,0.605,0.342,0.769,0.182,0.705,1.0,0.000213,0.2392,0.2485,0.2479,0.2102,32.72,43.9,61.02,91.71,128.9,143.0
2022-10-26,0.0,0.0,213.3,0.0,29.86,-35.36,0.1717,0.0,6.06e-06,5.51e-07,0.0,1.83,0.628,0.35,0.804,0.0925,0.702,1.0,0.00024,0.2382,0.2475,0.247,0.2098,32.9,44.18,61.43,92.19,129.4,143.5
2022-10-27,0.1,0.0,213.0,0.0,29.5,-35.72,0.1698,0.0,6.05e-06,5.22e-07,0.0,1.45,0.496,0.272,0.638,0.147,0.698,1.0,0.0011,0.2374,0.2466,0.2462,0.2095,33.02,44.38,61.74,92.54,129.7,143.8
2022-10-28,0.1,0.0,212.6,0.0,29.11,-36.11,0.1676,0.0,6.05e-06,5.0e-07,0.0,1.73,0.589,0.319,0.762,0.173,0.695,1.0,0.00101,0.2365,0.2457,0.2454,0.2091,33.17,44.63,62.1,92.97,130.1,144.2
2022-10-29,0.0,0.0,212.2,0.0,28.7,-36.52,0.165,0.0,6.04e-06,4.76e-07,0.0,1.79,0.608,0.324,0.791,0.121,0.692,1.0,0.000191,0.2357,0.2448,0.2446,0.2087,33.37,44.92,62.51,93.45,130.5,144.6
2022-10-30,0.0,0.0,211.7,0.0,28.29,-36.93,0.1626,0.0,6.03e-06,4.53e-07,0.0,1.91,0.645,0.339,0.845,0.0758,0.688,1.0,0.00021,0.2348,0.2438,0.2437,0.2083,33.54,45.18,62.89,93.89,130.9,145.0
2022-10-31,0.0,0.0,211.4,0.0,27.9,-37.32,0.1604,0.0,6.02e-06,4.32e-07,0.0,1.81,0.61,0.316,0.803,0.0724,0.685,1.0,0.000202,0.234,0.243,0.2429,0.2079,33.69,45.42,63.24,94.31,131.3,145.4
2022-11-01,0.0,0.0,211.0,0.0,27.54,-37.69,0.1582,0.0,6.01e-06,4.12e-07,0.0,1.75,0.587,0.3,0.777,0.0693,0.682,1.0,0.000194,0.2332,0.2421,0.2422,0.2075,33.84,45.65,63.57,94.71,131.7,145.8
2022-11-02,2.0,0.0,212.6,0.0,28.99,-37.9,0.1673,0.0,6.01e-06,4.13e-07,0.0,1.17,0.392,0.198,0.522,0.233,0.68,1.0,0.00236,0.2327,0.2415,0.2416,0.2072,32.11,43.99,61.99,93.18,130.1,144.2
2022-11-03,5.1,0.0,217.1,0.0,33.48,-36.2,0.1933,0.0,6.0e-06,1.37e-06,0.0,1.15,0.385,0.218,0.514,0.383,0.677,1.0,-0.000861,0.2321,0.2409,0.241,0.2069,27.47,39.4,57.48,88.71,125.6,139.7
2022-11-04,0.8,0.0,217.1,0.0,33.52,-35.25,0.1935,0.0,6.0e-06,1.66e-06,0.0,1.43,0.476,0.295,0.638,0.471,0.675,1.0,0.000566,0.2323,0.2402,0.2404,0.2066,27.25,39.25,57.41,88.71,125.6,139.7
2022-11-05,0.3,0.0,216.8,0.0,33.26,-35.08,0.192,0.0,5.99e-06,1.09e-06,0.0,1.05,0.349,0.218,0.469,0.343,0.674,1.0,0.00219,0.2357,0.2397,0.2399,0.2063,27.38,39.43,57.66,89.0,125.8,139.9
2022-11-06,0.0,0.0,216.2,0.0,32.65,-35.26,0.1885,0.0,5.99e-06,8.48e-07,0.0,1.12,0.373,0.234,0.503,0.373,0.672,1.0,0.00216,0.2396,0.2391,0.2394,0.206,27.84,39.95,58.25,89.63,126.4,140.5
2022-11-07,0.0,0.0,215.6,0.0,31.99,-35.61,0.1846,0.0,5.98e-06,6.87e-07,0.0,1.25,0.413,0.232,0.559,0.434,0.67,1.0,0.00062,0.2418,0.2386,0.2389,0.2057,28.36,40.52,58.9,90.33,127.1,141.2
2022-11-08,0.1,0.0,214.9,0.0,31.38,-36.04,0.1811,0.0,5.98e-06,5.94e-07,0.0,1.37,0.452,0.25,0.614,0.459,0.668,1.0,0.000178,0.2421,0.2381,0.2383,0.2054,28.81,41.02,59.48,90.96,127.7,141.8
2022-11-09,0.0,0.0,214.4,0.0,30.8,-36.39,0.1778,0.0,5.98e-06,5.26e-07,0.0,1.15,0.378,0.205,0.515,0.373,0.666,1.0,0.000106,0.2419,0.2377,0.2378,0.2051,29.26,41.51,60.04,91.57,128.3,142.4
2022-11-10,2.2,0.0,216.1,0.0,32.58,-36.08,0.188,0.0,5.97e-06,7.23e-07,0.0,0.779,0.256,0.149,0.35,0.279,0.664,1.0,0.00108,0.2416,0.2374,0.2375,0.2049,27.41,39.68,58.26,89.82,126.5,140.6
2022-11-11,0.9,0.0,216.6,0.0,33.0,-35.55,0.1905,0.0,5.97e-06,1.01e-06,0.0,0.876,0.288,0.178,0.395,0.296,0.663,1.0,0.0022,0.2418,0.2372,0.2371,0.2047,26.89,39.19,57.82,89.42,126.1,140.2
2022-11-12,0.0,0.0,216.1,0.0,32.48,-35.54,0.1875,0.0,5.97e-06,8.86e-07,0.0,0.936,0.307,0.191,0.422,0.331,0.661,1.0,0.00199,0.2433,0.237,0.2367,0.2044,27.32,39.64,58.33,89.97,126.6,140.7
2022-11-13,5.5,0.0,221.1,0.0,37.56,-33.03,0.2168,0.0,5.97e-06,3.79e-06,0.0,0.656,0.215,0.148,0.296,0.281,0.66,1.0,0.0023,0.2454,0.2369,0.2364,0.2042,22.19,34.52,53.25,84.93,121.5,135.6
2022-11-14,0.1,0.0,220.8,0.0,37.22,-32.1,0.2149,0.0,5.96e-06,4.48e-06,0.0,0.706,0.231,0.169,0.319,0.268,0.659,1.0,0.000204,0.2584,0.2368,0.2361,0.204,22.47,34.81,53.58,85.29,121.9,136.0
2022-11-15,5.1,0.0,225.4,0.0,41.78,-29.23,0.2412,0.0,5.96e-06,9.21e-06,0.0,0.792,0.259,0.199,0.358,0.341,0.658,1.0,0.00181,0.2703,0.2367,0.2358,0.2038,17.85,30.19,49.01,80.76,117.3,131.4
2022-11-16,2.4,0.0,227.4,0.0,43.84,-26.92,0.2531,0.0,5.96e-06,1.47e-05,0.0,0.491,0.16,0.134,0.222,0.212,0.657,1.0,0.000318,0.2906,0.237,0.2355,0.2037,15.8,28.11,46.96,78.73,115.3,129.4
2022-11-17,3.5,0.0,230.2,0.0,46.62,-24.5,0.2692,0.0,5.96e-06,2.04e-05,0.0,0.985,0.321,0.281,0.445,0.431,0.656,1.0,0.000475,0.3022,0.2381,0.2352,0.2034,13.1,25.25,44.15,75.97,112.5,126.6
2022-11-18,0.1,0.0,229.5,0.0,45.97,-24.17,0.2654,0.0,5.96e-06,1.68e-05,0.0,1.02,0.332,0.304,0.463,0.453,0.654,1.0,-8.75e-05,0.3042,0.2422,0.2349,0.2032,14.11,25.84,44.79,76.64,113.1,127.2
2022-11-19,15.6,0.0,244.2,0.341,60.68,-12.82,0.3503,0.0,5.96e-06,0.00014,0.0,0.709,0.23,0.224,0.321,0.321,0.653,1.0,-0.00191,0.3561,0.2504,0.2348,0.203,0.05519,11.11,30.07,61.96,98.44,112.5
2022-11-20,0.2,0.0,244.2,0.0,60.6,-11.0,0.3499,0.0,5.96e-06,0.000148,0.0,0.795,0.257,0.257,0.36,0.36,0.652,1.0,0.0011,0.3487,0.2893,0.235,0.2028,3.114,11.22,30.14,62.06,98.51,112.6
2022-11-21,0.8,0.0,244.2,0.0,60.59,-10.62,0.3498,0.0,5.96e-06,6.88e-05,0.0,1.05,0.34,0.34,0.476,0.476,0.651,1.0,0.000424,0.339,0.3021,0.2394,0.2026,5.247,11.79,30.13,62.09,98.53,112.6
2022-11-22,51.0,0.0,290.7,4.1,107.1,32.05,0.6186,0.0,5.96e-06,0.00328,0.0,0.584,0.189,0.0838,0.265,0.265,0.65,1.0,0.00885,0.4463,0.4241,0.3454,0.2024,-21.24,-27.02,-16.43,15.56,51.98,66.05
2022-11-23,0.1,0.0,294.3,0.0,110.7,37.4,0.6392,0.0,5.96e-06,0.00301,0.0,0.994,0.32,0.317,0.451,0.451,0.649,1.0,0.142,0.4051,0.3983,0.3822,0.2029,-10.88,-14.53,-15.85,12.01,48.41,62.48
2022-11-24,0.1,0.0,293.6,0.0,110.1,37.39,0.6355,0.0,5.96e-06,0.000888,0.0,0.959,0.309,0.309,0.435,0.435,0.648,1.0,0.0021,0.3884,0.3832,0.3713,0.2663,-6.787,-8.972,-9.36,12.67,49.06,63.12
2022-11-25,3.1,0.0,296.2,0.0,112.6,39.65,0.65,0.0,5.96e-06,0.000617,0.0,0.765,0.246,0.246,0.348,0.348,0.647,1.0,0.0021,0.3865,0.3767,0.3647,0.2911,-6.773,-8.308,-7.888,10.2,46.55,60.61
2022-11-26,2.8,0.0,298.5,0.0,114.9,42.05,0.6636,0.0,5.96e-06,0.000574,0.0,0.576,0.185,0.185,0.262,0.262,0.646,1.0,0.00097,0.385,0.3746,0.3625,0.3003,-6.403,-7.725,-7.046,8.153,44.2,58.26
2022-11-27,0.1,0.0,298.1,0.0,114.5,42.28,0.6613,0.0,5.97e-06,0.000469,0.0,0.647,0.208,0.208,0.294,0.294,0.646,1.0,0.000557,0.3762,0.3704,0.3601,0.3059,-3.819,-4.73,-3.805,9.592,44.61,58.66
2022-11-28,0.1,0.0,297.8,0.0,114.3,42.28,0.6598,0.0,5.97e-06,0.00035,0.0,0.465,0.149,0.149,0.212,0.212,0.645,1.0,0.000304,0.3694,0.3646,0.356,0.309,-2.16,-2.516,-1.091,11.31,44.87,58.92
2022-11-29,7.7,0.0,305.1,0.18,121.5,48.19,0.7018,0.0,5.97e-06,0.000451,0.0,0.308,0.099,0.099,0.14,0.14,0.645,1.0,0.00187,0.3866,0.3675,0.3545,0.3102,-7.358,-7.964,-6.295,5.596,37.59,51.64
2022-11-30,0.5,0.0,305.6,0.0,122.0,49.52,0.7044,0.0,5.98e-06,0.000512,0.0,0.305,0.0979,0.0979,0.139,0.139,0.645,1.0,0.000916,0.3794,0.3707,0.359,0.3123,-4.74,-5.673,-4.579,6.71,37.15,51.2
2022-12-01,0.1,0.0,305.4,0.0,121.8,49.7,0.7032,0.0,5.98e-06,0.000389,0.0,0.387,0.124,0.124,0.176,0.176,0.645,1.0,0.000133,0.3719,0.3663,0.3573,0.3156,-2.791,-3.315,-2.114,8.483,37.36,51.4
2022-12-02,0.1,0.0,305.1,0.0,121.5,49.66,0.7016,0.0,5.99e-06,0.000314,0.0,0.49,0.157,0.157,0.223,0.223,0.644,1.0,0.0001,0.3661,0.3618,0.3541,0.3171,-1.343,-1.423,0.1571,10.37,37.64,51.68
2022-12-03,7.6,0.0,312.3,0.144,128.7,55.39,0.743,0.0,5.99e-06,0.000414,0.0,0.378,0.121,0.121,0.172,0.172,0.644,1.0,0.00197,0.3838,0.3648,0.353,0.3173,-6.713,-7.055,-5.281,4.793,30.48,44.51
2022-12-04,7.5,0.0,319.4,0.059,135.8,62.21,0.7843,0.0,6.0e-06,0.000736,0.0,0.556,0.178,0.177,0.253,0.253,0.643,1.0,0.000401,0.3968,0.3782,0.3618,0.3187,-9.66,-11.29,-10.57,-0.8545,23.34,37.36
2022-12-05,6.5,0.0,325.5,0.0,141.9,68.22,0.8192,0.0,6.01e-06,0.000999,0.0,0.656,0.21,0.207,0.299,0.299,0.642,1.0,-0.000953,0.4013,0.3867,0.3719,0.325,-10.64,-13.14,-13.87,-5.357,17.31,31.31
2022-12-06,0.4,0.0,325.4,0.0,141.8,69.08,0.8189,0.0,6.01e-06,0.000873,0.0,0.586,0.187,0.187,0.267,0.267,0.641,1.0,0.00194,0.3886,0.3832,0.3736,0.3337,-6.943,-9.141,-10.34,-3.428,17.44,31.36
2022-12-07,0.1,0.0,325.2,0.0,141.6,69.23,0.8177,0.0,6.02e-06,0.000623,0.0,0.407,0.13,0.13,0.186,0.186,0.641,1.0,0.000304,0.3801,0.3764,0.3692,0.3375,-4.815,-6.362,-7.082,-0.9669,17.85,31.58
2022-12-08,1.5,0.0,326.3,0.0,142.7,70.28,0.8242,0.0,6.03e-06,0.000525,0.0,0.464,0.148,0.148,0.212,0.212,0.64,1.0,0.000264,0.3777,0.3722,0.3653,0.3378,-4.473,-5.6,-5.807,0.1526,17.07,30.44
2022-12-09,21.5,0.0,346.8,0.682,163.2,88.38,0.9424,0.0,6.04e-06,0.00177,0.0,0.486,0.155,0.126,0.222,0.222,0.64,1.0,0.00245,0.4284,0.4057,0.3828,0.3386,-17.44,-21.75,-23.89,-18.22,-2.857,9.967
2022-12-10,0.2,0.0,347.3,0.0,163.7,90.45,0.9454,0.0,6.06e-06,0.00208,0.0,0.482,0.154,0.153,0.22,0.22,0.64,1.0,0.000177,0.4036,0.4001,0.392,0.3568,-10.62,-14.52,-18.53,-16.14,-2.661,9.461
2022-12-11,4.5,0.0,351.4,0.0,167.8,94.24,0.9689,0.0,6.11e-06,0.00144,0.0,0.554,0.176,0.175,0.253,0.253,0.64,1.0,5.61e-05,0.4032,0.3956,0.3875,0.3617,-10.94,-14.4,-17.87,-16.56,-5.861,5.39
2022-12-12,0.4,0.0,351.5,0.0,168.0,95.07,0.9699,0.0,6.36e-06,0.00123,0.0,0.298,0.095,0.095,0.136,0.136,0.64,1.0,0.00353,0.393,0.3901,0.3842,0.3633,-8.063,-10.99,-14.08,-13.18,-4.792,5.219
2022-12-13,0.9,0.0,352.2,0.0,168.7,95.91,0.9739,0.0,7.98e-06,0.000983,0.0,0.269,0.0859,0.0859,0.123,0.123,0.64,1.0,0.00056,0.3876,0.3845,0.3795,0.3626,-6.808,-9.184,-11.65,-10.7,-3.961,4.528
2022-12-14,0.7,0.0,352.7,0.0,169.1,96.58,0.9766,0.0,2.91e-05,0.000852,0.0,0.285,0.0908,0.0908,0.13,0.13,0.64,1.0,0.000432,0.3832,0.3804,0.3758,0.3613,-5.688,-7.657,-9.633,-8.487,-2.814,4.049
2022-12-15,29.8,0.0,381.1,1.04,197.5,122.5,1.141,0.0,0.000406,0.00369,0.0,0.531,0.169,0.103,0.242,0.242,0.639,1.0,-0.000266,0.4462,0.4311,0.4123,0.367,-21.07,-27.98,-34.45,-34.55,-29.63,-24.36
2022-12-16,2.3,0.0,384.1,0.0,200.5,126.6,1.158,0.0,0.00411,0.00454,0.0,0.557,0.177,0.15,0.254,0.254,0.639,1.0,0.00149,0.4176,0.4157,0.4106,0.3943,-14.2,-19.69,-26.77,-31.93,-30.82,-27.29
2022-12-17,0.3,0.0,383.8,0.0,200.3,127.0,1.156,0.0,0.0259,0.00271,0.0,0.624,0.199,0.198,0.285,0.285,0.638,1.0,0.000399,0.4036,0.4038,0.4009,0.3938,-10.6,-14.93,-20.74,-25.97,-28.09,-27.08
2022-12-18,0.1,0.0,383.5,0.0,199.9,127.0,1.154,0.0,0.128,0.00212,0.0,0.407,0.129,0.129,0.186,0.186,0.638,1.0,0.00441,0.3953,0.3959,0.3941,0.3919,-8.542,-12.09,-16.99,-21.96,-25.83,-26.74
2022-12-19,0.1,0.0,383.0,0.0,199.4,126.7,1.151,0.0,0.289,0.00192,0.0,0.427,0.136,0.136,0.195,0.195,0.638,1.0,0.00073,0.3895,0.3907,0.3898,0.3913,-7.114,-10.15,-14.48,-19.41,-24.4,-26.22
2022-12-20,0.1,0.0,382.3,0.0,198.7,126.2,1.147,0.0,0.405,0.00185,0.0,0.52,0.165,0.165,0.238,0.238,0.638,1.0,-0.00231,0.3852,0.387,0.387,0.3913,-6.044,-8.724,-12.7,-17.66,-23.28,-25.5
2022-12-21,0.4,0.0,381.8,0.0,198.2,125.8,1.145,0.0,0.476,0.00181,0.0,0.483,0.153,0.153,0.221,0.221,0.637,1.0,-0.00051,0.3829,0.3846,0.3851,0.3912,-5.522,-7.968,-11.72,-16.69,-22.63,-25.05
2022-12-22,0.2,0.0,381.0,0.0,197.4,125.1,1.14,0.0,0.512,0.00178,0.0,0.606,0.192,0.192,0.277,0.277,0.636,1.0,-0.00348,0.3805,0.3829,0.3839,0.3911,-4.87,-7.15,-10.74,-15.69,-21.76,-24.27
2022-12-23,0.1,0.0,380.2,0.0,196.6,124.4,1.135,0.0,0.528,0.00174,0.0,0.585,0.185,0.185,0.268,0.268,0.636,1.0,0.00607,0.3783,0.3813,0.3827,0.3907,-4.31,-6.43,-9.868,-14.75,-20.85,-23.39
2022-12-24,0.2,0.0,379.5,0.0,195.9,123.7,1.131,0.0,0.532,0.00169,0.0,0.432,0.137,0.137,0.198,0.198,0.635,1.0,0.000129,0.377,0.38,0.3817,0.3902,-4.044,-6.036,-9.335,-14.12,-20.19,-22.72
2022-12-25,0.2,0.0,378.8,0.0,195.2,123.1,1.127,0.0,0.529,0.00165,0.0,0.453,0.143,0.143,0.208,0.208,0.634,1.0,0.000195,0.376,0.3791,0.3808,0.3896,-3.794,-5.694,-8.878,-13.54,-19.53,-22.04
2022-12-26,0.2,0.0,377.9,0.0,194.3,122.3,1.122,0.0,0.52,0.00161,0.0,0.751,0.237,0.237,0.344,0.344,0.633,1.0,0.00022,0.3747,0.3781,0.38,0.3888,-3.412,-5.218,-8.282,-12.81,-18.67,-21.14
2022-12-27,0.1,0.0,377.0,0.0,193.4,121.4,1.117,0.0,0.508,0.00155,0.0,0.623,0.196,0.196,0.285,0.285,0.632,1.0,0.000235,0.3734,0.377,0.3791,0.3881,-3.084,-4.784,-7.722,-12.1,-17.83,-20.25
2022-12-28,0.1,0.0,376.2,0.0,192.6,120.7,1.112,0.0,0.494,0.0015,0.0,0.508,0.16,0.16,0.233,0.233,0.631,1.0,0.000239,0.3724,0.3761,0.3782,0.3873,-2.864,-4.47,-7.286,-11.51,-17.09,-19.46
2022-12-29,0.2,0.0,375.5,0.0,192.0,120.0,1.108,0.0,0.481,0.00146,0.0,0.511,0.161,0.161,0.235,0.235,0.63,1.0,0.000231,0.3718,0.3753,0.3775,0.3865,-2.746,-4.277,-6.981,-11.05,-16.48,-18.78
2022-12-30,0.1,0.0,374.8,0.0,191.2,119.3,1.104,0.0,0.466,0.00141,0.0,0.54,0.17,0.17,0.248,0.248,0.629,1.0,0.000198,0.371,0.3746,0.3768,0.3857,-2.512,-3.973,-6.574,-10.49,-15.75,-17.99
2022-12-31,0.1,0.0,373.9,0.0,190.3,118.4,1.099,0.0,0.451,0.00137,0.0,0.666,0.209,0.209,0.306,0.306,0.628,1.0,0.000177,0.3699,0.3738,0.376,0.3849,-2.233,-3.612,-6.1,-9.854,-14.95,-17.13
2023-01-01,0.0,0.0,372.9,0.0,189.3,-1.086,1.093,0.0,0.437,0.00132,0.0,0.731,0.216,0.216,0.345,0.345,0.582,0.0485,0.000157,0.3689,0.3731,0.3754,0.3842,-1.708,-3.019,-5.421,-9.048,-14.0,-16.13
2023-01-02,0.1,0.0,372.0,0.0,188.4,-0.1778,1.088,0.0,0.425,0.00128,0.0,0.761,0.228,0.228,0.357,0.357,0.593,0.0581,0.000209,0.3675,0.3721,0.3746,0.3835,-1.351,-2.557,-4.842,-8.33,-13.15,-15.22
2023-01-03,0.1,0.0,371.2,0.0,187.6,0.5596,1.084,0.0,0.414,0.00124,0.0,0.57,0.173,0.173,0.266,0.266,0.603,0.0666,0.000218,0.3665,0.371,0.3737,0.3827,-1.187,-2.291,-4.449,-7.781,-12.45,-14.46
2023-01-04,0.0,0.0,370.3,0.0,186.7,1.496,1.078,0.0,0.402,0.0012,0.0,0.719,0.222,0.222,0.333,0.333,0.614,0.076,0.000146,0.3653,0.3702,0.3729,0.3819,-0.8088,-1.829,-3.87,-7.041,-11.55,-13.51
2023-01-05,0.1,0.0,369.3,0.0,185.7,2.496,1.072,0.0,0.39,0.00116,0.0,0.908,0.285,0.285,0.417,0.417,0.628,0.0873,0.000127,0.3641,0.3692,0.3721,0.3811,-0.4261,-1.35,-3.267,-6.275,-10.62,-12.51
2023-01-06,0.3,0.0,368.8,0.0,185.2,3.302,1.069,0.0,0.377,0.00112,0.0,0.519,0.165,0.165,0.237,0.237,0.637,0.094,0.000115,0.3637,0.3682,0.3712,0.3802,-0.5739,-1.403,-3.191,-6.028,-10.2,-12.03
2023-01-07,0.2,0.0,368.1,0.0,184.5,5.869,1.066,0.0,0.365,0.00109,0.0,0.651,0.21,0.21,0.296,0.296,0.65,0.103,8.72e-05,0.3635,0.3678,0.3706,0.3793,-0.4422,-1.229,-2.923,-5.596,-9.594,-11.36
2023-01-08,1.9,0.0,369.1,0.0,185.5,5.855,1.071,0.0,0.353,0.00108,0.0,0.729,0.24,0.24,0.327,0.327,0.667,0.115,0.00129,0.3674,0.3683,0.3703,0.3786,-1.808,-2.639,-4.28,-6.807,-10.64,-12.34
2023-01-09,2.8,0.0,370.9,0.0,187.3,7.551,1.082,0.0,0.342,0.00111,0.0,0.822,0.276,0.276,0.365,0.365,0.683,0.126,-0.000155,0.3739,0.3712,0.3715,0.3782,-3.502,-4.605,-6.365,-8.821,-12.51,-14.15
2023-01-10,0.0,0.0,370.0,0.0,186.4,8.17,1.076,0.0,0.333,0.00113,0.0,0.786,0.269,0.269,0.346,0.346,0.699,0.137,0.00272,0.3712,0.3727,0.3731,0.3785,-2.265,-3.514,-5.474,-7.985,-11.61,-13.21
2023-01-11,0.0,0.0,369.0,0.0,185.4,9.009,1.071,0.0,0.327,0.0011,0.0,0.799,0.279,0.279,0.349,0.349,0.716,0.147,0.00176,0.3675,0.3713,0.3727,0.3787,-1.458,-2.58,-4.506,-7.049,-10.67,-12.25
2023-01-12,0.1,0.0,368.2,0.0,184.6,9.87,1.066,0.0,0.326,0.00107,0.0,0.73,0.259,0.259,0.315,0.315,0.732,0.157,0.0046,0.3649,0.3698,0.3717,0.3784,-0.9988,-1.974,-3.778,-6.27,-9.873,-11.46
2023-01-13,0.0,0.0,367.3,0.0,183.7,10.83,1.061,0.0,0.325,0.00104,0.0,0.778,0.282,0.282,0.332,0.332,0.751,0.168,0.00662,0.3629,0.3685,0.3707,0.3779,-0.4803,-1.327,-3.001,-5.397,-8.951,-10.52
2023-01-14,0.0,0.0,366.2,0.0,182.7,13.79,1.055,0.0,0.322,0.00101,0.0,0.914,0.339,0.339,0.385,0.385,0.772,0.18,3.6e-05,0.3607,0.3672,0.3697,0.3773,0.06638,-0.6498,-2.185,-4.46,-7.928,-9.475
2023-01-15,1.9,0.0,367.3,0.0,183.7,13.7,1.061,0.0,0.317,0.000994,0.0,0.629,0.237,0.237,0.262,0.262,0.79,0.19,0.00196,0.3647,0.3668,0.3689,0.3766,-1.451,-2.133,-3.554,-5.69,-9.048,-10.56
2023-01-16,6.6,0.0,373.1,0.0,189.5,17.76,1.094,0.0,0.311,0.00113,0.0,0.702,0.27,0.27,0.29,0.29,0.808,0.2,0.00115,0.3831,0.3735,0.3711,0.3763,-6.542,-7.851,-9.502,-11.58,-14.82,-16.29
2023-01-17,3.6,0.0,375.9,0.0,192.3,20.73,1.111,0.0,0.305,0.00134,0.0,0.549,0.213,0.213,0.225,0.225,0.818,0.205,-0.00065,0.3883,0.3821,0.3779,0.3781,-7.363,-9.51,-12.01,-14.44,-17.7,-19.14
2023-01-18,1.5,0.0,376.8,0.0,193.2,18.69,1.115,0.0,0.305,0.00142,0.0,0.432,0.168,0.168,0.176,0.176,0.823,0.208,0.000207,0.3862,0.384,0.3812,0.3811,-6.578,-8.928,-11.94,-14.94,-18.5,-19.99
2023-01-19,2.2,0.0,378.1,0.0,194.5,19.1,1.123,0.0,0.32,0.00149,0.0,0.685,0.269,0.269,0.279,0.279,0.83,0.211,4.88e-05,0.3862,0.3846,0.3823,0.3833,-6.671,-9.086,-12.29,-15.71,-19.69,-21.32
2023-01-20,3.8,0.0,381.3,0.0342,197.7,20.18,1.141,0.0,0.346,0.00163,0.0,0.305,0.119,0.119,0.124,0.124,0.83,0.211,-0.000614,0.3923,0.3873,0.3842,0.3853,-8.346,-11.03,-14.5,-18.3,-22.7,-24.5
2023-01-21,2.7,0.0,383.3,0.0,199.7,20.24,1.153,0.0,0.377,0.00182,0.0,0.401,0.157,0.157,0.163,0.163,0.83,0.211,-0.000623,0.3934,0.3902,0.3873,0.388,-8.479,-11.45,-15.36,-19.68,-24.56,-26.53
2023-01-22,16.4,0.0,398.5,0.527,215.0,25.66,1.241,0.0,0.415,0.00315,0.0,0.396,0.155,0.0565,0.161,0.161,0.83,0.211,0.00139,0.4276,0.4147,0.4038,0.3939,-17.2,-22.54,-28.55,-34.04,-39.58,-41.77
2023-01-23,16.7,0.0,414.5,0.482,230.9,27.24,1.334,0.0,0.499,0.0068,0.0,0.529,0.207,0.0268,0.215,0.215,0.83,0.211,-0.00373,0.4394,0.4333,0.4265,0.4166,-19.95,-27.19,-36.66,-46.48,-54.85,-57.76
2023-01-24,5.5,0.0,419.1,0.0,235.5,25.69,1.36,0.0,1.07,0.00839,0.0,0.649,0.256,0.115,0.263,0.263,0.837,0.214,0.000119,0.4265,0.426,0.4242,0.4283,-16.57,-23.13,-32.59,-44.8,-57.42,-62.29
2023-01-25,4.8,0.0,421.1,0.0,237.5,25.41,1.372,0.0,2.43,0.00885,0.0,0.5,0.198,0.107,0.202,0.202,0.84,0.216,-0.000784,0.4226,0.4228,0.4224,0.4318,-15.63,-21.89,-31.19,-44.15,-58.51,-64.34
2023-01-26,0.2,0.0,417.7,0.0,234.1,23.5,1.352,0.0,3.29,0.00891,0.0,0.446,0.177,0.145,0.18,0.18,0.84,0.216,-0.00198,0.4118,0.4164,0.4184,0.4318,-12.63,-18.27,-27.08,-40.06,-54.84,-60.92
2023-01-27,0.0,0.0,413.9,0.0,230.4,22.51,1.33,0.0,3.34,0.00796,0.0,0.514,0.204,0.195,0.208,0.208,0.84,0.216,0.00285,0.4056,0.4114,0.4141,0.429,-11.08,-16.22,-24.44,-36.85,-51.23,-57.17
2023-01-28,0.2,0.0,410.7,0.0,227.2,21.96,1.312,0.0,2.97,0.00694,0.0,0.529,0.209,0.208,0.214,0.214,0.84,0.216,0.00705,0.402,0.4078,0.4107,0.4258,-10.22,-15.0,-22.73,-34.52,-48.29,-53.98
2023-01-29,0.3,0.0,407.9,0.0,224.4,21.51,1.296,0.0,2.58,0.00612,0.0,0.645,0.255,0.255,0.261,0.261,0.84,0.216,0.00528,0.3991,0.4051,0.408,0.4229,-9.518,-14.04,-21.36,-32.57,-45.74,-51.18
2023-01-30,0.4,0.0,405.3,0.0,221.7,24.27,1.28,0.0,2.26,0.00547,0.0,1.03,0.41,0.41,0.413,0.413,0.849,0.22,0.0031,0.3959,0.4028,0.4057,0.4202,-8.713,-13.0,-19.97,-30.67,-43.28,-48.49
2023-01-31,0.5,0.0,402.8,0.0,219.2,22.52,1.266,0.0,2.01,0.00493,0.0,1.15,0.468,0.468,0.458,0.458,0.869,0.231,0.00191,0.3933,0.4005,0.4034,0.4177,-8.076,-12.13,-18.76,-28.96,-41.06,-46.05
2023-02-01,0.0,0.0,400.1,0.0,216.6,25.89,1.251,0.0,1.8,0.00445,0.0,1.07,0.446,0.446,0.42,0.42,0.895,0.243,0.0012,0.3901,0.3978,0.401,0.4153,-7.204,-10.99,-17.26,-26.99,-38.59,-43.38
2023-02-02,0.0,0.0,397.6,0.0,214.0,27.92,1.236,0.0,1.62,0.00401,0.0,1.17,0.502,0.502,0.446,0.446,0.937,0.262,0.000784,0.387,0.3952,0.3985,0.4129,-6.441,-9.955,-15.87,-25.11,-36.23,-40.81
2023-02-03,0.0,0.0,395.1,0.0,211.6,29.96,1.222,0.0,1.46,0.00363,0.0,1.2,0.535,0.535,0.445,0.445,0.984,0.283,0.000499,0.3844,0.3927,0.3962,0.4104,-5.786,-9.03,-14.6,-23.36,-33.98,-38.37
2023-02-04,0.0,0.0,392.6,0.0,209.0,30.2,1.207,0.0,1.31,0.0033,0.0,1.5,0.7,0.7,0.539,0.539,1.04,0.308,0.000309,0.3812,0.3889,0.394,0.4081,-4.991,-7.947,-13.19,-21.49,-31.62,-35.82
2023-02-05,0.0,0.0,390.8,0.0,207.2,30.48,1.197,0.0,1.19,0.00299,0.0,0.72,0.337,0.337,0.256,0.256,1.05,0.311,0.000193,0.3807,0.3872,0.3916,0.4057,-4.894,-7.649,-12.55,-20.38,-30.03,-34.03
2023-02-06,0.0,0.0,389.2,0.0,205.6,30.27,1.187,0.0,1.08,0.00276,0.0,0.642,0.301,0.301,0.229,0.229,1.05,0.311,0.00618,0.3799,0.3859,0.39,0.4036,-4.713,-7.337,-11.99,-19.41,-28.61,-32.43
2023-02-07,0.0,0.0,387.7,0.0,204.1,29.99,1.178,0.0,0.985,0.00257,0.0,0.672,0.315,0.315,0.24,0.24,1.05,0.311,0.00606,0.3788,0.3847,0.3887,0.4017,-4.448,-6.949,-11.39,-18.45,-27.24,-30.89
2023-02-08,0.0,0.0,386.3,0.0,202.7,29.78,1.17,0.0,0.908,0.00241,0.0,0.562,0.263,0.263,0.2,0.2,1.05,0.311,0.00444,0.378,0.3835,0.3874,0.4,-4.252,-6.635,-10.88,-17.6,-26.02,-29.52
2023-02-09,0.0,0.0,384.9,0.0,201.3,29.49,1.163,0.0,0.843,0.00227,0.0,0.641,0.3,0.3,0.229,0.229,1.05,0.311,0.00332,0.3768,0.3824,0.3862,0.3985,-3.962,-6.231,-10.29,-16.71,-24.79,-28.15
2023-02-10,0.0,0.0,383.4,0.0,199.8,29.06,1.154,0.0,0.788,0.00214,0.0,0.85,0.398,0.398,0.303,0.303,1.05,0.311,0.00255,0.3751,0.381,0.385,0.397,-3.521,-5.66,-9.536,-15.67,-23.43,-26.66
2023-02-11,0.0,0.0,381.7,0.0,198.1,29.08,1.144,0.0,0.739,0.00202,0.0,1.24,0.588,0.588,0.44,0.44,1.07,0.317,0.00205,0.3725,0.3792,0.3836,0.3955,-2.848,-4.805,-8.483,-14.32,-21.78,-24.9
2023-02-12,0.0,0.0,379.9,0.0,196.3,30.04,1.134,0.0,0.696,0.00189,0.0,1.25,0.603,0.603,0.433,0.433,1.1,0.33,0.00174,0.3702,0.3772,0.382,0.394,-2.29,-4.045,-7.485,-13.02,-20.17,-23.17
2023-02-13,0.0,0.0,378.3,0.0,194.7,33.15,1.124,0.0,0.654,0.00177,0.0,1.16,0.569,0.569,0.393,0.393,1.13,0.341,0.00146,0.3685,0.3754,0.3803,0.3923,-1.86,-3.431,-6.63,-11.85,-18.67,-21.55
2023-02-14,0.0,0.0,376.4,0.0,192.8,32.37,1.114,0.0,0.614,0.00166,0.0,1.52,0.769,0.769,0.502,0.502,1.18,0.36,0.00118,0.3659,0.3734,0.3788,0.3907,-1.199,-2.553,-5.514,-10.41,-16.91,-19.66
2023-02-15,0.0,0.0,374.5,0.0,190.9,36.23,1.102,0.0,0.576,0.00155,0.0,1.64,0.861,0.861,0.519,0.519,1.25,0.384,0.000971,0.3633,0.3711,0.377,0.389,-0.5437,-1.676,-4.35,-8.915,-15.08,-17.71
2023-02-16,0.0,0.0,372.6,0.0,189.1,36.17,1.092,0.0,0.539,0.00144,0.0,1.51,0.819,0.819,0.461,0.461,1.31,0.405,0.000792,0.3613,0.3691,0.3739,0.3872,-0.05966,-0.9918,-3.359,-7.572,-13.39,-15.89
2023-02-17,0.0,0.0,370.9,0.0,187.3,37.79,1.082,0.0,0.504,0.00134,0.0,1.48,0.828,0.828,0.437,0.437,1.37,0.426,0.000625,0.3595,0.3672,0.3721,0.3854,0.3894,-0.3555,-2.438,-6.295,-11.76,-14.12
2023-02-18,0.0,0.0,369.2,0.0,185.6,39.62,1.072,0.0,0.47,0.00125,0.0,1.42,0.821,0.821,0.405,0.405,1.43,0.447,0.000478,0.3578,0.3655,0.3704,0.3835,0.7873,0.2155,-1.595,-5.097,-10.2,-12.42
2023-02-19,0.0,0.0,367.6,0.0,184.0,41.9,1.062,0.0,0.439,0.00116,0.0,1.34,0.796,0.796,0.362,0.362,1.51,0.473,0.000359,0.3565,0.3639,0.3688,0.3817,1.122,0.7071,-0.8454,-3.998,-8.737,-10.82
2023-02-20,0.0,0.0,366.0,0.0,182.4,43.8,1.053,0.0,0.409,0.00109,0.0,1.35,0.829,0.829,0.35,0.35,1.58,0.495,0.000265,0.3551,0.3624,0.3672,0.38,1.46,1.198,-0.09071,-2.903,-7.284,-9.232
2023-02-21,0.1,0.0,364.9,0.0,181.3,46.08,1.047,0.0,0.382,0.00102,0.0,0.963,0.607,0.607,0.239,0.239,1.66,0.518,0.000198,0.3548,0.3614,0.3661,0.3783,1.471,1.307,0.196,-2.263,-6.29,-8.104
2023-02-22,0.0,0.0,363.8,0.0,180.2,50.42,1.041,0.0,0.357,0.000963,0.0,0.813,0.526,0.526,0.192,0.192,1.74,0.542,0.000138,0.3546,0.3608,0.3651,0.3767,1.542,1.446,0.4868,-1.657,-5.345,-7.029
2023-02-23,0.0,0.0,362.2,0.0,178.7,50.37,1.032,0.0,0.334,0.000914,0.0,1.37,0.906,0.906,0.308,0.308,1.82,0.566,9.67e-05,0.353,0.3593,0.3636,0.3753,1.953,2.001,1.271,-0.55,-3.92,-5.48
2023-02-24,0.0,0.0,360.7,0.0,177.1,52.49,1.023,0.0,0.314,0.000858,0.0,1.39,0.946,0.946,0.299,0.299,1.89,0.589,7.51e-05,0.3514,0.3578,0.3621,0.3732,2.353,2.558,2.054,0.5683,-2.481,-3.921
2023-02-25,0.0,0.0,359.4,0.0,175.8,55.02,1.015,0.0,0.295,0.000805,0.0,1.09,0.76,0.76,0.223,0.223,1.98,0.614,5.62e-05,0.3505,0.3566,0.3609,0.3713,2.573,2.894,2.57,1.401,-1.322,-2.642
2023-02-26,20.5,0.0,378.3,0.13,194.7,74.33,1.124,0.0,0.278,0.00144,0.0,1.48,1.04,0.886,0.296,0.296,2.01,0.624,0.00783,0.4135,0.3828,0.3672,0.3698,-14.04,-16.13,-17.05,-17.95,-20.36,-21.56
2023-02-27,10.0,0.0,387.4,0.293,203.8,83.19,1.177,0.0,0.262,0.0026,0.0,0.622,0.436,0.353,0.124,0.124,2.01,0.624,0.000846,0.4182,0.4067,0.3961,0.3801,-14.81,-19.35,-24.12,-26.95,-29.53,-30.65
2023-02-28,1.1,0.0,388.0,0.0,204.4,81.73,1.18,0.0,0.27,0.00265,0.0,0.623,0.437,0.43,0.125,0.125,2.01,0.624,0.00158,0.4041,0.4022,0.3983,0.3921,-10.88,-15.04,-20.45,-25.52,-29.76,-31.22
2023-03-01,8.2,0.0,395.2,0.232,211.6,85.49,1.222,0.0,0.355,0.00292,0.0,0.553,0.388,0.326,0.111,0.111,2.01,0.624,-0.000302,0.415,0.4072,0.4012,0.3968,-13.99,-18.62,-24.45,-30.47,-36.27,-38.4
2023-03-02,14.2,0.0,408.2,0.437,224.6,92.38,1.297,0.0,0.501,0.00494,0.0,0.791,0.556,0.295,0.157,0.157,2.02,0.627,-0.00332,0.4323,0.4243,0.4168,0.4085,-18.22,-24.55,-32.58,-40.89,-48.6,-51.43
2023-03-03,2.9,0.0,409.8,0.0,226.2,91.53,1.306,0.0,0.824,0.00599,0.0,1.39,0.986,0.682,0.269,0.269,2.07,0.639,0.00161,0.4171,0.417,0.4153,0.4185,-14.16,-19.82,-27.94,-38.25,-48.93,-52.99
2023-03-04,0.3,0.0,407.3,0.0,223.7,89.86,1.292,0.0,1.46,0.00554,0.0,1.55,1.12,0.972,0.293,0.293,2.11,0.654,-0.00183,0.405,0.4084,0.4094,0.4194,-10.98,-15.81,-23.22,-33.76,-45.73,-50.55
2023-03-05,0.0,0.0,403.8,0.0,220.2,89.85,1.272,0.0,1.81,0.00512,0.0,1.93,1.4,1.34,0.349,0.349,2.18,0.673,0.00231,0.3968,0.4018,0.4043,0.4175,-8.95,-13.13,-19.85,-30.03,-42.11,-47.05
2023-03-06,0.0,0.0,400.9,0.0,217.4,90.61,1.255,0.0,1.79,0.00456,0.0,1.21,0.895,0.879,0.213,0.213,2.23,0.689,0.000981,0.3929,0.3979,0.4008,0.4151,-7.981,-11.77,-18.02,-27.7,-39.37,-44.17
2023-03-07,0.0,0.0,397.9,0.0,214.3,91.73,1.238,0.0,1.63,0.00409,0.0,1.54,1.15,1.14,0.26,0.26,2.3,0.708,0.000752,0.3892,0.3945,0.3977,0.4121,-7.055,-10.51,-16.3,-25.39,-36.53,-41.13
2023-03-08,0.0,0.0,394.9,0.0,211.3,93.08,1.22,0.0,1.45,0.00364,0.0,1.66,1.26,1.25,0.27,0.27,2.36,0.728,0.000477,0.3859,0.3913,0.3947,0.4091,-6.239,-9.38,-14.73,-23.23,-33.78,-38.16
2023-03-09,0.0,0.0,392.0,0.0,208.4,95.33,1.203,0.0,1.29,0.00324,0.0,1.76,1.35,1.35,0.272,0.272,2.44,0.754,0.000268,0.3828,0.3883,0.3918,0.406,-5.49,-8.336,-13.26,-21.16,-31.1,-35.24
2023-03-10,0.0,0.0,389.2,0.0,205.6,97.58,1.187,0.0,1.14,0.00288,0.0,1.79,1.4,1.4,0.265,0.265,2.52,0.78,0.00395,0.3801,0.3856,0.3891,0.4031,-4.813,-7.385,-11.91,-19.23,-28.54,-32.44
2023-03-11,0.0,0.0,385.8,0.0,202.2,101.5,1.168,0.0,1.01,0.00257,0.0,2.56,2.02,2.02,0.362,0.362,2.59,0.803,0.0066,0.3762,0.3821,0.3858,0.3996,-3.858,-6.08,-10.1,-16.74,-25.4,-29.06
2023-03-12,0.0,0.0,383.0,0.0,199.4,99.06,1.151,0.0,0.885,0.00225,0.0,2.12,1.69,1.69,0.293,0.293,2.63,0.818,0.00442,0.3736,0.3793,0.383,0.3966,-3.193,-5.136,-8.756,-14.8,-22.79,-26.2
2023-03-13,0.0,0.0,380.0,0.0,196.4,99.44,1.134,0.0,0.778,0.002,0.0,2.37,1.89,1.89,0.318,0.318,2.68,0.836,0.00278,0.3706,0.3764,0.3802,0.3934,-2.458,-4.111,-7.305,-12.73,-20.05,-23.21
2023-03-14,6.2,0.0,383.8,0.02,200.2,104.8,1.156,0.0,0.686,0.00192,0.0,1.82,1.46,1.46,0.238,0.238,2.72,0.851,0.00259,0.3865,0.38,0.3801,0.3909,-7.318,-9.304,-12.41,-17.36,-24.09,-27.0
2023-03-15,0.9,0.0,382.4,0.0,198.8,105.5,1.148,0.0,0.613,0.00195,0.0,1.83,1.48,1.48,0.237,0.237,2.74,0.859,-0.000116,0.3837,0.3834,0.3832,0.3905,-5.897,-8.214,-11.68,-16.54,-22.86,-25.59
2023-03-16,0.0,0.0,380.1,0.0,196.6,104.9,1.135,0.0,0.569,0.00181,0.0,1.76,1.42,1.42,0.225,0.225,2.76,0.866,0.00184,0.3786,0.381,0.3821,0.39,-4.463,-6.552,-9.883,-14.63,-20.75,-23.38
2023-03-17,0.0,0.0,377.8,0.0,194.2,103.9,1.121,0.0,0.543,0.00168,0.0,1.96,1.59,1.59,0.248,0.248,2.78,0.873,0.002,0.3742,0.3777,0.3795,0.3885,-3.375,-5.139,-8.128,-12.58,-18.45,-21.0
2023-03-18,0.0,0.0,375.0,0.0,191.4,105.4,1.105,0.0,0.517,0.00154,0.0,2.43,1.97,1.97,0.303,0.303,2.8,0.884,0.000203,0.3699,0.3741,0.3765,0.3861,-2.308,-3.717,-6.276,-10.27,-15.77,-18.2
2023-03-19,11.4,0.0,384.3,0.297,200.7,112.0,1.159,0.0,0.483,0.00176,0.0,1.45,1.18,1.15,0.178,0.178,2.82,0.894,0.00298,0.4008,0.3853,0.3797,0.3849,-10.96,-13.42,-16.29,-20.05,-25.21,-27.5
2023-03-20,7.6,0.0,390.5,0.171,206.9,122.1,1.195,0.0,0.453,0.00248,0.0,1.2,0.984,0.918,0.147,0.147,2.84,0.901,-0.00208,0.4102,0.4007,0.3938,0.3898,-12.85,-16.83,-21.54,-26.24,-31.49,-33.7
2023-03-21,0.1,0.0,388.1,0.0,204.5,119.6,1.181,0.0,0.463,0.00259,0.0,2.33,1.91,1.91,0.28,0.28,2.86,0.912,0.00204,0.3957,0.3962,0.3943,0.3949,-8.728,-12.31,-17.26,-22.91,-28.9,-31.31
2023-03-22,0.0,0.0,385.1,0.0,201.6,119.9,1.164,0.0,0.529,0.00226,0.0,2.54,2.09,2.09,0.302,0.302,2.89,0.924,-0.00134,0.3867,0.389,0.3891,0.3945,-6.473,-9.352,-13.66,-19.25,-25.72,-28.38
2023-03-23,0.0,0.0,382.1,0.0,198.6,116.5,1.147,0.0,0.579,0.00203,0.0,2.57,2.12,2.12,0.301,0.301,2.91,0.935,-0.00239,0.3803,0.3835,0.3847,0.3926,-4.894,-7.237,-10.96,-16.2,-22.66,-25.38
2023-03-24,0.0,0.0,379.4,0.0,195.8,116.8,1.13,0.0,0.58,0.00182,0.0,2.35,1.94,1.94,0.272,0.272,2.92,0.944,0.00162,0.3756,0.3794,0.3812,0.3904,-3.731,-5.661,-8.907,-13.73,-19.94,-22.59
2023-03-25,0.0,0.0,376.5,0.0,192.9,113.4,1.114,0.0,0.551,0.00165,0.0,2.41,1.99,1.99,0.277,0.277,2.94,0.952,0.000281,0.3716,0.3757,0.3781,0.3879,-2.729,-4.303,-7.106,-11.44,-17.26,-19.77
2023-03-26,9.6,0.0,383.1,0.109,199.6,119.0,1.152,0.0,0.51,0.00178,0.0,2.55,2.11,2.09,0.291,0.291,2.95,0.958,0.00244,0.3958,0.3831,0.3792,0.3856,-9.733,-11.98,-14.82,-18.71,-24.04,-26.37
2023-03-27,0.0,0.0,380.5,0.0,196.9,119.9,1.137,0.0,0.466,0.00186,0.0,2.42,2.01,2.01,0.275,0.275,2.95,0.963,0.000636,0.386,0.3858,0.384,0.3868,-6.333,-8.869,-12.34,-16.45,-21.55,-23.73
2023-03-28,0.0,0.0,377.7,0.0,194.1,116.0,1.121,0.0,0.445,0.00166,0.0,2.51,2.08,2.08,0.285,0.285,2.96,0.966,-0.000229,0.3787,0.3808,0.381,0.3865,-4.503,-6.562,-9.683,-13.72,-18.78,-20.91
2023-03-29,0.0,0.0,375.3,0.0,191.7,114.2,1.107,0.0,0.435,0.0015,0.0,2.06,1.71,1.71,0.233,0.233,2.96,0.97,-0.00234,0.374,0.3769,0.3781,0.385,-3.341,-5.018,-7.747,-11.51,-16.44,-18.53
2023-03-30,0.0,0.0,372.6,0.0,189.0,112.3,1.091,0.0,0.424,0.00137,0.0,2.41,2.0,2.0,0.271,0.271,2.97,0.975,0.00564,0.3697,0.3732,0.3749,0.3829,-2.255,-3.565,-5.86,-9.207,-13.83,-15.84
2023-03-31,1.1,0.0,371.4,0.0,187.8,111.3,1.084,0.0,0.402,0.00126,0.0,2.05,1.71,1.71,0.231,0.231,2.97,0.979,0.00527,0.3694,0.371,0.3726,0.3808,-2.441,-3.531,-5.495,-8.444,-12.73,-14.61
2023-04-01,0.9,0.0,369.2,0.0,185.6,111.5,1.072,0.0,0.375,0.00119,0.0,2.83,2.36,2.36,0.318,0.318,2.98,0.983,0.00426,0.3676,0.369,0.3704,0.3782,-1.974,-2.869,-4.494,-6.943,-10.75,-12.46
2023-04-02,1.8,0.0,368.8,0.0,185.2,110.9,1.07,0.0,0.343,0.0011,0.0,1.96,1.63,1.63,0.22,0.22,2.98,0.985,0.00137,0.3695,0.3686,0.3694,0.3765,-2.651,-3.501,-4.964,-7.081,-10.5,-12.06
2023-04-03,0.0,0.0,366.6,0.0,183.1,107.9,1.057,0.0,0.318,0.00104,0.0,1.97,1.64,1.64,0.221,0.221,2.98,0.987,0.00383,0.3663,0.3679,0.3688,0.375,-1.453,-2.231,-3.581,-5.41,-8.474,-9.882
2023-04-04,0.1,0.0,364.9,0.0,181.3,106.3,1.047,0.0,0.295,0.000959,0.0,1.66,1.38,1.38,0.185,0.185,2.98,0.987,0.00298,0.3635,0.3659,0.3674,0.3737,-0.7513,-1.336,-2.491,-4.067,-6.835,-8.124
2023-04-05,0.0,0.0,362.9,0.0,179.4,104.6,1.036,0.0,0.278,0.000895,0.0,1.77,1.47,1.47,0.198,0.198,2.98,0.988,0.00387,0.3607,0.3637,0.3655,0.3721,-0.02412,-0.3934,-1.289,-2.551,-5.008,-6.18
2023-04-06,0.0,0.0,360.2,0.0,176.6,102.2,1.02,0.0,0.262,0.00083,0.0,2.6,2.17,2.17,0.291,0.291,2.98,0.989,0.00437,0.3568,0.3606,0.3628,0.3697,0.9268,0.8675,0.3674,-0.4191,-2.445,-3.461
2023-04-07,0.1,0.0,357.5,0.0,174.0,99.81,1.004,0.0,0.241,0.000748,0.0,2.69,2.24,2.24,0.301,0.301,2.99,0.991,0.0047,0.3535,0.3575,0.36,0.3671,1.733,1.986,1.893,1.616,0.06756,-0.7785
2023-04-08,0.0,0.0,355.0,0.0,171.4,97.58,0.9896,0.0,0.221,0.000671,0.0,2.49,2.08,2.08,0.278,0.278,2.99,0.992,0.0045,0.3504,0.3547,0.3574,0.3645,2.524,3.052,3.326,3.538,2.467,1.793
2023-04-09,0.0,0.0,352.6,0.0,169.0,95.48,0.9759,0.0,0.202,0.000605,0.0,2.31,1.93,1.93,0.257,0.257,2.99,0.993,0.00393,0.3477,0.3522,0.3551,0.3621,3.212,3.991,4.603,5.282,4.678,4.174
2023-04-10,0.0,0.0,350.1,0.0,166.6,93.31,0.9618,0.0,0.185,0.000549,0.0,2.4,2.0,2.0,0.267,0.267,2.99,0.995,0.00333,0.3449,0.3496,0.3527,0.3596,3.91,4.945,5.908,7.072,6.952,6.624
2023-04-11,0.0,0.0,347.2,0.0,163.6,90.71,0.9447,0.0,0.168,0.000497,0.0,2.94,2.45,2.45,0.328,0.328,2.99,0.997,0.0028,0.3414,0.3465,0.3498,0.3567,4.782,6.126,7.513,9.248,9.684,9.571
2023-04-12,0.0,0.0,344.5,0.0,160.9,88.35,0.9292,0.0,0.15,0.000441,0.0,2.69,2.24,2.24,0.299,0.299,2.99,0.998,0.00239,0.3384,0.3436,0.3472,0.3539,5.535,7.16,8.929,11.2,12.18,12.26
2023-04-13,10.5,0.0,351.8,0.104,168.3,93.35,0.9716,0.0,0.136,0.00051,0.0,3.09,2.58,2.58,0.344,0.344,2.99,0.999,0.00247,0.3676,0.3456,0.3449,0.3508,-3.402,-1.948,0.1827,3.051,4.62,4.92
2023-04-14,3.5,0.0,352.4,0.0,168.9,96.2,0.9751,0.0,0.121,0.000602,0.0,3.05,2.54,2.54,0.339,0.339,2.99,1.0,0.000617,0.3721,0.3582,0.3504,0.3486,-3.529,-3.238,-1.626,1.66,3.804,4.317
2023-04-15,0.0,0.0,349.5,0.0,165.9,94.05,0.958,0.0,0.108,0.000532,0.0,3.01,2.51,2.51,0.334,0.334,3.0,1.0,0.00128,0.3633,0.3588,0.3538,0.3484,-0.7561,-0.5624,0.6094,3.955,6.556,7.268
2023-04-16,0.0,0.0,347.0,0.0,163.4,91.84,0.9434,0.0,0.0979,0.000452,0.0,2.58,2.16,2.16,0.287,0.287,3.0,1.0,0.00176,0.3566,0.3553,0.3528,0.3484,0.9476,1.468,2.721,6.081,8.95,9.806
2023-04-17,0.5,0.0,345.3,0.0,161.8,90.28,0.934,0.0,0.091,0.000407,0.0,2.14,1.79,1.79,0.238,0.238,3.0,1.0,-0.000423,0.3531,0.3522,0.3508,0.3479,1.66,2.479,3.966,7.439,10.48,11.42
2023-04-18,0.0,0.0,342.6,0.0,159.1,87.86,0.9185,0.0,0.0869,0.000376,0.0,2.76,2.3,2.3,0.306,0.306,3.0,1.0,0.000236,0.3484,0.3488,0.3482,0.3463,2.991,4.138,5.986,9.774,13.07,14.12
2023-04-19,1.2,0.0,340.5,0.0,156.9,85.58,0.9062,0.0,0.0823,0.000343,0.0,3.42,2.86,2.86,0.38,0.38,3.0,1.0,0.00216,0.3456,0.3449,0.3447,0.3438,3.252,4.786,7.109,11.38,15.05,16.24
2023-04-20,0.5,0.0,337.5,0.0,153.9,82.79,0.8887,0.0,0.0765,0.000309,0.0,3.67,3.06,3.06,0.407,0.407,3.0,1.0,0.000175,0.3421,0.3416,0.3415,0.3409,4.335,6.198,8.989,13.81,17.95,19.28
2023-04-21,0.0,0.0,334.5,0.0,150.9,80.12,0.8714,0.0,0.0703,0.000269,0.0,3.08,2.57,2.57,0.342,0.342,3.0,1.0,0.000726,0.3377,0.3386,0.3389,0.3385,5.62,7.782,10.94,16.23,20.79,22.26
2023-04-22,0.0,0.0,331.1,0.0,147.6,76.98,0.852,0.0,0.0651,0.000237,0.0,3.49,2.92,2.92,0.387,0.387,3.0,1.0,0.000242,0.3325,0.3347,0.3357,0.3356,6.95,9.494,13.11,18.94,23.99,25.63
2023-04-23,0.0,0.0,327.5,0.0,143.9,73.57,0.831,0.0,0.0594,0.000206,0.0,3.78,3.16,3.16,0.419,0.419,3.0,1.0,0.000293,0.3271,0.3304,0.3321,0.3325,8.3,11.27,15.4,21.85,27.44,29.27
2023-04-24,0.4,0.0,324.7,0.0,141.1,70.78,0.8147,0.0,0.0535,0.000178,0.0,3.35,2.79,2.79,0.371,0.371,3.0,1.0,0.000764,0.3233,0.3266,0.3288,0.3296,9.037,12.38,16.98,23.98,30.08,32.08
2023-04-25,0.2,0.0,322.0,0.0,138.5,68.3,0.7995,0.0,0.0486,0.000157,0.0,2.95,2.47,2.47,0.327,0.327,3.0,1.0,0.000503,0.3203,0.3235,0.326,0.327,9.826,13.48,18.48,25.98,32.56,34.73
2023-04-26,0.0,0.0,318.6,0.0,135.0,65.06,0.7794,0.0,0.0444,0.00014,0.0,3.63,3.03,3.03,0.402,0.402,3.0,1.0,0.000401,0.3159,0.3197,0.3226,0.3238,11.06,15.08,20.57,28.7,35.84,38.2
2023-04-27,0.0,0.0,315.0,0.0,131.4,61.75,0.759,0.0,0.0398,0.000121,0.0,3.69,3.08,3.08,0.409,0.409,3.0,1.0,0.000358,0.311,0.3158,0.3191,0.3205,12.29,16.7,22.68,31.44,39.17,41.73
2023-04-28,0.0,0.0,311.4,0.0,127.8,58.28,0.7378,0.0,0.0355,0.000104,0.0,3.85,3.21,3.21,0.426,0.426,3.0,1.0,0.000372,0.306,0.3117,0.3155,0.3171,13.55,18.37,24.87,34.3,42.63,45.41
2023-04-29,0.3,0.0,308.8,0.0,125.3,55.8,0.7233,0.0,0.0315,8.94e-05,0.0,2.93,2.45,2.45,0.325,0.325,3.0,1.0,0.000755,0.3027,0.3086,0.3128,0.3144,14.17,19.29,26.19,36.12,44.97,47.91
2023-04-30,0.0,0.0,306.1,0.0,122.5,53.29,0.7076,0.0,0.0285,7.95e-05,0.0,2.86,2.38,2.38,0.316,0.316,3.0,1.0,0.000555,0.2997,0.3056,0.3101,0.3117,15.05,20.47,27.75,38.19,47.52,50.64
2023-05-01,45.3,0.0,339.9,0.0,156.3,82.44,0.9026,10.1,0.0259,0.00149,0.0,1.79,1.5,1.4,0.199,0.199,3.0,1.0,0.169,0.412,0.3769,0.3149,0.31,-12.63,-13.53,-6.838,3.944,13.63,16.87
2023-05-02,117.5,0.0,366.4,0.0,182.8,108.3,1.056,90.4,0.0241,0.00413,0.0,1.13,0.945,0.642,0.125,0.125,3.0,1.0,0.212,0.4354,0.4294,0.413,0.3173,-18.45,-25.21,-31.19,-22.9,-12.96,-9.624
2023-05-03,16.3,0.0,381.2,0.0,197.6,123.2,1.141,0.0,0.0228,0.0056,0.0,2.57,2.14,1.37,0.285,0.285,3.0,1.0,0.159,0.4327,0.4315,0.4239,0.3828,-17.74,-24.8,-33.47,-35.83,-27.86,-24.4
2023-05-04,0.0,0.0,377.8,0.0,194.2,120.9,1.122,0.0,0.0221,0.00346,0.0,3.71,3.09,2.9,0.41,0.41,3.0,1.0,0.0013,0.4055,0.4064,0.4025,0.3893,-11.1,-15.68,-21.61,-25.8,-23.93,-21.06
2023-05-05,0.0,0.0,373.8,0.0,190.2,117.4,1.098,0.0,0.0381,0.00192,0.0,4.21,3.51,3.51,0.466,0.466,3.0,1.0,0.00346,0.3903,0.3918,0.3895,0.383,-7.395,-10.52,-14.66,-17.8,-18.26,-17.05
2023-05-06,0.0,0.0,369.5,0.0,185.9,113.5,1.074,0.0,0.0976,0.00137,0.0,4.45,3.71,3.71,0.493,0.493,3.0,1.0,0.000678,0.3792,0.3812,0.3799,0.3773,-4.643,-6.722,-9.514,-11.65,-12.81,-12.74
2023-05-07,0.0,0.0,365.0,0.0,181.4,109.3,1.047,0.0,0.159,0.00107,0.0,4.65,3.88,3.88,0.515,0.515,3.0,1.0,0.002,0.3699,0.3725,0.3722,0.3726,-2.341,-3.562,-5.279,-6.541,-7.81,-8.187
2023-05-08,0.0,0.0,361.9,0.0,178.3,106.5,1.03,0.0,0.185,0.000875,0.0,3.05,2.55,2.55,0.338,0.338,3.0,1.0,0.000933,0.3643,0.3669,0.3673,0.3695,-0.9404,-1.608,-2.657,-3.371,-4.585,-5.116
2023-05-09,0.0,0.0,358.4,0.0,174.8,103.2,1.009,0.0,0.194,0.000773,0.0,3.49,2.91,2.91,0.387,0.387,3.0,1.0,2.49e-05,0.3586,0.3617,0.3627,0.3664,0.487,0.3313,-0.08374,-0.2036,-1.124,-1.622
2023-05-10,26.2,0.0,382.8,0.0,199.2,125.0,1.15,0.0,0.188,0.00261,0.0,2.24,1.87,1.52,0.248,0.248,3.0,1.0,0.149,0.4248,0.4142,0.3941,0.3655,-15.83,-21.02,-24.83,-24.91,-25.57,-26.01
2023-05-11,2.8,0.0,383.1,0.0,199.5,126.0,1.152,0.0,0.183,0.0026,0.0,2.55,2.13,2.03,0.282,0.282,3.0,1.0,0.000603,0.4069,0.4036,0.3971,0.3834,-11.5,-15.77,-20.83,-24.13,-25.83,-26.31
2023-05-12,5.6,0.0,385.2,0.0,201.6,128.1,1.164,0.0,0.208,0.00244,0.0,3.63,3.03,2.88,0.402,0.402,3.0,1.0,0.000396,0.4066,0.4019,0.3952,0.3868,-11.42,-15.51,-20.37,-24.38,-27.48,-28.42
2023-05-13,5.1,0.0,387.2,0.0,203.6,130.1,1.176,0.0,0.27,0.00249,0.0,3.13,2.61,2.51,0.346,0.346,3.0,1.0,0.000837,0.4057,0.4013,0.3954,0.3896,-11.21,-15.25,-20.18,-24.76,-28.94,-30.39
2023-05-14,11.4,0.0,396.6,0.0,213.0,139.0,1.23,0.0,0.347,0.00347,0.0,2.09,1.74,1.43,0.231,0.231,3.0,1.0,0.00496,0.4209,0.4158,0.4071,0.3954,-14.91,-20.38,-26.86,-32.61,-37.86,-39.79
2023-05-15,0.1,0.0,393.0,0.0,209.5,136.3,1.209,0.0,0.456,0.00341,0.0,3.39,2.83,2.79,0.375,0.375,3.0,1.0,0.00201,0.4005,0.4022,0.4006,0.4015,-9.886,-14.07,-19.96,-26.86,-33.75,-36.27
2023-05-16,99.0,0.0,417.3,0.0,233.7,159.1,1.35,73.2,0.617,0.00687,0.0,1.96,1.63,0.778,0.217,0.217,3.0,1.0,0.0859,0.4394,0.4398,0.4353,0.4217,-19.41,-27.33,-38.1,-48.85,-57.45,-60.54
2023-05-17,57.6,0.0,435.5,0.0,251.9,177.3,1.455,37.6,1.38,0.0136,0.0,1.91,1.59,0.243,0.212,0.212,3.0,1.0,0.0258,0.441,0.4439,0.4434,0.4482,-19.8,-28.16,-40.52,-56.64,-72.67,-78.73
2023-05-18,0.5,0.0,428.9,0.0,245.3,171.5,1.416,0.0,5.88,0.0168,0.0,3.0,2.5,0.883,0.332,0.332,3.0,1.0,0.001,0.4199,0.4258,0.4288,0.445,-14.6,-21.19,-31.63,-47.23,-65.01,-72.12
2023-05-19,10.6,0.0,432.8,0.0,249.3,175.0,1.439,0.0,6.2,0.0155,0.0,1.64,1.37,0.342,0.182,0.182,3.0,1.0,0.0882,0.431,0.4345,0.4352,0.4457,-17.37,-24.8,-36.04,-51.75,-68.98,-76.07
2023-05-20,6.7,0.0,432.5,0.0,248.9,174.7,1.437,0.0,6.35,0.0165,0.0,2.04,1.71,0.45,0.226,0.226,3.0,1.0,-0.00107,0.4288,0.4326,0.4338,0.4462,-16.8,-24.05,-35.11,-50.94,-68.62,-75.72
2023-05-21,0.0,0.0,424.0,0.0,240.5,166.9,1.389,0.0,6.35,0.0148,0.0,4.26,3.55,1.61,0.472,0.472,3.0,1.0,0.0027,0.413,0.4201,0.4236,0.4404,-12.9,-18.92,-28.6,-43.29,-60.2,-67.28
2023-05-22,0.0,0.0,416.1,0.0,232.5,159.2,1.342,0.0,5.17,0.0106,0.0,4.42,3.69,2.3,0.49,0.49,3.0,1.0,0.00348,0.4038,0.4112,0.4152,0.4326,-10.65,-15.79,-24.24,-37.39,-52.85,-59.31
2023-05-23,0.0,0.0,408.6,0.0,225.0,152.0,1.299,0.0,3.64,0.00774,0.0,5.16,4.31,3.26,0.572,0.572,3.0,1.0,0.0013,0.3953,0.4032,0.4075,0.4252,-8.61,-12.94,-20.26,-31.94,-45.98,-51.83
2023-05-24,4.8,0.0,406.9,0.0,223.3,149.9,1.289,0.0,2.64,0.00612,0.0,5.03,4.19,3.33,0.557,0.557,3.0,1.0,0.000613,0.4027,0.4043,0.4049,0.419,-10.48,-14.88,-21.7,-32.16,-44.83,-50.1
2023-05-25,0.0,0.0,401.5,0.0,217.9,145.0,1.258,0.0,2.02,0.00509,0.0,3.92,3.27,2.92,0.435,0.435,3.0,1.0,0.00141,0.3931,0.3984,0.4013,0.4157,-8.055,-11.89,-18.2,-28.0,-39.83,-44.72
2023-05-26,0.0,0.0,395.4,0.0,211.8,139.2,1.223,0.0,1.69,0.00419,0.0,4.92,4.11,3.86,0.546,0.546,3.0,1.0,0.000892,0.3851,0.3915,0.3949,0.41,-6.092,-9.247,-14.63,-23.31,-34.13,-38.62
2023-05-27,0.2,0.0,390.1,0.0,206.5,134.2,1.193,0.0,1.35,0.00333,0.0,4.45,3.71,3.62,0.494,0.494,3.0,1.0,0.000366,0.3799,0.386,0.3897,0.4045,-4.798,-7.407,-12.02,-19.63,-29.31,-33.35
2023-05-28,0.0,0.0,384.6,0.0,201.0,128.9,1.161,0.0,1.08,0.00269,0.0,4.71,3.93,3.9,0.522,0.522,3.0,1.0,0.00469,0.374,0.3806,0.3845,0.399,-3.316,-5.387,-9.238,-15.76,-24.28,-27.85
2023-05-29,0.5,0.0,379.9,0.0,196.3,124.3,1.134,0.0,0.855,0.00217,0.0,4.61,3.85,3.85,0.512,0.512,3.0,1.0,0.0049,0.3701,0.3758,0.3797,0.3936,-2.427,-4.021,-7.15,-12.62,-20.02,-23.14
2023-05-30,0.0,0.0,375.0,0.0,191.4,119.6,1.105,0.0,0.685,0.00177,0.0,4.5,3.75,3.75,0.5,0.5,3.0,1.0,0.00205,0.3649,0.3713,0.3753,0.3886,-1.066,-2.21,-4.683,-9.158,-15.5,-18.21
2023-05-31,2.7,0.0,373.2,0.0,189.6,117.5,1.095,0.0,0.557,0.0015,0.0,4.12,3.44,3.44,0.458,0.458,2.99,1.0,0.00215,0.369,0.369,0.3716,0.3839,-2.377,-3.281,-5.194,-8.761,-14.13,-16.46
2023-06-01,0.0,0.0,368.1,0.0,184.6,112.8,1.066,0.0,0.462,0.00129,0.0,4.89,4.08,4.08,0.544,0.544,2.99,1.0,0.000365,0.3619,0.3661,0.3687,0.3793,-0.3629,-0.9743,-2.409,-5.07,-9.433,-11.37
2023-06-02,0.0,0.0,363.3,0.0,179.7,108.3,1.038,0.0,0.38,0.00106,0.0,4.7,3.92,3.92,0.522,0.522,2.99,1.0,0.000146,0.3556,0.3612,0.3645,0.3749,1.215,1.09,0.265,-1.535,-4.971,-6.549
2023-06-03,6.9,0.0,365.9,0.0,182.3,109.7,1.053,0.0,0.318,0.00101,0.0,4.26,3.56,3.56,0.475,0.475,2.99,1.0,0.00281,0.3741,0.3624,0.3615,0.3706,-3.73,-3.945,-4.293,-5.273,-7.848,-9.104
2023-06-04,14.7,0.0,376.5,0.0,192.9,119.3,1.114,0.0,0.27,0.00179,0.0,4.18,3.49,3.31,0.466,0.466,2.99,1.0,0.00251,0.4077,0.3923,0.3756,0.3682,-11.68,-14.7,-16.48,-17.03,-18.81,-19.76
2023-06-05,4.9,0.0,379.0,0.0,195.4,122.0,1.128,0.0,0.232,0.00186,0.0,2.39,1.99,1.97,0.267,0.267,2.99,1.0,0.0,0.4028,0.3957,0.3873,0.3759,-10.53,-13.99,-17.58,-19.54,-21.38,-22.19
2023-06-06,6.3,0.0,381.3,0.0,197.7,124.3,1.142,0.0,0.228,0.00208,0.0,4.07,3.39,3.28,0.454,0.454,2.99,1.0,0.00151,0.4041,0.3977,0.3899,0.3803,-10.82,-14.49,-18.5,-21.29,-23.66,-24.52
2023-06-07,1.0,0.0,378.2,0.0,194.7,121.8,1.124,0.0,0.243,0.00186,0.0,4.02,3.35,3.35,0.449,0.449,2.98,1.0,0.00179,0.3905,0.3898,0.3865,0.3829,-7.479,-10.4,-14.11,-17.38,-20.41,-21.48
2023-06-08,1.7,0.0,375.4,0.0,191.8,119.2,1.108,0.0,0.274,0.00159,0.0,4.49,3.74,3.74,0.502,0.502,2.98,1.0,-0.00011,0.3841,0.3831,0.3808,0.3812,-5.937,-8.195,-11.16,-14.12,-17.41,-18.66
2023-06-09,0.1,0.0,370.2,0.0,186.6,114.4,1.077,0.0,0.291,0.00135,0.0,5.36,4.47,4.47,0.601,0.601,2.98,1.0,-0.00264,0.3729,0.3753,0.3749,0.3779,-3.104,-4.599,-6.76,-9.098,-12.15,-13.4
2023-06-10,10.6,0.0,377.1,0.0,193.5,120.1,1.117,0.0,0.284,0.00156,0.0,3.63,3.02,3.0,0.408,0.408,2.98,1.0,-0.00456,0.3991,0.3865,0.3767,0.3754,-9.682,-12.2,-14.43,-16.33,-19.09,-20.3
2023-06-11,0.1,0.0,372.4,0.0,188.9,116.3,1.091,0.0,0.273,0.00149,0.0,4.7,3.91,3.91,0.529,0.529,2.97,1.0,0.00157,0.3819,0.3816,0.3787,0.3765,-5.324,-7.43,-10.01,-12.09,-14.61,-15.68
2023-06-12,0.0,0.0,367.9,0.0,184.3,112.2,1.064,0.0,0.258,0.00119,0.0,4.57,3.8,3.8,0.515,0.515,2.97,1.0,-0.00467,0.3717,0.3737,0.3731,0.3749,-2.775,-4.114,-5.988,-7.74,-10.1,-11.11
2023-06-13,5.8,0.0,370.1,0.0,186.5,113.6,1.077,0.0,0.248,0.00115,0.0,3.56,2.96,2.96,0.402,0.402,2.97,1.0,-0.000741,0.3841,0.3747,0.3705,0.3724,-6.053,-7.457,-8.922,-10.22,-12.34,-13.29
2023-06-14,6.5,0.0,372.7,0.0,189.1,115.9,1.092,0.0,0.239,0.00135,0.0,3.88,3.23,3.23,0.439,0.439,2.96,1.0,0.00126,0.3928,0.3826,0.3745,0.3713,-8.135,-10.28,-12.17,-13.26,-15.05,-15.89
2023-06-15,0.0,0.0,368.1,0.0,184.6,112.2,1.066,0.0,0.225,0.00123,0.0,4.53,3.76,3.76,0.514,0.514,2.96,1.0,0.000879,0.3777,0.3774,0.3745,0.3719,-4.28,-5.967,-7.929,-9.109,-10.68,-11.38
2023-06-16,6.5,0.0,369.3,0.0,185.7,112.8,1.072,0.0,0.213,0.00122,0.0,5.43,4.51,4.51,0.617,0.617,2.96,1.0,-3.57e-05,0.3873,0.378,0.3714,0.3695,-6.802,-8.505,-9.991,-10.7,-11.96,-12.54
2023-06-17,0.5,0.0,364.3,0.0,180.7,108.4,1.044,0.0,0.199,0.00107,0.0,5.61,4.66,4.66,0.64,0.64,2.95,1.0,0.0,0.3737,0.3729,0.37,0.3678,-3.344,-4.576,-5.875,-6.257,-7.111,-7.548
2023-06-18,0.0,0.0,358.7,0.0,175.1,103.3,1.011,0.0,0.184,0.000845,0.0,5.73,4.75,4.75,0.656,0.656,2.95,1.0,-0.00143,0.3626,0.3647,0.3641,0.3647,-0.5381,-0.9772,-1.497,-1.276,-1.674,-1.95
2023-06-19,0.0,0.0,353.5,0.0,169.9,98.44,0.9809,0.0,0.169,0.000672,0.0,5.4,4.47,4.47,0.62,0.62,2.94,1.0,-0.000476,0.3538,0.3573,0.358,0.3607,1.654,1.949,2.259,3.25,3.415,3.313
2023-06-20,0.0,0.0,347.9,0.0,164.3,93.23,0.9488,0.0,0.153,0.000546,0.0,5.73,4.74,4.74,0.661,0.661,2.93,1.0,0.00063,0.3454,0.35,0.3518,0.3559,3.749,4.758,5.933,7.842,8.734,8.867
2023-06-21,0.0,0.0,342.0,0.0,158.5,87.7,0.9149,0.0,0.134,0.000439,0.0,6.08,5.03,5.03,0.705,0.705,2.92,1.0,0.00121,0.337,0.3428,0.3455,0.3507,5.838,7.563,9.629,12.55,14.31,14.73
2023-06-22,0.0,0.0,336.2,0.0,152.6,82.18,0.8812,0.0,0.115,0.000349,0.0,6.09,5.03,5.03,0.71,0.71,2.91,1.0,0.00126,0.329,0.3358,0.3394,0.3453,7.848,10.26,13.2,17.16,19.85,20.58
2023-06-23,12.2,0.0,343.6,0.0,160.0,87.4,0.924,0.0,0.0965,0.000461,0.0,4.96,4.09,4.09,0.583,0.583,2.9,1.0,0.00293,0.3678,0.3365,0.335,0.3407,-2.152,0.2074,3.788,8.63,12.14,13.15
2023-06-24,0.0,0.0,339.0,0.0,155.4,83.84,0.8975,0.0,0.0829,0.000378,0.0,4.8,3.95,3.95,0.566,0.566,2.89,1.0,0.000126,0.3536,0.3451,0.3384,0.3368,1.611,3.204,6.567,12.14,16.46,17.75
2023-06-25,0.0,0.0,334.1,0.0,150.5,79.38,0.8689,0.0,0.0712,0.000288,0.0,5.19,4.27,4.27,0.616,0.616,2.88,1.0,0.00269,0.3429,0.3406,0.3373,0.3338,4.307,6.313,9.844,16.0,21.11,22.71
2023-06-26,0.0,0.0,328.4,0.0,144.8,74.17,0.8363,0.0,0.0606,0.000229,0.0,5.93,4.87,4.87,0.708,0.708,2.87,1.0,0.000934,0.333,0.3338,0.3328,0.3302,6.802,9.459,13.6,20.49,26.42,28.35
2023-06-27,0.5,0.0,323.2,0.0,139.6,69.19,0.8063,0.0,0.0509,0.000181,0.0,6.0,4.92,4.92,0.723,0.723,2.86,1.0,0.00186,0.3249,0.3268,0.3273,0.3259,8.592,11.93,16.82,24.54,31.31,33.54
2023-06-28,0.0,0.0,319.8,0.0,136.2,66.09,0.7864,0.0,0.0429,0.000143,0.0,3.62,2.96,2.96,0.439,0.439,2.85,1.0,0.000528,0.3204,0.3227,0.3241,0.3231,9.92,13.66,18.99,27.24,34.56,36.98
2023-06-29,0.0,0.0,315.0,0.0,131.5,61.63,0.7591,0.0,0.0384,0.000124,0.0,5.0,4.09,4.09,0.612,0.612,2.84,1.0,0.0003,0.3133,0.3174,0.3195,0.3192,11.72,16.0,21.99,31.0,39.04,41.72
2023-06-30,3.2,0.0,314.3,0.0,130.7,59.98,0.7545,0.0,0.0332,0.00011,0.0,4.21,3.44,3.44,0.519,0.519,2.82,1.0,0.00136,0.3137,0.3127,0.3156,0.3157,9.987,14.71,21.25,30.94,39.61,42.51
2023-07-01,0.0,0.0,309.9,0.0,126.3,56.3,0.7294,0.0,0.0293,9.57e-05,0.0,4.6,3.75,3.75,0.571,0.571,2.81,1.0,0.0025,0.312,0.3093,0.3115,0.3118,11.73,16.81,23.93,34.36,43.72,46.86
2023-07-02,0.0,0.0,304.7,0.0,121.2,51.57,0.6996,0.0,0.0256,7.83e-05,0.0,5.47,4.45,4.45,0.685,0.685,2.79,1.0,0.000879,0.3043,0.3048,0.307,0.3073,13.82,19.35,27.14,38.45,48.59,52.02
2023-07-03,22.2,0.0,321.6,0.0,138.0,65.06,0.7969,0.0,0.0218,0.000613,0.0,5.69,4.61,4.61,0.72,0.72,2.78,1.0,-0.000398,0.3792,0.3196,0.3023,0.3026,-4.439,-0.1839,8.277,20.49,31.46,35.17
2023-07-04,7.1,0.0,324.0,0.0,140.4,67.61,0.8109,0.0,0.0184,0.000465,0.0,4.98,4.03,4.03,0.635,0.635,2.76,1.0,0.00106,0.3795,0.3482,0.3158,0.2986,-4.779,-3.207,4.115,17.07,28.78,32.75
2023-07-05,0.0,0.0,319.1,0.0,135.5,63.68,0.7823,0.0,0.0158,0.000291,0.0,5.27,4.25,4.25,0.68,0.68,2.75,1.0,0.000355,0.3591,0.3471,0.3285,0.296,0.3222,1.832,7.632,20.99,33.46,37.7
2023-07-06,0.0,0.0,315.2,0.0,131.6,60.35,0.76,0.0,0.0135,0.00017,0.0,4.12,3.32,3.32,0.536,0.536,2.73,1.0,0.00246,0.3476,0.3403,0.3285,0.2968,3.199,5.318,10.84,24.06,37.11,41.56
2023-07-07,0.1,0.0,310.5,0.0,126.9,56.04,0.7328,0.0,0.0119,0.000124,0.0,5.14,4.13,4.13,0.677,0.677,2.71,1.0,0.0028,0.3371,0.3326,0.3244,0.2967,5.785,8.633,14.58,27.92,41.57,46.28
2023-07-08,0.0,0.0,305.6,0.0,122.0,51.55,0.7045,0.0,0.0102,8.98e-05,0.0,5.24,4.19,4.19,0.698,0.698,2.69,1.0,0.00146,0.3276,0.3252,0.3191,0.2953,8.187,11.75,18.35,32.03,46.22,51.18
2023-07-09,0.0,0.0,300.3,0.0,116.8,46.7,0.6742,0.0,0.00871,6.64e-05,0.0,5.61,4.48,4.48,0.759,0.759,2.67,1.0,0.000891,0.3182,0.3177,0.3133,0.2925,10.54,14.84,22.21,36.44,51.21,56.42
2023-07-10,0.0,0.0,294.7,0.0,111.1,41.42,0.6414,0.0,0.00742,4.91e-05,0.0,6.09,4.84,4.84,0.836,0.836,2.64,1.0,0.000723,0.3086,0.3099,0.307,0.2887,12.95,18.02,26.24,41.21,56.62,62.1
2023-07-11,0.0,0.0,288.9,0.0,105.3,36.03,0.608,0.0,0.00628,3.6e-05,0.0,6.21,4.91,4.91,0.867,0.867,2.61,1.0,0.000406,0.2991,0.3022,0.3006,0.2845,15.33,21.15,30.25,46.05,62.15,67.89
2023-07-12,0.0,0.0,284.1,0.0,100.5,31.56,0.5802,0.0,0.0053,2.65e-05,0.0,5.17,4.08,4.08,0.736,0.736,2.58,1.0,0.000397,0.2913,0.2958,0.2953,0.2807,17.26,23.72,33.55,50.07,66.75,72.71
2023-07-13,10.5,0.0,289.9,0.0,106.3,34.72,0.614,0.0,0.00462,7.03e-05,0.0,4.98,3.91,3.91,0.719,0.719,2.56,1.0,0.00107,0.3167,0.2898,0.2902,0.277,8.616,15.65,26.19,43.42,60.68,66.84
2023-07-14,0.0,0.0,285.2,0.0,101.6,31.2,0.5868,0.0,0.00404,4.56e-05,0.0,5.08,3.97,3.97,0.746,0.746,2.53,1.0,0.000176,0.3152,0.2891,0.2854,0.2731,11.01,18.14,29.36,47.34,65.19,71.56
2023-07-15,0.0,0.0,279.5,0.0,95.95,26.17,0.554,0.0,0.00353,2.77e-05,0.0,6.12,4.76,4.76,0.914,0.914,2.5,1.0,0.0031,0.3041,0.2878,0.2808,0.2684,13.9,21.23,33.15,52.03,70.61,77.24
2023-07-16,0.0,0.0,273.9,0.0,90.31,21.05,0.5215,0.0,0.00298,1.82e-05,0.0,6.09,4.71,4.71,0.927,0.927,2.47,1.0,0.000892,0.2935,0.2835,0.2767,0.2638,16.58,24.34,36.91,56.68,76.0,82.88
2023-07-17,0.0,0.0,268.2,0.0,84.57,15.79,0.4884,0.0,0.00252,1.26e-05,0.0,6.2,4.77,4.77,0.963,0.963,2.44,1.0,0.000727,0.2833,0.2777,0.2722,0.2591,19.16,27.48,40.74,61.41,81.48,88.61
2023-07-18,0.0,0.0,262.4,0.0,78.84,10.51,0.4553,0.0,0.00212,8.85e-06,0.0,6.21,4.75,4.75,0.984,0.984,2.4,1.0,0.000604,0.2734,0.2714,0.2674,0.2544,21.67,30.61,44.57,66.13,86.95,94.34
2023-07-19,0.0,0.0,256.8,0.0,73.26,5.358,0.423,0.0,0.00178,6.36e-06,0.0,6.07,4.6,4.6,0.981,0.981,2.37,1.0,0.000541,0.2639,0.265,0.2624,0.2499,24.07,33.63,48.3,70.73,92.28,99.93
2023-07-20,0.0,0.0,251.4,0.0,67.87,0.3789,0.3919,0.0,0.00149,4.68e-06,0.0,5.88,4.43,4.43,0.97,0.955,2.34,1.0,0.00047,0.2548,0.2588,0.2575,0.2456,26.36,36.52,51.89,75.16,97.43,105.3
2023-07-21,0.3,0.0,247.0,0.0,63.45,-3.918,0.3663,0.0,0.00126,3.55e-06,0.0,5.27,3.94,3.94,0.886,0.778,2.3,1.0,0.00113,0.2473,0.2534,0.2532,0.2418,27.89,38.58,54.56,78.56,101.6,109.7
2023-07-22,0.0,0.0,242.0,0.0,58.42,-8.5,0.3373,0.0,0.00104,2.77e-06,0.0,5.75,4.28,4.28,0.986,0.747,2.27,1.0,0.000695,0.2427,0.2481,0.2488,0.2378,29.65,40.86,57.47,82.24,106.2,114.8
2023-07-23,0.0,0.0,238.1,0.0,54.47,-12.07,0.3145,0.0,0.000756,2.11e-06,0.0,5.38,3.98,3.33,0.942,0.611,2.24,1.0,0.000428,0.2378,0.2438,0.245,0.2343,31.1,42.74,59.9,85.35,109.9,118.7
2023-07-24,0.0,0.0,234.6,0.0,51.01,-15.19,0.2946,0.0,0.000642,1.71e-06,0.0,5.14,3.77,2.95,0.918,0.514,2.2,1.0,0.000224,0.234,0.2399,0.2416,0.2312,32.32,44.34,61.98,88.05,113.2,122.2
2023-07-25,0.3,0.0,231.7,0.0,48.11,-18.06,0.2778,0.0,0.000553,1.42e-06,0.0,5.17,3.76,2.76,0.942,0.441,2.17,1.0,0.000577,0.2305,0.2365,0.2384,0.2281,33.11,45.47,63.57,90.22,115.9,125.1
2023-07-26,0.0,0.0,229.0,0.0,45.47,-20.39,0.2625,0.0,0.000479,1.19e-06,0.0,4.55,3.29,2.27,0.843,0.378,2.14,1.0,0.00036,0.2277,0.2336,0.2359,0.2256,34.0,46.64,65.11,92.25,118.4,127.7
2023-07-27,0.0,0.0,226.3,0.0,42.75,-22.79,0.2468,0.0,0.000424,1.02e-06,0.0,5.06,3.64,2.38,0.955,0.333,2.11,1.0,0.000153,0.2249,0.2307,0.2332,0.2229,34.86,47.78,66.64,94.31,120.9,130.4
2023-07-28,0.0,0.0,223.8,0.0,40.21,-25.07,0.2322,0.0,0.000372,8.72e-07,0.0,5.1,3.64,2.25,0.978,0.296,2.08,1.0,4.84e-05,0.2223,0.2281,0.2307,0.2204,35.64,48.83,68.06,96.22,123.3,133.0
2023-07-29,0.0,0.0,221.4,0.0,37.87,-27.34,0.2181,0.0,0.000327,7.5e-07,0.0,5.39,3.81,2.22,1.05,0.213,2.05,1.0,8.31e-05,0.2198,0.2255,0.2282,0.2179,36.31,49.77,69.36,98.02,125.6,135.4
2023-07-30,0.0,0.0,219.3,0.0,35.82,-29.38,0.2061,0.0,0.000287,6.44e-07,0.0,5.19,3.65,2.0,1.04,0.0757,2.02,1.0,0.000147,0.2176,0.2232,0.226,0.2155,36.79,50.47,70.39,99.5,127.5,137.5
2023-07-31,0.0,0.0,217.4,0.0,33.97,-31.21,0.1955,0.0,0.000254,5.6e-07,0.0,4.98,3.47,1.8,1.01,0.051,1.99,1.0,0.000153,0.2157,0.2211,0.224,0.2134,37.2,51.08,71.29,100.8,129.2,139.3
2023-08-01,0.0,0.0,215.9,0.0,32.44,-32.72,0.1866,0.0,0.000227,4.93e-07,0.0,4.4,3.03,1.49,0.913,0.0459,1.95,1.0,0.000126,0.2141,0.2195,0.2224,0.2116,37.53,51.57,72.02,101.9,130.6,140.9
2023-08-02,0.0,0.0,214.3,0.0,30.81,-34.34,0.1772,0.0,0.000206,4.42e-07,0.0,4.98,3.41,1.59,1.05,0.0414,1.92,1.0,0.000102,0.2125,0.2177,0.2207,0.2097,37.87,52.09,72.79,103.0,132.1,142.5
2023-08-03,0.0,0.0,213.0,0.0,29.51,-35.62,0.1697,0.0,0.000185,3.93e-07,0.0,4.19,2.84,1.26,0.906,0.0374,1.89,1.0,8.55e-05,0.2113,0.2164,0.2193,0.2082,38.13,52.49,73.39,103.9,133.3,143.8
2023-08-04,3.9,0.0,215.2,0.0,31.67,-36.24,0.1828,0.0,0.00017,5.94e-07,0.0,4.1,2.76,1.21,0.9,0.409,1.86,1.0,0.000551,0.2102,0.2151,0.2181,0.2068,34.88,49.37,70.45,101.3,130.9,141.5
2023-08-05,19.8,0.0,233.2,0.0,49.63,-22.02,0.2866,0.0,0.000157,0.00012,0.0,2.69,1.8,1.34,0.598,0.501,1.84,1.0,0.0066,0.2879,0.2144,0.2173,0.2059,16.31,30.87,52.07,83.06,112.9,123.6
2023-08-06,0.0,0.0,229.5,0.0,45.95,-24.12,0.2653,0.0,0.000149,2.22e-05,0.0,4.83,3.2,2.68,1.09,1.0,1.81,1.0,0.00161,0.2883,0.213,0.216,0.2043,18.95,33.63,55.03,86.32,116.5,127.2
2023-08-07,0.0,0.0,226.2,0.0,42.67,-26.57,0.2464,0.0,0.000136,6.25e-06,0.0,4.31,2.84,2.37,0.987,0.908,1.79,1.0,7.67e-05,0.2757,0.2121,0.2149,0.203,21.42,36.12,57.69,89.24,119.6,130.5
2023-08-08,0.0,0.0,222.6,0.0,38.97,-29.58,0.225,0.0,0.000125,2.79e-06,0.0,5.01,3.27,2.63,1.17,1.07,1.76,1.0,0.00264,0.262,0.2118,0.2137,0.2015,24.29,38.94,60.7,92.53,123.2,134.2
2023-08-09,0.0,0.0,219.5,0.0,35.87,-32.07,0.2071,0.0,0.000114,1.3e-06,0.0,4.84,3.13,2.09,1.14,1.01,1.74,1.0,0.0012,0.2543,0.2123,0.2126,0.2001,26.63,41.24,63.16,95.27,126.2,137.3
2023-08-10,0.0,0.0,216.8,0.0,33.2,-34.19,0.1917,0.0,0.000105,7.29e-07,0.0,4.86,3.12,1.69,1.17,0.98,1.71,1.0,0.00107,0.2465,0.2131,0.2115,0.1988,28.54,43.14,65.22,97.58,128.8,140.0
2023-08-11,0.0,0.0,214.3,0.0,30.71,-36.22,0.1774,0.0,9.69e-05,4.85e-07,0.0,4.91,3.12,1.57,1.2,0.922,1.68,1.0,0.000462,0.2428,0.2135,0.2105,0.1976,30.26,44.89,67.12,99.72,131.2,142.5
2023-08-12,0.0,0.0,212.0,0.0,28.42,-38.07,0.1641,0.0,8.94e-05,3.52e-07,0.0,4.98,3.13,1.46,1.24,0.837,1.65,1.0,0.000274,0.2377,0.2135,0.2096,0.1964,31.8,46.47,68.84,101.7,133.4,144.8
2023-08-13,0.0,0.0,210.0,0.0,26.37,-39.7,0.1523,0.0,8.27e-05,2.76e-07,0.0,4.92,3.06,1.33,1.25,0.718,1.62,1.0,0.000217,0.2337,0.2133,0.2088,0.1953,33.12,47.85,70.35,103.4,135.4,146.8
2023-08-14,0.0,0.0,208.2,0.0,24.57,-41.1,0.1419,0.0,7.67e-05,2.3e-07,0.0,4.84,2.98,1.22,1.25,0.583,1.59,1.0,0.000224,0.2303,0.2128,0.208,0.1942,34.23,49.02,71.64,104.9,137.1,148.6
2023-08-15,0.0,0.0,206.6,0.0,22.99,-42.29,0.1328,0.0,7.14e-05,2.0e-07,0.0,4.86,2.96,1.14,1.28,0.436,1.56,1.0,0.000223,0.2272,0.2122,0.2073,0.1932,35.14,50.01,72.73,106.2,138.6,150.2
2023-08-16,0.0,0.0,205.2,0.0,21.74,-43.47,0.1248,0.0,6.66e-05,1.78e-07,0.0,5.05,3.04,1.11,1.35,0.257,1.53,1.0,0.000159,0.2244,0.2114,0.2066,0.1922,35.84,50.78,73.62,107.3,139.9,151.6
2023-08-17,0.0,0.0,204.2,0.0,20.71,-44.5,0.1189,0.0,6.22e-05,1.61e-07,0.0,4.71,2.8,0.972,1.28,0.0588,1.5,1.0,0.000196,0.2221,0.2107,0.206,0.1913,36.27,51.29,74.22,108.1,140.8,152.6
2023-08-18,0.0,0.0,203.1,0.0,19.69,-45.52,0.113,0.0,5.84e-05,1.48e-07,0.0,4.99,2.93,0.97,1.38,0.0562,1.48,1.0,0.000179,0.2198,0.2099,0.2054,0.1904,36.69,51.78,74.81,108.8,141.8,153.6
2023-08-19,0.0,0.0,202.2,0.0,18.72,-46.47,0.1074,0.0,5.48e-05,1.36e-07,0.0,4.99,2.9,0.911,1.4,0.0531,1.45,1.0,0.000159,0.2178,0.2091,0.2049,0.1895,37.07,52.24,75.35,109.5,142.7,154.6
2023-08-20,0.0,0.0,201.3,0.0,17.85,-47.33,0.1024,0.0,5.15e-05,1.26e-07,0.0,4.81,2.76,0.826,1.37,0.0493,1.42,1.0,0.000138,0.2161,0.2084,0.2044,0.1887,37.41,52.65,75.84,110.2,143.5,155.5
2023-08-21,0.0,0.0,200.4,0.0,16.99,-48.17,0.09739,0.0,4.86e-05,1.17e-07,0.0,5.03,2.86,0.815,1.46,0.0454,1.4,1.0,0.000118,0.2144,0.2076,0.2039,0.188,37.73,53.04,76.31,110.8,144.3,156.3
2023-08-22,0.0,0.0,199.6,0.0,16.17,-48.97,0.09269,0.0,4.59e-05,1.1e-07,0.0,5.07,2.84,0.772,1.5,0.0418,1.37,1.0,0.0001,0.2129,0.2069,0.2034,0.1872,38.02,53.4,76.75,111.4,145.0,157.1
2023-08-23,0.0,0.0,198.9,0.0,15.39,-49.74,0.08819,0.0,4.33e-05,1.03e-07,0.0,5.18,2.86,0.741,1.55,0.0384,1.34,1.0,8.49e-05,0.2115,0.2062,0.203,0.1865,38.3,53.74,77.17,111.9,145.8,157.9
2023-08-24,0.0,0.0,198.1,0.0,14.65,-50.47,0.0839,0.0,4.1e-05,9.64e-08,0.0,5.25,2.86,0.707,1.6,0.0353,1.31,1.0,7.19e-05,0.2102,0.2055,0.2026,0.1858,38.55,54.06,77.56,112.5,146.4,158.7
2023-08-25,0.0,0.0,197.4,0.0,13.96,-51.15,0.07992,0.0,3.88e-05,9.07e-08,0.0,5.18,2.78,0.656,1.61,0.0324,1.28,1.0,6.1e-05,0.209,0.2049,0.2022,0.1851,38.78,54.35,77.91,113.0,147.1,159.3
2023-08-26,0.0,0.0,196.8,0.0,13.37,-51.73,0.0765,0.0,3.69e-05,8.58e-08,0.0,4.71,2.5,0.563,1.48,0.0299,1.26,1.0,5.18e-05,0.208,0.2044,0.2018,0.1845,38.98,54.6,78.21,113.4,147.6,159.9
2023-08-27,0.0,0.0,196.3,0.0,12.86,-52.22,0.07358,0.0,3.52e-05,8.17e-08,0.0,4.23,2.21,0.478,1.35,0.0276,1.23,1.0,4.41e-05,0.2072,0.2039,0.2016,0.184,39.14,54.8,78.47,113.7,148.1,160.4
2023-08-28,8.8,0.0,203.7,0.0,20.13,-49.2,0.1162,0.0,3.39e-05,4.09e-06,0.0,3.93,2.04,0.689,1.27,0.73,1.22,1.0,0.00144,0.2065,0.2035,0.2013,0.1836,31.45,47.15,70.86,106.2,140.7,153.1
2023-08-29,9.2,0.0,212.1,0.0,28.49,-42.42,0.1645,0.0,3.27e-05,2.56e-05,0.0,1.7,0.877,0.399,0.553,0.435,1.21,1.0,-0.00434,0.2151,0.2034,0.2012,0.1834,22.97,38.68,62.4,97.77,132.3,144.7
2023-08-30,0.2,0.0,210.5,0.0,26.96,-42.58,0.1557,0.0,3.22e-05,8.63e-06,0.0,3.2,1.63,0.848,1.05,0.88,1.19,1.0,0.00133,0.2595,0.203,0.2011,0.183,24.26,40.0,63.75,99.19,133.8,146.2
2023-08-31,0.1,0.0,208.7,0.0,25.08,-43.69,0.1448,0.0,3.13e-05,2.96e-06,0.0,3.63,1.84,0.975,1.2,1.01,1.18,1.0,0.000107,0.2581,0.2027,0.2008,0.1827,25.88,41.66,65.44,101.0,135.6,148.1
2023-09-01,0.0,0.0,206.5,0.0,22.88,-45.2,0.1321,0.0,3.03e-05,1.33e-06,0.0,4.13,2.07,1.04,1.38,1.16,1.16,1.0,0.00258,0.2514,0.2023,0.2006,0.1823,27.79,43.6,67.42,103.0,137.8,150.3
2023-09-02,0.0,0.0,204.6,0.0,21.01,-46.47,0.1213,0.0,2.93e-05,6.26e-07,0.0,4.16,2.06,0.754,1.4,1.12,1.14,1.0,0.0013,0.2472,0.202,0.2004,0.1819,29.4,45.22,69.08,104.8,139.6,152.2
2023-09-03,0.0,0.0,202.8,0.0,19.24,-47.73,0.1111,0.0,2.83e-05,3.56e-07,0.0,4.15,2.04,0.688,1.41,1.08,1.13,1.0,0.000607,0.2425,0.2018,0.2002,0.1815,30.94,46.75,70.65,106.4,141.4,153.9
2023-09-04,0.0,0.0,201.6,0.0,17.99,-48.62,0.1039,0.0,2.74e-05,2.25e-07,0.0,3.15,1.53,0.484,1.08,0.768,1.11,1.0,0.000378,0.2383,0.2018,0.2,0.1812,32.03,47.83,71.75,107.6,142.6,155.2
2023-09-05,0.0,0.0,200.4,0.0,16.83,-49.42,0.09716,0.0,2.68e-05,1.7e-07,0.0,3.19,1.54,0.46,1.11,0.705,1.1,1.0,0.00028,0.2351,0.2019,0.1999,0.1809,33.05,48.83,72.77,108.6,143.7,156.4
2023-09-06,0.0,0.0,199.2,0.0,15.62,-50.22,0.0902,0.0,2.62e-05,1.37e-07,0.0,3.74,1.79,0.508,1.31,0.697,1.08,1.0,0.000274,0.2321,0.2021,0.1997,0.1806,34.07,49.83,73.81,109.7,144.9,157.6
2023-09-07,0.0,0.0,198.2,0.0,14.62,-50.82,0.08443,0.0,2.55e-05,1.15e-07,0.0,3.67,1.74,0.472,1.29,0.527,1.07,1.0,0.000275,0.2296,0.2023,0.1995,0.1803,34.89,50.65,74.64,110.6,145.9,158.6
2023-09-08,0.2,0.0,197.6,0.0,13.99,-51.34,0.08077,0.0,2.48e-05,1.03e-07,0.0,3.67,1.72,0.452,1.31,0.383,1.06,1.0,0.000276,0.2273,0.2025,0.1994,0.18,35.35,51.1,75.12,111.2,146.5,159.2
2023-09-09,0.0,0.0,196.8,0.0,13.35,-51.86,0.07647,0.0,2.42e-05,9.45e-08,0.0,3.81,1.77,0.448,1.36,0.297,1.04,1.0,0.000229,0.2252,0.2027,0.1992,0.1797,35.92,51.66,75.71,111.8,147.2,159.9
2023-09-10,0.0,0.0,196.3,0.0,12.85,-52.36,0.07352,0.0,2.36e-05,8.74e-08,0.0,3.83,1.77,0.429,1.38,0.0814,1.03,1.0,0.000224,0.2233,0.2028,0.199,0.1794,36.25,51.99,76.07,112.2,147.7,160.4
2023-09-11,0.0,0.0,195.8,0.0,12.37,-52.84,0.07075,0.0,2.3e-05,8.2e-08,0.0,3.94,1.8,0.422,1.44,0.059,1.02,1.0,0.000206,0.2215,0.2029,0.1989,0.1791,36.55,52.3,76.4,112.6,148.1,160.9
2023-09-12,0.0,0.0,195.4,0.0,11.9,-53.3,0.06802,0.0,2.24e-05,7.73e-08,0.0,4.07,1.84,0.416,1.5,0.0566,1.0,1.0,0.000189,0.2199,0.2029,0.1987,0.1788,36.83,52.59,76.72,113.0,148.6,161.4
2023-09-13,0.2,0.0,195.0,0.0,11.54,-53.67,0.06603,0.0,2.18e-05,7.33e-08,0.0,3.33,1.49,0.324,1.23,0.222,0.988,1.0,0.000176,0.2186,0.2029,0.1986,0.1786,37.03,52.8,76.94,113.3,148.9,161.7
2023-09-14,0.2,0.0,194.7,0.0,11.21,-54.0,0.06424,0.0,2.14e-05,7.04e-08,0.0,3.15,1.4,0.296,1.18,0.213,0.976,1.0,0.000165,0.2174,0.2029,0.1985,0.1784,37.21,52.98,77.13,113.5,149.2,162.1
2023-09-15,0.0,0.0,194.4,0.0,10.9,-54.3,0.06223,0.0,2.1e-05,6.76e-08,0.0,2.89,1.27,0.261,1.09,0.0875,0.965,1.0,0.000134,0.2164,0.2029,0.1985,0.1782,37.44,53.21,77.38,113.8,149.5,162.4
2023-09-16,0.7,0.0,194.5,0.0,10.93,-54.59,0.06314,0.0,2.06e-05,6.72e-08,0.0,3.08,1.34,0.27,1.17,0.275,0.955,1.0,0.00189,0.2154,0.2029,0.1984,0.178,37.15,52.93,77.12,113.5,149.3,162.2
2023-09-17,0.0,0.0,194.0,0.0,10.39,-54.88,0.06001,0.0,2.02e-05,6.49e-08,0.0,3.19,1.38,0.27,1.21,0.272,0.944,1.0,0.000222,0.2144,0.2028,0.1983,0.1778,37.56,53.35,77.55,114.0,149.9,162.8
2023-09-18,0.0,0.0,193.5,0.0,10.05,-55.16,0.05732,0.0,1.99e-05,6.19e-08,0.0,3.18,1.36,0.26,1.22,0.205,0.932,1.0,3.04e-05,0.2135,0.2027,0.1982,0.1776,37.9,53.7,77.91,114.4,150.3,163.3
2023-09-19,0.0,0.0,193.2,0.0,9.724,-55.46,0.05545,0.0,1.95e-05,5.97e-08,0.0,3.44,1.46,0.271,1.33,0.0529,0.921,1.0,0.000177,0.2126,0.2026,0.1981,0.1774,38.08,53.9,78.13,114.7,150.6,163.6
2023-09-20,0.2,0.0,193.0,0.0,9.497,-55.68,0.05441,0.0,1.92e-05,5.81e-08,0.0,2.62,1.1,0.199,1.02,0.181,0.911,1.0,0.000141,0.2119,0.2025,0.1981,0.1773,38.16,53.99,78.23,114.8,150.8,163.8
2023-09-21,0.0,0.0,192.7,0.0,9.24,-55.92,0.05266,0.0,1.89e-05,5.67e-08,0.0,2.96,1.24,0.219,1.16,0.0846,0.901,1.0,8.48e-05,0.2112,0.2024,0.198,0.1771,38.35,54.19,78.44,115.0,151.1,164.1
2023-09-22,3.8,0.0,195.8,0.0,12.25,-55.55,0.07071,0.0,1.86e-05,2.89e-07,0.0,2.64,1.1,0.204,1.04,0.471,0.892,1.0,0.000787,0.2106,0.2023,0.198,0.177,35.13,50.97,75.23,111.9,147.9,160.9
2023-09-23,1.0,0.0,196.0,0.0,12.43,-55.19,0.07177,0.0,1.83e-05,2.56e-07,0.0,2.97,1.22,0.24,1.17,0.577,0.884,1.0,0.00115,0.21,0.2021,0.1979,0.1768,34.83,50.69,74.96,111.6,147.7,160.8
2023-09-24,0.2,0.0,195.6,0.0,11.97,-55.18,0.06912,0.0,1.81e-05,1.65e-07,0.0,2.19,0.896,0.176,0.866,0.485,0.877,1.0,0.00206,0.2095,0.202,0.1979,0.1767,35.21,51.08,75.36,112.0,148.2,161.2
2023-09-25,0.0,0.0,194.8,0.0,11.23,-55.41,0.06484,0.0,1.79e-05,1.13e-07,0.0,2.51,1.02,0.197,0.998,0.544,0.871,1.0,0.000951,0.2093,0.2019,0.1979,0.1766,35.86,51.74,76.03,112.7,148.9,162.0
2023-09-26,0.0,0.0,194.2,0.0,10.59,-55.65,0.06116,0.0,1.77e-05,8.31e-08,0.0,2.46,0.995,0.187,0.982,0.452,0.863,1.0,0.000188,0.2092,0.2018,0.1978,0.1764,36.42,52.31,76.59,113.3,149.5,162.6
2023-09-27,0.0,0.0,193.5,0.0,9.882,-55.97,0.05706,0.0,1.74e-05,6.97e-08,0.0,2.78,1.12,0.203,1.11,0.506,0.856,1.0,0.000119,0.2092,0.2017,0.1978,0.1763,37.03,52.93,77.23,114.0,150.2,163.3
2023-09-28,0.0,0.0,192.9,0.0,9.292,-56.21,0.05365,0.0,1.72e-05,6.12e-08,0.0,2.69,1.07,0.19,1.08,0.399,0.848,1.0,0.000181,0.2092,0.2016,0.1977,0.1762,37.52,53.44,77.74,114.5,150.8,163.9
2023-09-29,0.0,0.0,192.4,0.0,8.779,-56.45,0.05069,0.0,1.7e-05,5.68e-08,0.0,2.8,1.11,0.192,1.13,0.32,0.841,1.0,0.000119,0.2092,0.2014,0.1977,0.176,37.94,53.87,78.18,115.0,151.3,164.4
2023-09-30,0.0,0.0,192.0,0.0,8.506,-56.71,0.04842,0.0,1.68e-05,5.41e-08,0.0,2.98,1.17,0.198,1.21,0.197,0.834,1.0,0.00017,0.209,0.2013,0.1976,0.1759,38.23,54.18,78.5,115.3,151.7,164.8
2023-10-01,0.0,0.0,191.7,0.0,8.27,-56.93,0.04706,0.0,1.65e-05,5.22e-08,0.0,2.79,1.09,0.179,1.14,0.0567,0.826,1.0,0.000203,0.2088,0.2011,0.1976,0.1758,38.38,54.33,78.66,115.5,151.9,165.0
2023-10-02,0.0,0.0,191.5,0.0,8.037,-57.16,0.04571,0.0,1.63e-05,5.09e-08,0.0,2.89,1.12,0.18,1.19,0.0538,0.819,1.0,0.000174,0.2086,0.201,0.1976,0.1756,38.52,54.48,78.82,115.7,152.1,165.3
2023-10-03,0.0,0.0,191.3,0.0,7.799,-57.38,0.04433,0.0,1.61e-05,4.97e-08,0.0,3.13,1.21,0.188,1.29,0.0501,0.811,1.0,0.000149,0.2082,0.2008,0.1975,0.1755,38.66,54.64,78.99,115.9,152.3,165.5
2023-10-04,0.0,0.0,191.1,0.0,7.615,-57.55,0.04327,0.0,1.59e-05,4.85e-08,0.0,2.36,0.903,0.137,0.974,0.0464,0.805,1.0,0.000127,0.2079,0.2007,0.1975,0.1754,38.77,54.76,79.11,116.1,152.5,165.7
2023-10-05,0.0,0.0,190.9,0.0,7.431,-57.72,0.04221,0.0,1.58e-05,4.76e-08,0.0,2.49,0.949,0.142,1.03,0.043,0.799,1.0,0.000108,0.2076,0.2006,0.1975,0.1753,38.88,54.88,79.24,116.2,152.7,165.9
2023-10-06,0.0,0.0,190.7,0.0,7.265,-57.88,0.04125,0.0,1.56e-05,4.68e-08,0.0,2.27,0.858,0.125,0.944,0.04,0.793,1.0,9.28e-05,0.2073,0.2005,0.1974,0.1752,38.97,54.98,79.35,116.3,152.9,166.0
2023-10-07,0.0,0.0,190.5,0.0,7.079,-58.05,0.04018,0.0,1.54e-05,4.61e-08,0.0,2.76,1.04,0.149,1.15,0.0373,0.787,1.0,8.03e-05,0.2069,0.2004,0.1974,0.1751,39.08,55.1,79.47,116.5,153.0,166.2
2023-10-08,0.0,0.0,190.3,0.0,6.871,-58.25,0.03898,0.0,1.53e-05,4.53e-08,0.0,3.3,1.23,0.173,1.39,0.0349,0.78,1.0,6.99e-05,0.2065,0.2002,0.1973,0.175,39.19,55.22,79.61,116.6,153.2,166.4
2023-10-09,0.0,0.0,190.1,0.0,6.67,-58.44,0.03782,0.0,1.51e-05,4.44e-08,0.0,3.31,1.23,0.168,1.4,0.0327,0.772,1.0,6.11e-05,0.2061,0.2001,0.1973,0.1748,39.29,55.34,79.73,116.8,153.4,166.6
2023-10-10,0.0,0.0,190.0,0.0,6.506,-58.6,0.03687,0.0,1.49e-05,4.36e-08,0.0,2.71,0.997,0.133,1.14,0.0306,0.766,1.0,5.35e-05,0.2057,0.1999,0.1973,0.1747,39.38,55.44,79.84,116.9,153.6,166.8
2023-10-11,0.0,0.0,189.8,0.0,6.368,-58.73,0.03607,0.0,1.47e-05,4.29e-08,0.0,2.29,0.838,0.11,0.97,0.0288,0.761,1.0,4.71e-05,0.2054,0.1999,0.1972,0.1747,39.46,55.52,79.93,117.0,153.7,166.9
2023-10-12,0.0,0.0,189.7,0.0,6.224,-58.86,0.03524,0.0,1.46e-05,4.24e-08,0.0,2.48,0.906,0.117,1.06,0.0271,0.756,1.0,4.17e-05,0.2051,0.1998,0.1972,0.1746,39.53,55.61,80.02,117.1,153.8,167.1
2023-10-13,0.0,0.0,189.5,0.0,6.089,-58.99,0.03446,0.0,1.45e-05,4.18e-08,0.0,2.38,0.863,0.109,1.02,0.0257,0.751,1.0,3.72e-05,0.2048,0.1997,0.1972,0.1745,39.61,55.69,80.11,117.2,154.0,167.2
2023-10-14,0.0,0.0,189.4,0.0,5.968,-59.11,0.03376,0.0,1.43e-05,4.13e-08,0.0,2.15,0.775,0.0963,0.92,0.0244,0.746,1.0,3.34e-05,0.2045,0.1996,0.1971,0.1744,39.67,55.76,80.18,117.3,154.1,167.3
2023-10-15,1.7,0.0,190.7,0.0,7.085,-59.19,0.04091,0.0,1.42e-05,5.11e-08,0.0,2.25,0.807,0.0994,0.966,0.364,0.741,1.0,0.00166,0.2042,0.1995,0.1971,0.1743,38.37,54.47,78.9,116.1,152.8,166.1
2023-10-16,0.0,0.0,190.5,0.0,6.9,-59.13,0.03984,0.0,1.41e-05,5.27e-08,0.0,1.0,0.36,0.0446,0.432,0.142,0.739,1.0,0.00127,0.2041,0.1995,0.1971,0.1743,38.54,54.64,79.06,116.2,153.0,166.3
2023-10-17,0.4,0.0,190.6,0.0,7.037,-59.1,0.04063,0.0,1.4e-05,5.03e-08,0.0,1.37,0.488,0.0611,0.589,0.205,0.736,1.0,0.00224,0.2039,0.1994,0.1971,0.1743,38.37,54.47,78.9,116.1,152.9,166.1
2023-10-18,6.9,0.0,197.1,0.0,13.51,-56.64,0.07803,0.0,1.4e-05,1.49e-06,0.0,0.945,0.336,0.0677,0.408,0.356,0.733,1.0,0.000152,0.2037,0.1994,0.1971,0.1742,31.87,47.98,72.4,109.6,146.4,159.7
2023-10-19,19.8,0.0,215.8,0.154,32.22,-41.19,0.186,0.0,1.39e-05,9.42e-05,0.0,1.57,0.558,0.259,0.679,0.679,0.731,1.0,-0.000612,0.285,0.1994,0.1971,0.1742,13.12,29.23,53.66,90.85,127.7,141.0
2023-10-20,6.2,0.0,220.9,0.0,37.32,-34.94,0.2155,0.0,1.38e-05,0.00012,0.0,1.97,0.694,0.433,0.852,0.823,0.726,1.0,-0.00132,0.3334,0.1993,0.1971,0.1741,8.012,24.1,48.53,85.73,122.6,135.9
2023-10-21,1.0,0.0,220.8,0.0,37.17,-33.88,0.2147,0.0,1.37e-05,5.62e-05,0.0,1.71,0.601,0.416,0.743,0.727,0.722,1.0,0.00113,0.3257,0.2017,0.1971,0.1741,9.181,24.2,48.64,85.85,122.7,136.0
2023-10-22,0.0,0.0,219.5,0.0,35.97,-34.3,0.2077,0.0,1.37e-05,2.55e-05,0.0,1.74,0.608,0.453,0.755,0.755,0.719,1.0,0.000721,0.3149,0.228,0.1971,0.174,11.79,25.37,49.81,87.03,123.9,137.2
2023-10-23,1.0,0.0,219.3,0.0,35.68,-34.51,0.206,0.0,1.36e-05,1.6e-05,0.0,1.81,0.633,0.499,0.791,0.791,0.716,1.0,0.000356,0.3072,0.2467,0.1971,0.1739,13.06,25.63,50.07,87.3,124.2,137.5
2023-10-24,13.9,0.0,232.2,0.0,48.63,-24.59,0.2808,0.0,1.35e-05,0.000119,0.0,1.33,0.464,0.372,0.583,0.583,0.712,1.0,0.00517,0.3516,0.2545,0.1971,0.1739,0.9772,12.69,37.09,74.33,111.2,124.6
2023-10-25,3.9,0.0,235.4,0.0,51.81,-20.53,0.2991,0.0,1.34e-05,0.000166,0.0,0.979,0.339,0.297,0.428,0.428,0.709,1.0,0.00277,0.3556,0.2875,0.1973,0.1739,0.7431,9.613,33.89,71.14,108.0,121.4
2023-10-26,0.3,0.0,234.7,0.0,51.1,-20.21,0.2951,0.0,1.34e-05,9.81e-05,0.0,1.33,0.458,0.425,0.582,0.582,0.705,1.0,0.00111,0.3441,0.3033,0.1989,0.1738,4.185,10.97,34.57,71.83,108.7,122.1
2023-10-27,2.1,0.0,235.8,0.0,52.26,-19.18,0.3018,0.0,1.33e-05,6.67e-05,0.0,1.21,0.416,0.406,0.532,0.532,0.702,1.0,0.00105,0.3392,0.3049,0.2151,0.1738,4.777,11.01,33.39,70.65,107.6,120.9
2023-10-28,0.0,0.0,234.9,0.0,51.29,-19.44,0.2961,0.0,1.33e-05,5.08e-05,0.0,1.25,0.427,0.427,0.549,0.549,0.698,1.0,0.000228,0.3323,0.3052,0.2395,0.1738,7.118,13.16,34.34,71.61,108.6,121.9
2023-10-29,4.1,0.0,238.0,0.0,54.42,-17.26,0.3142,0.0,1.32e-05,5.42e-05,0.0,1.23,0.42,0.42,0.544,0.544,0.696,1.0,0.000696,0.3353,0.3041,0.2532,0.1737,5.018,11.07,31.18,68.46,105.4,118.8
2023-10-30,30.0,0.0,266.4,0.678,82.86,7.879,0.4785,0.0,1.31e-05,0.00121,0.0,1.33,0.451,0.297,0.587,0.587,0.692,1.0,0.00401,0.4245,0.3653,0.2653,0.1737,-16.38,-15.82,2.718,40.0,76.97,90.32
2023-10-31,0.9,0.0,267.0,0.0,83.42,10.53,0.4817,0.0,1.31e-05,0.00111,0.0,1.3,0.442,0.442,0.577,0.577,0.69,1.0,-0.00241,0.3902,0.3739,0.3368,0.1737,-7.283,-8.324,2.141,39.43,76.41,89.76
2023-11-01,0.2,0.0,266.4,0.0,82.8,10.59,0.4781,0.0,1.3e-05,0.000406,0.0,1.04,0.352,0.352,0.462,0.462,0.687,1.0,0.00023,0.3743,0.3626,0.3388,0.1736,-3.338,-3.353,3.267,40.03,77.02,90.38
2023-11-02,27.5,0.0,292.4,0.628,108.9,33.78,0.6286,0.0,1.3e-05,0.00206,0.0,1.19,0.401,0.284,0.529,0.529,0.685,1.0,0.0001,0.4351,0.4073,0.3671,0.1736,-19.0,-23.3,-20.8,13.96,50.96,64.32
2023-11-03,1.6,0.0,293.9,0.0,110.3,36.9,0.6368,0.0,1.29e-05,0.00207,0.0,1.02,0.343,0.339,0.454,0.454,0.683,1.0,-0.00327,0.4046,0.397,0.382,0.1913,-10.91,-14.44,-16.03,12.52,49.52,62.89
2023-11-04,3.1,0.0,296.0,0.0,112.4,39.25,0.6493,0.0,1.29e-05,0.00104,0.0,1.21,0.407,0.407,0.54,0.54,0.681,1.0,-0.00238,0.396,0.3874,0.3743,0.2731,-8.98,-11.57,-12.4,10.35,47.37,60.74
2023-11-05,3.7,0.0,298.7,0.0,115.1,41.99,0.6647,0.0,1.28e-05,0.000832,0.0,1.31,0.439,0.439,0.586,0.586,0.679,1.0,0.00396,0.3926,0.3829,0.37,0.2949,-8.219,-10.36,-10.69,7.661,44.69,58.07
2023-11-06,0.0,0.0,297.9,0.0,114.3,41.97,0.6602,0.0,1.28e-05,0.000613,0.0,1.0,0.333,0.333,0.446,0.446,0.676,1.0,0.00253,0.3809,0.376,0.3658,0.3045,-4.913,-6.391,-6.253,8.636,45.46,58.84
2023-11-07,0.0,0.0,297.0,0.0,113.4,41.43,0.6549,0.0,1.27e-05,0.000417,0.0,1.18,0.392,0.392,0.527,0.527,0.674,1.0,0.00108,0.3717,0.3683,0.3596,0.3084,-2.619,-3.337,-2.423,10.68,46.38,59.76
2023-11-08,0.0,0.0,296.1,0.0,112.5,40.81,0.6497,0.0,1.27e-05,0.000306,0.0,1.16,0.385,0.385,0.519,0.519,0.672,1.0,0.000578,0.3645,0.3617,0.354,0.3092,-0.833,-0.9029,0.7528,13.18,47.28,60.67
2023-11-09,1.3,0.0,296.6,0.0,113.0,41.19,0.6527,0.0,1.26e-05,0.000253,0.0,0.998,0.331,0.331,0.447,0.447,0.671,1.0,0.000616,0.3622,0.357,0.3495,0.3088,-0.6196,-0.2217,2.061,14.28,46.75,60.14
2023-11-10,2.8,0.0,298.8,0.0,115.2,42.96,0.6652,0.0,1.26e-05,0.000255,0.0,0.831,0.275,0.275,0.372,0.372,0.67,1.0,0.00084,0.3655,0.3556,0.3468,0.3079,-1.768,-1.218,1.461,13.64,44.59,57.99
2023-11-11,0.1,0.0,297.9,0.0,114.3,42.73,0.6602,0.0,1.26e-05,0.00024,0.0,1.24,0.409,0.409,0.555,0.555,0.668,1.0,6.29e-05,0.3602,0.3546,0.3457,0.3072,0.187,0.8433,3.705,15.88,45.45,58.85
2023-11-12,0.1,0.0,297.3,0.0,113.7,42.36,0.6568,0.0,1.25e-05,0.000193,0.0,0.883,0.291,0.291,0.397,0.397,0.667,1.0,7.52e-05,0.3549,0.351,0.3435,0.307,1.48,2.483,5.618,17.75,46.04,59.44
2023-11-13,0.0,0.0,296.4,0.0,112.8,41.67,0.6513,0.0,1.25e-05,0.000163,0.0,1.22,0.403,0.403,0.55,0.55,0.665,1.0,5.24e-05,0.3498,0.3472,0.3406,0.3064,2.838,4.208,7.718,19.89,46.99,60.39
2023-11-14,0.1,0.0,295.6,0.0,112.0,41.06,0.6469,0.0,1.24e-05,0.000137,0.0,1.11,0.365,0.365,0.5,0.5,0.663,1.0,0.00367,0.3455,0.3435,0.3377,0.3056,3.856,5.587,9.486,21.77,47.75,61.16
2023-11-15,0.0,0.0,294.7,0.0,111.1,40.31,0.6414,0.0,1.24e-05,0.000118,0.0,1.22,0.398,0.398,0.548,0.548,0.661,1.0,0.0057,0.3414,0.3401,0.3348,0.3045,4.933,6.999,11.29,23.73,48.7,62.1
2023-11-16,0.0,0.0,293.8,0.0,110.2,39.59,0.6364,0.0,1.23e-05,0.000102,0.0,1.14,0.372,0.372,0.514,0.514,0.66,1.0,0.00518,0.3376,0.3369,0.3321,0.3032,5.873,8.258,12.92,25.56,49.6,62.98
2023-11-17,0.0,0.0,292.8,0.0,109.3,38.8,0.6309,0.0,1.23e-05,8.91e-05,0.0,1.22,0.399,0.399,0.552,0.552,0.658,1.0,0.00452,0.334,0.3338,0.3295,0.3018,6.792,9.48,14.5,27.38,50.61,63.92
2023-11-18,0.0,0.0,292.0,0.0,108.4,38.11,0.6262,0.0,1.23e-05,7.82e-05,0.0,1.05,0.341,0.341,0.474,0.474,0.656,1.0,0.00402,0.3309,0.331,0.3271,0.3004,7.557,10.52,15.88,28.99,51.54,64.73
2023-11-19,0.0,0.0,291.3,0.0,107.7,37.46,0.6218,0.0,1.22e-05,6.97e-05,0.0,0.977,0.317,0.317,0.442,0.442,0.655,1.0,0.00352,0.3281,0.3284,0.3248,0.2991,8.246,11.47,17.14,30.49,52.47,65.49
2023-11-20,0.0,0.0,290.5,0.0,106.9,36.82,0.6175,0.0,1.22e-05,6.28e-05,0.0,0.977,0.317,0.317,0.442,0.442,0.654,1.0,0.00302,0.3255,0.326,0.3227,0.2977,8.907,12.37,18.34,31.93,53.44,66.25
2023-11-21,11.6,0.0,301.5,0.276,117.9,44.78,0.6809,0.0,1.22e-05,0.000149,0.0,0.449,0.146,0.146,0.203,0.203,0.653,1.0,0.00482,0.3597,0.3268,0.321,0.2965,-1.77,1.603,7.807,21.6,42.7,55.27
2023-11-22,0.1,0.0,301.4,0.0,117.8,46.05,0.6801,0.0,1.22e-05,0.000202,0.0,0.665,0.215,0.215,0.301,0.301,0.652,1.0,-0.00032,0.3585,0.3412,0.3256,0.2954,0.4922,2.559,8.36,22.34,43.1,55.41
2023-11-23,0.1,0.0,300.9,0.0,117.3,45.96,0.6773,0.0,1.23e-05,0.000148,0.0,0.742,0.24,0.24,0.336,0.336,0.651,1.0,0.00309,0.3516,0.3421,0.3301,0.2953,2.24,4.177,9.407,23.36,43.84,55.88
2023-11-24,0.0,0.0,300.0,0.0,116.4,45.42,0.6724,0.0,1.26e-05,0.000125,0.0,1.1,0.357,0.357,0.501,0.501,0.65,1.0,0.00347,0.3459,0.3401,0.3308,0.2962,3.765,5.878,10.94,24.74,44.95,56.74
2023-11-25,0.1,0.0,299.7,0.0,116.1,45.2,0.6705,0.0,1.31e-05,0.000107,0.0,0.556,0.179,0.179,0.252,0.252,0.65,1.0,0.00218,0.3422,0.3375,0.3301,0.2973,4.588,6.931,12.03,25.63,45.55,57.07
2023-11-26,0.0,0.0,299.0,0.0,115.5,44.74,0.6667,0.0,1.39e-05,9.67e-05,0.0,0.851,0.274,0.274,0.386,0.386,0.649,1.0,0.00182,0.3387,0.3352,0.3287,0.2979,5.55,8.118,13.36,26.85,46.48,57.72
2023-11-27,0.8,0.0,299.3,0.0,115.7,44.83,0.6682,0.0,1.55e-05,8.96e-05,0.0,0.691,0.223,0.223,0.314,0.314,0.648,1.0,0.00256,0.3373,0.333,0.3272,0.2982,5.528,8.304,13.72,27.15,46.48,57.46
2023-11-28,0.0,0.0,298.6,0.0,115.0,44.41,0.6641,0.0,1.81e-05,8.5e-05,0.0,0.928,0.299,0.299,0.421,0.421,0.648,1.0,0.00175,0.335,0.3315,0.3258,0.2981,6.444,9.377,14.98,28.41,47.47,58.18
2023-11-29,0.2,0.0,298.2,0.0,114.6,44.09,0.6619,0.0,2.24e-05,7.71e-05,0.0,0.754,0.243,0.243,0.343,0.343,0.647,1.0,0.00133,0.3325,0.3297,0.3245,0.2979,6.99,10.1,15.87,29.33,48.12,58.56
2023-11-30,3.3,0.0,301.0,0.0,117.4,45.9,0.6781,0.0,2.98e-05,8.59e-05,0.0,0.629,0.202,0.202,0.286,0.286,0.647,1.0,0.000512,0.338,0.3285,0.3232,0.2976,4.379,7.599,13.53,27.04,45.59,55.75
2023-12-01,0.4,0.0,300.5,0.0,117.0,46.02,0.6753,0.0,4.09e-05,9.42e-05,0.0,1.14,0.364,0.364,0.517,0.517,0.645,1.0,0.00194,0.3389,0.33,0.3228,0.297,5.264,8.364,14.39,27.99,46.34,56.23
2023-12-02,5.0,0.0,304.8,0.0,121.2,49.06,0.6997,0.0,5.93e-05,0.000118,0.0,0.995,0.319,0.319,0.453,0.453,0.644,1.0,0.000972,0.349,0.3313,0.323,0.2967,1.554,4.528,10.55,24.2,42.38,52.0
2023-12-03,0.3,0.0,304.6,0.0,121.0,49.69,0.6989,0.0,8.64e-05,0.000131,0.0,0.566,0.181,0.181,0.258,0.258,0.644,1.0,0.00188,0.3488,0.336,0.3251,0.2966,2.808,5.343,11.15,24.79,42.79,52.14
2023-12-04,1.8,0.0,306.1,0.0,122.6,50.92,0.7077,0.0,0.000127,0.000125,0.0,0.377,0.121,0.121,0.172,0.172,0.644,1.0,0.0028,0.3492,0.3371,0.3271,0.2971,2.239,4.652,10.19,23.73,41.56,50.63
2023-12-05,4.0,0.0,309.9,0.0238,126.3,54.01,0.7292,0.0,0.000188,0.000161,0.0,0.317,0.101,0.101,0.144,0.144,0.644,1.0,0.000885,0.358,0.34,0.3288,0.298,-0.3537,1.78,7.086,20.45,38.1,46.9
2023-12-06,1.6,0.0,311.0,0.0,127.4,55.5,0.7357,0.0,0.000269,0.000189,0.0,0.643,0.206,0.206,0.293,0.293,0.643,1.0,0.00246,0.3589,0.3447,0.3321,0.299,0.03257,1.711,6.611,19.77,37.23,45.77
2023-12-07,0.1,0.0,310.6,0.0,127.0,55.56,0.7333,0.0,0.000378,0.00017,0.0,0.682,0.218,0.218,0.311,0.311,0.643,1.0,0.00351,0.3539,0.3453,0.3346,0.3006,1.663,3.268,7.802,20.66,37.91,46.19
2023-12-08,2.3,0.0,312.5,0.0,129.0,57.06,0.7446,0.0,0.000514,0.000165,0.0,0.436,0.14,0.14,0.199,0.199,0.643,1.0,0.00296,0.3555,0.3444,0.3351,0.3025,0.6359,2.306,6.699,19.2,36.19,44.23
2023-12-09,0.8,0.0,313.0,0.0,129.4,57.77,0.7471,0.0,0.000681,0.000172,0.0,0.483,0.154,0.154,0.22,0.22,0.643,1.0,0.00186,0.3546,0.3452,0.3358,0.3042,1.261,2.854,7.124,19.32,36.01,43.8
2023-12-10,0.0,0.0,312.3,0.0,128.7,57.52,0.7433,0.0,0.000881,0.000157,0.0,0.834,0.267,0.267,0.38,0.38,0.642,1.0,0.00353,0.3501,0.3442,0.336,0.3056,2.681,4.367,8.578,20.51,36.89,44.45
2023-12-11,0.0,0.0,311.8,0.0,128.3,57.22,0.7406,0.0,0.00111,0.000137,0.0,0.624,0.199,0.199,0.285,0.285,0.641,1.0,0.00208,0.346,0.3419,0.3351,0.3068,3.694,5.594,9.867,21.57,37.61,44.93
2023-12-12,0.0,0.0,311.3,0.0,127.8,56.87,0.7377,0.0,0.00138,0.000124,0.0,0.64,0.204,0.204,0.292,0.292,0.641,1.0,0.00163,0.3426,0.3395,0.3338,0.3075,4.553,6.68,11.1,22.64,38.34,45.43
2023-12-13,1.2,0.0,312.2,0.0,128.6,57.41,0.7427,0.0,0.0017,0.000119,0.0,0.439,0.14,0.14,0.2,0.2,0.64,1.0,0.00286,0.3427,0.3376,0.3324,0.308,4.026,6.336,10.92,22.37,37.71,44.57
2023-12-14,0.1,0.0,311.9,0.0,128.3,57.38,0.7408,0.0,0.00206,0.000118,0.0,0.541,0.172,0.172,0.247,0.247,0.639,1.0,0.00152,0.3414,0.3369,0.3314,0.3081,4.735,7.126,11.84,23.25,38.27,44.89
2023-12-15,0.1,0.0,311.4,0.0,127.9,57.1,0.7383,0.0,0.00248,0.00011,0.0,0.679,0.216,0.216,0.31,0.31,0.638,1.0,0.000958,0.3388,0.3355,0.3304,0.3081,5.45,7.974,12.81,24.19,38.92,45.32
2023-12-16,0.1,0.0,311.1,0.0,127.5,56.87,0.7365,0.0,0.00296,0.000103,0.0,0.54,0.172,0.172,0.246,0.246,0.638,1.0,0.00085,0.3365,0.3339,0.3294,0.3081,5.999,8.677,13.64,25.01,39.45,45.64
2023-12-17,0.1,0.0,310.7,0.0,127.1,56.55,0.734,0.0,0.00349,9.78e-05,0.0,0.676,0.215,0.215,0.309,0.309,0.638,1.0,0.000735,0.3343,0.3323,0.3282,0.308,6.569,9.404,14.52,25.89,40.08,46.06
2023-12-18,0.0,0.0,310.0,0.0,126.4,56.0,0.7299,0.0,0.00407,9.23e-05,0.0,0.908,0.288,0.288,0.415,0.415,0.637,1.0,0.000688,0.3316,0.3306,0.327,0.3078,7.315,10.32,15.59,27.0,40.98,46.77
2023-12-19,0.0,0.0,309.3,0.0,125.7,55.43,0.7259,0.0,0.00467,8.62e-05,0.0,0.898,0.285,0.285,0.411,0.411,0.635,1.0,0.000646,0.329,0.3287,0.3256,0.3075,7.992,11.18,16.62,28.08,41.85,47.47
2023-12-20,0.0,0.0,308.8,0.0,125.2,54.99,0.723,0.0,0.0053,8.1e-05,0.0,0.647,0.205,0.205,0.296,0.296,0.635,1.0,0.000573,0.327,0.327,0.3244,0.3072,8.481,11.83,17.44,28.94,42.52,47.98
2023-12-21,0.0,0.0,308.2,0.0,124.6,54.48,0.7195,0.0,0.00594,7.74e-05,0.0,0.78,0.247,0.247,0.357,0.357,0.634,1.0,0.000465,0.3249,0.3253,0.3231,0.3068,9.017,12.53,18.31,29.86,43.27,48.58
2023-12-22,0.0,0.0,307.5,0.0,123.9,53.88,0.7153,0.0,0.00658,7.38e-05,0.0,0.913,0.288,0.288,0.418,0.418,0.632,1.0,0.00041,0.3226,0.3237,0.3218,0.3064,9.597,13.27,19.22,30.84,44.11,49.3
2023-12-23,0.0,0.0,306.7,0.0,123.1,53.19,0.7107,0.0,0.00719,7.02e-05,0.0,1.03,0.323,0.323,0.471,0.471,0.63,1.0,0.000375,0.3203,0.322,0.3205,0.3059,10.21,14.05,20.17,31.87,45.02,50.1
2023-12-24,0.0,0.0,306.0,0.0,122.4,52.6,0.7069,0.0,0.00776,6.67e-05,0.0,0.856,0.269,0.269,0.393,0.393,0.629,1.0,0.000353,0.3183,0.3204,0.3193,0.3055,10.7,14.69,20.97,32.75,45.79,50.77
2023-12-25,0.0,0.0,305.4,0.0,121.8,52.06,0.7033,0.0,0.0083,6.39e-05,0.0,0.777,0.244,0.244,0.357,0.357,0.628,1.0,0.000296,0.3166,0.3189,0.3181,0.3051,11.12,15.26,21.69,33.54,46.49,51.38
2023-12-26,0.1,0.0,304.9,0.0,121.3,51.59,0.7006,0.0,0.00881,6.18e-05,0.0,0.733,0.23,0.23,0.337,0.337,0.627,1.0,0.000378,0.3151,0.3175,0.317,0.3047,11.41,15.69,22.26,34.18,47.04,51.85
2023-12-27,0.0,0.0,304.5,0.0,120.9,51.26,0.6984,0.0,0.00927,6.0e-05,0.0,0.485,0.152,0.152,0.223,0.223,0.626,1.0,0.000173,0.3142,0.3164,0.3161,0.3043,11.66,16.04,22.74,34.71,47.5,52.24
2023-12-28,0.0,0.0,304.0,0.0,120.4,50.78,0.6951,0.0,0.00972,5.87e-05,0.0,0.709,0.222,0.222,0.327,0.327,0.625,1.0,0.00014,0.3129,0.3153,0.3152,0.3039,12.03,16.52,23.34,35.38,48.11,52.8
2023-12-29,0.0,0.0,303.5,0.0,119.9,50.35,0.6924,0.0,0.0101,5.7e-05,0.0,0.604,0.189,0.189,0.278,0.278,0.624,1.0,0.00014,0.3116,0.3143,0.3143,0.3036,12.33,16.93,23.86,35.96,48.64,53.27
2023-12-30,0.1,0.0,303.1,0.0,119.5,49.94,0.69,0.0,0.0104,5.57e-05,0.0,0.658,0.205,0.205,0.303,0.303,0.623,1.0,0.000249,0.3105,0.3133,0.3135,0.3032,12.56,17.25,24.29,36.46,49.1,53.69
2023-12-31,2.4,0.0,304.9,0.0,121.4,50.82,0.7008,0.0,0.0107,5.82e-05,0.0,0.67,0.209,0.209,0.309,0.309,0.622,1.0,0.000358,0.3127,0.3124,0.3127,0.3029,10.49,15.27,22.42,34.65,47.26,51.82
2024-01-01,0.6,0.0,305.0,0.0,121.4,-0.7535,0.7012,0.0,0.011,6.13e-05,0.0,0.678,0.199,0.199,0.321,0.321,0.58,0.046,0.00123,0.3171,0.3128,0.3124,0.3027,10.47,15.22,22.42,34.67,47.23,51.75
2024-01-02,0.1,0.0,304.6,0.0,121.0,-0.4045,0.6985,0.0,0.0112,6.0e-05,0.0,0.72,0.213,0.213,0.339,0.339,0.586,0.0515,0.000581,0.3166,0.3137,0.3125,0.3026,11.07,15.74,22.94,35.21,47.73,52.21
2024-01-03,0.0,0.0,303.9,0.0,120.4,0.8375,0.695,0.0,0.0115,5.82e-05,0.0,0.774,0.233,0.233,0.363,0.363,0.596,0.0609,0.000525,0.3146,0.3139,0.3127,0.3025,11.78,16.42,23.61,35.89,48.37,52.82
2024-01-04,0.0,0.0,303.2,0.0,119.6,0.3534,0.6907,0.0,0.0117,5.64e-05,0.0,0.949,0.29,0.29,0.441,0.441,0.609,0.0716,0.000392,0.3122,0.3136,0.3127,0.3025,12.56,17.24,24.42,36.69,49.13,53.56
2024-01-05,3.4,0.0,306.1,0.0,122.5,2.624,0.7073,0.0,0.0119,6.05e-05,0.0,0.678,0.211,0.211,0.313,0.313,0.622,0.082,0.000958,0.315,0.3129,0.3126,0.3026,9.692,14.43,21.62,33.88,46.29,50.7
2024-01-06,23.5,0.0,328.5,0.742,144.9,4.857,0.8366,0.0,0.0121,0.000527,0.0,0.555,0.175,0.0924,0.254,0.254,0.632,0.0897,-0.00645,0.401,0.3327,0.3131,0.3026,-10.77,-7.832,-0.7124,11.54,23.92,28.31
2024-01-07,41.2,0.0,367.1,3.11,183.5,6.364,1.06,0.0,0.0122,0.00534,0.0,0.31,0.0985,0.0,0.142,0.142,0.637,0.0941,-0.00486,0.4463,0.4422,0.4223,0.3103,-21.53,-29.55,-36.6,-27.07,-14.73,-10.36
2024-01-08,4.6,0.0,374.5,0.0,190.9,6.125,1.103,0.0,0.0123,0.00539,0.0,0.485,0.155,0.0802,0.221,0.221,0.642,0.0977,0.000984,0.4236,0.4195,0.4125,0.382,-15.72,-21.58,-28.73,-31.01,-22.09,-17.75
2024-01-09,0.1,0.0,374.4,0.0,190.8,5.34,1.102,0.0,0.013,0.00261,0.0,0.318,0.102,0.1,0.145,0.145,0.642,0.0977,0.00102,0.4057,0.4049,0.4006,0.3851,-11.04,-15.46,-21.09,-24.43,-21.18,-17.59
2024-01-10,0.0,0.0,374.1,0.0,190.5,4.966,1.1,0.0,0.0228,0.00177,0.0,0.295,0.0944,0.0944,0.135,0.135,0.642,0.0977,0.00359,0.3956,0.3953,0.3922,0.3829,-8.523,-12.0,-16.48,-19.58,-19.2,-17.34
2024-01-11,0.0,0.0,373.7,0.0,190.1,4.64,1.098,0.0,0.0681,0.00145,0.0,0.487,0.156,0.156,0.222,0.222,0.642,0.0977,0.00128,0.3884,0.3887,0.3865,0.3812,-6.652,-9.479,-13.19,-16.06,-17.22,-16.9
2024-01-12,0.0,0.0,373.0,0.0,189.4,4.465,1.094,0.0,0.147,0.0013,0.0,0.63,0.202,0.202,0.287,0.287,0.643,0.0984,0.000326,0.3827,0.3837,0.3823,0.3804,-5.166,-7.5,-10.67,-13.45,-15.66,-16.26
2024-01-13,0.0,0.0,372.3,0.0,188.7,6.764,1.09,0.0,0.218,0.00123,0.0,0.626,0.201,0.201,0.285,0.285,0.646,0.1,0.00249,0.3781,0.3798,0.3793,0.3802,-4.036,-5.988,-8.773,-11.55,-14.47,-15.56
2024-01-14,0.1,0.0,371.7,0.0,188.1,6.578,1.086,0.0,0.268,0.00119,0.0,0.606,0.196,0.196,0.275,0.275,0.65,0.103,-0.00229,0.3748,0.3769,0.3771,0.3802,-3.245,-4.913,-7.42,-10.21,-13.55,-14.92
2024-01-15,0.0,0.0,370.8,0.0,187.2,5.018,1.081,0.0,0.3,0.00116,0.0,0.758,0.247,0.247,0.342,0.342,0.656,0.108,-0.00167,0.3718,0.3746,0.3754,0.38,-2.391,-3.839,-6.141,-8.928,-12.51,-14.03
2024-01-16,0.1,0.0,370.1,0.0,186.5,5.183,1.077,0.0,0.319,0.00114,0.0,0.624,0.204,0.204,0.282,0.282,0.659,0.11,0.00116,0.3695,0.3726,0.374,0.3798,-1.902,-3.156,-5.277,-8.024,-11.73,-13.32
2024-01-17,3.7,0.0,373.0,0.0,189.4,6.374,1.094,0.0,0.33,0.00118,0.0,0.549,0.18,0.18,0.247,0.247,0.664,0.113,-0.00014,0.378,0.374,0.3738,0.3795,-4.747,-6.125,-8.202,-10.9,-14.64,-16.26
2024-01-18,0.6,0.0,372.6,0.0,189.1,9.019,1.092,0.0,0.333,0.00123,0.0,0.825,0.276,0.276,0.368,0.368,0.679,0.124,-0.00387,0.3766,0.3765,0.3758,0.38,-3.718,-5.335,-7.667,-10.47,-14.25,-15.88
2024-01-19,3.6,0.0,375.2,0.0,191.6,8.551,1.106,0.0,0.336,0.00129,0.0,0.929,0.314,0.314,0.412,0.412,0.689,0.13,0.00023,0.3827,0.3784,0.3769,0.3808,-5.644,-7.45,-9.93,-12.87,-16.75,-18.42
2024-01-20,0.3,0.0,374.7,0.0,191.1,8.108,1.104,0.0,0.342,0.00134,0.0,0.546,0.185,0.185,0.242,0.242,0.689,0.13,-0.00291,0.3792,0.3793,0.3785,0.382,-4.422,-6.323,-9.035,-12.21,-16.24,-17.95
2024-01-21,0.0,0.0,373.8,0.0,190.2,7.714,1.098,0.0,0.352,0.00131,0.0,0.707,0.239,0.239,0.313,0.313,0.689,0.13,-0.00568,0.3754,0.3776,0.378,0.3827,-3.328,-5.068,-7.736,-11.05,-15.26,-17.03
2024-01-22,0.0,0.0,372.8,0.0,189.2,7.726,1.093,0.0,0.364,0.00128,0.0,0.811,0.276,0.276,0.358,0.358,0.693,0.133,-0.000309,0.3723,0.3755,0.3767,0.3828,-2.478,-4.017,-6.538,-9.867,-14.2,-16.03
2024-01-23,0.0,0.0,371.8,0.0,188.2,10.46,1.087,0.0,0.373,0.00124,0.0,0.853,0.294,0.294,0.374,0.374,0.705,0.141,0.005,0.3696,0.3736,0.3754,0.3824,-1.783,-3.134,-5.485,-8.752,-13.13,-15.0
2024-01-24,0.0,0.0,370.7,0.0,187.2,9.101,1.081,0.0,0.377,0.0012,0.0,0.81,0.284,0.284,0.353,0.353,0.719,0.149,5.3e-05,0.3667,0.3718,0.3741,0.3819,-1.246,-2.426,-4.605,-7.763,-12.11,-13.98
2024-01-25,0.0,0.0,369.5,0.0,185.9,12.0,1.074,0.0,0.376,0.00116,0.0,1.09,0.389,0.389,0.467,0.467,0.739,0.161,7.55e-05,0.3634,0.3703,0.3729,0.3811,-0.5661,-1.597,-3.614,-6.633,-10.9,-12.75
2024-01-26,0.1,0.0,368.5,0.0,185.0,10.89,1.068,0.0,0.371,0.00112,0.0,0.876,0.319,0.319,0.373,0.373,0.755,0.17,8.59e-05,0.3619,0.3687,0.3716,0.3803,-0.254,-1.128,-2.972,-5.83,-9.972,-11.78
2024-01-27,0.0,0.0,367.3,0.0,183.7,13.57,1.061,0.0,0.362,0.00108,0.0,1.16,0.432,0.432,0.485,0.485,0.779,0.184,8.89e-05,0.3596,0.3674,0.3705,0.3794,0.365,-0.3839,-2.072,-4.753,-8.743,-10.5
2024-01-28,0.1,0.0,366.4,0.0,182.8,12.3,1.056,0.0,0.352,0.00103,0.0,0.799,0.301,0.301,0.334,0.334,0.786,0.188,8.36e-05,0.3588,0.366,0.3693,0.3784,0.5204,-0.08438,-1.605,-4.097,-7.916,-9.615
2024-01-29,0.1,0.0,365.5,0.0,181.9,12.77,1.05,0.0,0.341,0.000996,0.0,0.822,0.312,0.312,0.341,0.341,0.796,0.193,7.6e-05,0.3579,0.365,0.3683,0.3774,0.7231,0.2158,-1.16,-3.456,-7.089,-8.72
2024-01-30,0.0,0.0,364.5,0.0,180.9,15.24,1.045,0.0,0.329,0.000959,0.0,0.823,0.317,0.317,0.339,0.339,0.81,0.2,6.51e-05,0.3568,0.3641,0.3674,0.3764,1.031,0.6157,-0.629,-2.735,-6.174,-7.734
2024-01-31,0.0,0.0,363.3,0.0,179.8,14.06,1.038,0.0,0.317,0.000922,0.0,1.04,0.41,0.41,0.425,0.425,0.831,0.211,5.5e-05,0.355,0.3631,0.3665,0.3755,1.496,1.18,0.06809,-1.85,-5.095,-6.581
2024-02-01,0.0,0.0,362.2,0.0,178.6,16.62,1.032,0.0,0.305,0.000884,0.0,1.02,0.409,0.409,0.41,0.41,0.854,0.223,4.74e-05,0.3535,0.3618,0.3655,0.3745,1.889,1.694,0.7305,-0.9937,-4.043,-5.456
2024-02-02,0.0,0.0,361.0,0.0,177.4,16.04,1.024,0.0,0.294,0.000847,0.0,1.18,0.487,0.487,0.466,0.466,0.884,0.238,4.09e-05,0.3516,0.3606,0.3644,0.3734,2.386,2.312,1.503,-0.02027,-2.869,-4.208
2024-02-03,0.0,0.0,359.6,0.0,176.0,19.67,1.016,0.0,0.283,0.000809,0.0,1.34,0.576,0.576,0.512,0.512,0.936,0.262,3.54e-05,0.3494,0.3592,0.3633,0.3723,2.949,3.027,2.383,1.07,-1.573,-2.836
2024-02-04,0.0,0.0,358.2,0.0,174.6,19.68,1.008,0.0,0.272,0.00077,0.0,1.44,0.645,0.645,0.532,0.532,0.99,0.285,3.08e-05,0.3471,0.357,0.362,0.3712,3.503,3.781,3.32,2.228,-0.2011,-1.386
2024-02-05,0.0,0.0,357.0,0.0,173.4,21.74,1.001,0.0,0.261,0.000731,0.0,1.14,0.531,0.531,0.406,0.406,1.05,0.31,2.66e-05,0.3459,0.3548,0.3606,0.37,3.786,4.242,3.978,3.122,0.9173,-0.1868
2024-02-06,0.1,0.0,356.0,0.0,172.5,23.81,0.9959,0.0,0.25,0.000697,0.0,0.907,0.44,0.44,0.313,0.313,1.11,0.333,2.51e-05,0.3456,0.3537,0.3593,0.3687,3.815,4.404,4.322,3.707,1.736,0.7169
2024-02-07,0.0,0.0,355.0,0.0,171.4,25.73,0.9897,0.0,0.239,0.000667,0.0,0.996,0.501,0.501,0.331,0.331,1.17,0.356,1.75e-05,0.3448,0.3526,0.3583,0.3675,4.043,4.753,4.834,4.454,2.722,1.789
2024-02-08,0.0,0.0,353.9,0.0,170.4,29.69,0.9837,0.0,0.229,0.000638,0.0,0.951,0.498,0.498,0.303,0.303,1.24,0.381,0.00276,0.3439,0.3516,0.3573,0.3664,4.246,5.059,5.309,5.158,3.662,2.817
2024-02-09,1.5,0.0,354.5,0.0,170.9,31.31,0.987,0.0,0.219,0.000619,0.0,0.841,0.459,0.459,0.256,0.256,1.32,0.409,0.000538,0.3469,0.3511,0.3557,0.3652,2.922,3.784,4.195,4.269,3.008,2.251
2024-02-10,5.0,0.0,358.6,0.0,175.0,37.18,1.011,0.0,0.209,0.000653,0.0,0.837,0.473,0.473,0.244,0.244,1.39,0.434,0.000595,0.3615,0.3541,0.3558,0.3642,-1.424,-0.8342,-0.3952,-0.1207,-1.152,-1.823
2024-02-11,4.5,0.0,362.1,0.0,178.5,42.81,1.031,0.0,0.2,0.000752,0.0,0.888,0.517,0.517,0.248,0.248,1.46,0.456,-0.000169,0.3737,0.3627,0.3596,0.3639,-4.08,-4.295,-4.257,-3.929,-4.767,-5.356
2024-02-12,0.4,0.0,361.4,0.0,177.9,44.7,1.027,0.0,0.192,0.000785,0.0,1.02,0.611,0.611,0.274,0.274,1.52,0.477,0.0015,0.3697,0.3667,0.3641,0.365,-2.358,-2.98,-3.498,-3.388,-4.15,-4.679
2024-02-13,0.1,0.0,360.3,0.0,176.7,45.57,1.02,0.0,0.188,0.00075,0.0,1.26,0.775,0.775,0.327,0.327,1.59,0.497,-0.000734,0.3645,0.365,0.3643,0.3663,-0.9712,-1.442,-2.026,-2.146,-2.972,-3.488
2024-02-14,0.0,0.0,358.9,0.0,175.3,46.67,1.012,0.0,0.188,0.000717,0.0,1.32,0.835,0.835,0.327,0.327,1.66,0.52,-0.000816,0.3602,0.3624,0.363,0.3666,0.1365,-0.08551,-0.5217,-0.6828,-1.599,-2.137
2024-02-15,0.0,0.0,357.6,0.0,174.0,49.69,1.005,0.0,0.19,0.000686,0.0,1.25,0.806,0.806,0.296,0.296,1.73,0.541,0.000442,0.3568,0.3599,0.3613,0.3663,0.971,0.9884,0.7572,0.675,-0.2814,-0.8441
2024-02-16,0.0,0.0,356.4,0.0,172.8,51.06,0.9978,0.0,0.192,0.000657,0.0,1.16,0.764,0.764,0.263,0.263,1.8,0.562,0.00174,0.3542,0.3578,0.3597,0.3656,1.622,1.847,1.822,1.879,0.945,0.3742
2024-02-17,0.0,0.0,355.0,0.0,171.4,50.72,0.9897,0.0,0.193,0.000631,0.0,1.37,0.925,0.925,0.295,0.295,1.89,0.586,0.00257,0.3515,0.3556,0.358,0.3644,2.3,2.738,2.949,3.201,2.343,1.785
2024-02-18,0.0,0.0,353.5,0.0,169.9,52.39,0.9812,0.0,0.191,0.0006,0.0,1.43,0.99,0.99,0.295,0.295,1.97,0.61,0.00327,0.3489,0.3535,0.3563,0.3628,2.935,3.583,4.033,4.514,3.782,3.257
2024-02-19,0.0,0.0,352.1,0.0,168.5,54.05,0.973,0.0,0.187,0.00057,0.0,1.37,0.967,0.967,0.269,0.269,2.04,0.633,0.00363,0.3468,0.3516,0.3547,0.3616,3.476,4.313,4.985,5.713,5.152,4.677
2024-02-20,0.0,0.0,350.6,0.0,167.1,55.54,0.9646,0.0,0.182,0.00054,0.0,1.4,1.01,1.01,0.264,0.264,2.12,0.654,0.00365,0.3447,0.3497,0.3531,0.3603,3.99,5.007,5.902,6.896,6.536,6.126
2024-02-21,0.0,0.0,349.1,0.0,165.5,56.83,0.9557,0.0,0.175,0.000511,0.0,1.51,1.11,1.11,0.273,0.273,2.19,0.675,0.00353,0.3425,0.3479,0.3514,0.3588,4.523,5.726,6.858,8.146,8.012,7.677
2024-02-22,0.1,0.0,348.3,0.0,164.7,58.93,0.951,0.0,0.168,0.000482,0.0,0.818,0.607,0.607,0.141,0.141,2.26,0.697,0.00343,0.3422,0.347,0.3506,0.3578,4.577,5.867,7.12,8.622,8.74,8.491
2024-02-23,17.8,0.0,364.3,0.529,180.7,74.18,1.043,0.0,0.16,0.000841,0.0,1.28,0.963,0.919,0.213,0.213,2.32,0.717,0.000717,0.3978,0.3626,0.3524,0.3564,-10.45,-10.58,-9.465,-7.695,-7.326,-7.487
2024-02-24,1.2,0.0,364.7,0.0,181.1,77.95,1.046,0.0,0.153,0.0011,0.0,1.25,0.95,0.95,0.202,0.202,2.37,0.732,0.00112,0.387,0.379,0.3702,0.3592,-6.745,-8.534,-9.586,-8.364,-7.836,-7.911
2024-02-25,0.0,0.0,363.2,0.0,179.6,78.5,1.037,0.0,0.148,0.000903,0.0,1.41,1.08,1.08,0.221,0.221,2.42,0.747,0.000202,0.3774,0.3753,0.3712,0.364,-4.179,-5.64,-7.017,-6.654,-6.401,-6.465
2024-02-26,12.1,0.0,374.0,0.365,190.4,88.49,1.099,0.0,0.15,0.00129,0.0,0.933,0.72,0.68,0.143,0.143,2.46,0.759,-0.000461,0.4059,0.3877,0.3764,0.3666,-12.09,-14.72,-16.74,-16.89,-17.06,-17.22
2024-02-27,27.7,0.0,400.3,1.03,216.8,114.8,1.252,0.0,0.16,0.00537,0.0,1.08,0.839,0.349,0.161,0.161,2.5,0.774,-0.00233,0.4463,0.4383,0.4249,0.3885,-21.41,-29.09,-37.73,-42.02,-43.24,-43.59
2024-02-28,10.5,0.0,411.2,0.0,227.6,122.4,1.314,0.0,0.208,0.00804,0.0,0.866,0.678,0.34,0.126,0.126,2.55,0.788,0.016,0.4342,0.4307,0.4259,0.4184,-18.52,-25.52,-34.99,-45.07,-52.57,-54.45
2024-02-29,10.1,0.0,420.2,0.0,236.6,131.2,1.366,0.0,0.767,0.00834,0.0,0.725,0.572,0.257,0.103,0.103,2.59,0.802,0.00144,0.4329,0.43,0.4266,0.4274,-18.23,-25.18,-34.91,-46.92,-58.91,-63.41
2024-03-01,20.8,0.0,437.6,0.769,254.0,143.1,1.467,0.0,2.46,0.0143,0.0,0.797,0.633,0.0571,0.11,0.11,2.63,0.816,-0.0072,0.4463,0.4463,0.4434,0.446,-21.53,-30.11,-42.37,-58.12,-74.35,-80.79
2024-03-02,1.6,0.0,433.4,0.0,249.8,141.6,1.443,0.0,6.04,0.0197,0.0,1.44,1.15,0.342,0.194,0.194,2.67,0.832,0.0793,0.4257,0.4307,0.4338,0.4509,-16.14,-23.22,-34.42,-51.2,-69.54,-76.65
2024-03-03,4.5,0.0,430.8,0.0,247.3,144.8,1.428,0.0,6.35,0.017,0.0,1.69,1.36,0.483,0.224,0.224,2.7,0.844,0.00569,0.4252,0.428,0.43,0.4452,-16.18,-22.98,-33.55,-49.2,-66.97,-74.08
2024-03-04,1.7,0.0,425.8,0.0,242.2,138.9,1.398,0.0,6.27,0.0141,0.0,0.981,0.79,0.383,0.128,0.128,2.72,0.852,0.0046,0.4187,0.4226,0.425,0.4404,-14.47,-20.73,-30.58,-45.26,-62.01,-68.99
2024-03-05,0.1,0.0,419.5,0.0,235.9,136.3,1.362,0.0,5.17,0.0111,0.0,1.94,1.57,0.968,0.248,0.248,2.76,0.865,0.00297,0.4099,0.4157,0.4189,0.4351,-12.18,-17.76,-26.72,-40.34,-56.12,-62.69
2024-03-06,0.4,0.0,414.8,0.0,231.2,134.1,1.335,0.0,4.02,0.00875,0.0,1.48,1.2,0.876,0.188,0.188,2.78,0.874,0.00176,0.4055,0.4107,0.414,0.4301,-11.14,-16.23,-24.46,-37.09,-51.86,-58.0
2024-03-07,0.0,0.0,410.5,0.0,226.9,135.6,1.31,0.0,3.19,0.0072,0.0,1.43,1.16,0.941,0.179,0.179,2.79,0.881,0.00238,0.401,0.4064,0.4098,0.4257,-9.984,-14.64,-22.26,-34.03,-47.91,-53.69
2024-03-08,1.1,0.0,407.8,0.0,224.2,130.9,1.294,0.0,2.62,0.00614,0.0,1.42,1.15,0.993,0.176,0.176,2.81,0.887,0.00604,0.4001,0.4039,0.4068,0.4219,-9.904,-14.3,-21.45,-32.48,-45.55,-50.99
2024-03-09,7.0,0.0,411.5,0.144,227.9,135.4,1.316,0.0,2.22,0.00591,0.0,1.21,0.987,0.741,0.149,0.149,2.83,0.895,0.00068,0.4141,0.4107,0.4098,0.4206,-13.76,-18.8,-26.25,-37.01,-49.55,-54.73
2024-03-10,11.5,0.0,419.9,0.3,236.4,147.9,1.365,0.0,2.09,0.00752,0.0,1.49,1.22,0.622,0.181,0.181,2.84,0.903,-0.00239,0.4298,0.4249,0.4214,0.4262,-17.59,-24.02,-33.03,-44.87,-57.89,-63.17
2024-03-11,1.9,0.0,418.5,0.0,234.9,145.3,1.356,0.0,2.57,0.00876,0.0,1.76,1.44,0.846,0.212,0.212,2.86,0.911,-0.00234,0.4169,0.4191,0.4198,0.4306,-14.06,-19.96,-28.91,-41.63,-55.89,-61.73
2024-03-12,0.0,0.0,413.7,0.0,230.1,142.2,1.329,0.0,3.11,0.00806,0.0,2.36,1.94,1.38,0.281,0.281,2.88,0.919,0.00247,0.4061,0.4113,0.4139,0.4283,-11.24,-16.37,-24.54,-36.82,-51.05,-56.96
2024-03-13,0.0,0.0,409.3,0.0,225.7,139.5,1.303,0.0,2.9,0.00684,0.0,1.99,1.64,1.33,0.235,0.235,2.89,0.928,0.00724,0.4001,0.4056,0.4088,0.4243,-9.773,-14.34,-21.8,-33.3,-46.86,-52.5
2024-03-14,0.0,0.0,405.0,0.0,221.4,136.8,1.278,0.0,2.46,0.00577,0.0,2.21,1.83,1.59,0.259,0.259,2.91,0.936,0.00462,0.3953,0.4009,0.4044,0.42,-8.593,-12.69,-19.49,-30.15,-42.89,-48.19
2024-03-15,0.0,0.0,401.1,0.0,217.5,136.6,1.256,0.0,2.05,0.00487,0.0,2.06,1.7,1.56,0.239,0.239,2.92,0.943,0.00231,0.3916,0.3971,0.4005,0.4159,-7.669,-11.39,-17.62,-27.47,-39.37,-44.34
2024-03-16,0.0,0.0,397.5,0.0,213.9,132.0,1.235,0.0,1.72,0.00416,0.0,2.13,1.76,1.68,0.246,0.246,2.93,0.95,0.00106,0.3882,0.3936,0.3971,0.412,-6.819,-10.19,-15.9,-24.97,-36.06,-40.7
2024-03-17,0.0,0.0,393.8,0.0,210.2,129.5,1.214,0.0,1.45,0.00359,0.0,2.44,2.02,1.96,0.279,0.279,2.94,0.957,0.000475,0.3846,0.3901,0.3935,0.408,-5.928,-8.947,-14.13,-22.42,-32.7,-37.0
2024-03-18,0.1,0.0,391.1,0.0,207.5,130.0,1.198,0.0,1.23,0.00309,0.0,1.66,1.38,1.36,0.19,0.19,2.95,0.962,0.000207,0.3827,0.3877,0.391,0.4049,-5.483,-8.262,-13.06,-20.75,-30.32,-34.32
2024-03-19,0.1,0.0,388.2,0.0,204.6,125.7,1.182,0.0,1.07,0.00276,0.0,2.04,1.7,1.69,0.232,0.232,2.96,0.967,0.00726,0.3802,0.3851,0.3884,0.4017,-4.865,-7.385,-11.78,-18.83,-27.71,-31.44
2024-03-20,0.0,0.0,385.2,0.0,201.6,123.4,1.164,0.0,0.929,0.00244,0.0,2.22,1.85,1.85,0.251,0.251,2.96,0.971,0.00453,0.3772,0.3823,0.3856,0.3985,-4.114,-6.354,-10.33,-16.75,-24.96,-28.41
2024-03-21,2.2,0.0,384.0,0.0,200.5,122.6,1.157,0.0,0.812,0.00221,0.0,2.68,2.23,2.23,0.302,0.302,2.97,0.976,0.00323,0.3797,0.381,0.3832,0.3951,-5.151,-7.248,-10.84,-16.6,-24.1,-27.27
2024-03-22,0.1,0.0,381.1,0.0,197.5,120.6,1.141,0.0,0.707,0.002,0.0,2.46,2.05,2.05,0.277,0.277,2.97,0.98,0.00127,0.3763,0.3797,0.3818,0.3926,-3.931,-5.9,-9.267,-14.53,-21.42,-24.34
2024-03-23,0.0,0.0,378.3,0.0,194.7,120.3,1.124,0.0,0.627,0.00179,0.0,2.33,1.94,1.94,0.262,0.262,2.98,0.983,0.000774,0.3726,0.3768,0.3794,0.3901,-2.979,-4.664,-7.678,-12.45,-18.81,-21.51
2024-03-24,0.0,0.0,375.4,0.0,191.8,116.1,1.108,0.0,0.563,0.0016,0.0,2.45,2.04,2.04,0.274,0.274,2.98,0.986,0.000577,0.3692,0.3738,0.3766,0.3873,-2.129,-3.511,-6.122,-10.35,-16.16,-18.64
2024-03-25,0.0,0.0,372.5,0.0,188.9,113.6,1.091,0.0,0.504,0.00143,0.0,2.52,2.1,2.1,0.282,0.282,2.98,0.988,0.000415,0.366,0.3708,0.3738,0.3844,-1.327,-2.411,-4.608,-8.267,-13.49,-15.75
2024-03-26,4.7,0.0,375.5,0.0587,192.0,115.8,1.108,0.0,0.45,0.00136,0.0,1.23,1.02,1.02,0.137,0.137,2.99,0.989,0.000479,0.3781,0.3729,0.3735,0.3826,-5.183,-6.465,-8.575,-11.89,-16.69,-18.79
2024-03-27,5.0,0.0,378.5,0.00886,194.9,118.6,1.125,0.0,0.415,0.00152,0.0,1.79,1.49,1.49,0.199,0.199,2.99,0.991,0.000628,0.3887,0.3806,0.3775,0.3818,-7.676,-9.687,-12.23,-15.39,-19.81,-21.73
2024-03-28,2.0,0.0,377.8,0.0,194.2,118.5,1.121,0.0,0.385,0.00159,0.0,2.47,2.06,2.06,0.275,0.275,2.99,0.993,0.000163,0.3859,0.3828,0.3803,0.3824,-6.613,-8.846,-11.76,-15.02,-19.22,-21.02
2024-03-29,0.0,0.0,374.7,0.0,191.1,116.2,1.103,0.0,0.367,0.00148,0.0,2.89,2.41,2.41,0.322,0.322,2.99,0.996,-0.00259,0.378,0.3792,0.3786,0.3821,-4.343,-6.23,-8.939,-12.13,-16.21,-17.92
2024-03-30,0.0,0.0,371.7,0.0,188.2,113.8,1.086,0.0,0.354,0.00131,0.0,2.74,2.28,2.28,0.305,0.305,2.99,0.998,-0.00519,0.372,0.3745,0.3752,0.3806,-2.836,-4.267,-6.53,-9.416,-13.32,-14.97
2024-03-31,0.1,0.0,369.1,0.0,185.5,111.5,1.071,0.0,0.342,0.00118,0.0,2.53,2.11,2.11,0.281,0.281,2.99,1.0,0.000769,0.3676,0.3706,0.372,0.3785,-1.781,-2.83,-4.655,-7.142,-10.77,-12.34
2024-04-01,3.2,0.0,369.9,0.0,186.4,113.8,1.076,0.0,0.325,0.00112,0.0,2.16,1.8,1.8,0.24,0.24,3.0,1.0,0.000513,0.3731,0.37,0.3701,0.3765,-3.769,-4.745,-6.293,-8.401,-11.7,-13.17
2024-04-02,0.0,0.0,367.4,0.0,183.8,111.8,1.061,0.0,0.307,0.00108,0.0,2.37,1.98,1.98,0.264,0.264,3.0,1.0,0.00216,0.369,0.3698,0.3698,0.3749,-2.122,-3.077,-4.544,-6.345,-9.289,-10.63
2024-04-03,0.0,0.0,364.9,0.0,181.3,109.5,1.047,0.0,0.286,0.000978,0.0,2.36,1.97,1.97,0.262,0.262,3.0,1.0,0.000809,0.3643,0.3668,0.3678,0.3733,-0.9434,-1.605,-2.794,-4.286,-6.898,-8.105
2024-04-04,0.0,0.0,361.8,0.0,178.3,106.7,1.029,0.0,0.268,0.000889,0.0,2.91,2.43,2.43,0.323,0.323,3.0,1.0,0.00252,0.3596,0.363,0.3647,0.3709,0.2278,-0.0645,-0.821,-1.84,-4.032,-5.083
2024-04-05,0.0,0.0,358.4,0.0,174.9,103.5,1.01,0.0,0.247,0.000792,0.0,3.34,2.79,2.79,0.37,0.37,3.0,1.0,0.00397,0.3548,0.3589,0.3611,0.3679,1.422,1.534,1.281,0.8494,-0.818,-1.683
2024-04-06,0.0,0.0,354.8,0.0,171.2,99.96,0.9884,0.0,0.224,0.000694,0.0,3.68,3.07,3.07,0.408,0.408,3.0,1.0,0.0041,0.3499,0.3546,0.3573,0.3644,2.646,3.184,3.478,3.714,2.66,2.013
2024-04-07,0.0,0.0,351.2,0.0,167.6,96.57,0.9678,0.0,0.199,0.000601,0.0,3.57,2.98,2.98,0.396,0.396,3.0,1.0,0.00387,0.3454,0.3506,0.3537,0.361,3.763,4.701,5.517,6.422,6.004,5.583
2024-04-08,0.0,0.0,347.6,0.0,164.1,93.21,0.9474,0.0,0.177,0.000521,0.0,3.55,2.97,2.97,0.394,0.394,3.0,1.0,0.00359,0.3411,0.3467,0.3502,0.3575,4.833,6.157,7.485,9.066,9.302,9.116
2024-04-09,0.0,0.0,344.1,0.0,160.5,89.86,0.927,0.0,0.156,0.000452,0.0,3.56,2.97,2.97,0.395,0.395,3.0,1.0,0.00289,0.337,0.3428,0.3467,0.354,5.879,7.581,9.416,11.68,12.58,12.64
2024-04-10,8.7,0.0,350.6,0.136,167.1,94.16,0.9646,0.0,0.138,0.000469,0.0,2.03,1.7,1.7,0.225,0.225,3.0,1.0,0.00364,0.3608,0.344,0.3452,0.3517,-1.853,-0.2595,1.809,4.511,5.903,6.129
2024-04-11,0.1,0.0,348.1,0.0,164.5,92.77,0.9499,0.0,0.126,0.000496,0.0,2.81,2.34,2.34,0.311,0.311,3.0,1.0,0.000357,0.3584,0.3517,0.3479,0.3493,0.3889,1.283,3.14,6.295,8.239,8.674
2024-04-12,0.0,0.0,344.7,0.0,161.1,89.77,0.9303,0.0,0.113,0.000425,0.0,3.47,2.9,2.9,0.384,0.384,3.0,1.0,0.00255,0.3508,0.3495,0.3477,0.3475,2.369,3.466,5.369,8.891,11.4,12.07
2024-04-13,0.0,0.0,340.9,0.0,157.3,86.27,0.9084,0.0,0.1,0.000367,0.0,3.91,3.26,3.26,0.433,0.433,3.0,1.0,0.000486,0.3439,0.345,0.3449,0.3451,4.089,5.612,7.903,11.9,14.97,15.86
2024-04-14,0.0,0.0,336.7,0.0,153.1,82.33,0.884,0.0,0.089,0.000314,0.0,4.37,3.65,3.65,0.484,0.484,3.0,1.0,0.000379,0.3372,0.3399,0.3408,0.3419,5.768,7.796,10.65,15.27,18.95,20.08
2024-04-15,0.0,0.0,333.3,0.0,149.7,79.19,0.8646,0.0,0.0785,0.000265,0.0,3.48,2.91,2.91,0.386,0.386,3.0,1.0,0.000499,0.3323,0.3357,0.3375,0.3391,6.999,9.436,12.75,17.92,22.14,23.45
2024-04-16,0.0,0.0,330.0,0.0,146.4,76.05,0.8453,0.0,0.0709,0.000231,0.0,3.45,2.88,2.88,0.382,0.382,3.0,1.0,0.000383,0.3277,0.3317,0.3341,0.3361,8.165,10.99,14.79,20.53,25.28,26.78
2024-04-17,0.0,0.0,327.1,0.0,143.5,73.32,0.8286,0.0,0.0639,0.000201,0.0,3.0,2.5,2.5,0.332,0.332,3.0,1.0,0.000388,0.3238,0.3283,0.3312,0.3334,9.128,12.29,16.5,22.76,28.01,29.68
2024-04-18,8.8,0.0,333.4,0.0791,149.8,77.17,0.8649,0.0,0.0581,0.000231,0.0,2.52,2.11,2.11,0.28,0.28,3.0,1.0,0.00213,0.3462,0.3272,0.3288,0.3311,1.351,4.624,9.172,15.88,21.58,23.4
2024-04-19,0.1,0.0,330.4,0.0,146.8,75.43,0.8475,0.0,0.0533,0.000244,0.0,3.31,2.77,2.77,0.367,0.367,3.0,1.0,2.32e-05,0.3455,0.3338,0.3289,0.3281,3.521,6.218,10.88,18.15,24.39,26.41
2024-04-20,0.3,0.0,327.7,0.0,144.1,73.07,0.832,0.0,0.048,0.000199,0.0,3.1,2.59,2.59,0.344,0.344,3.0,1.0,0.00202,0.3392,0.3335,0.3296,0.3259,5.091,7.811,12.45,20.14,26.89,29.09
2024-04-21,3.4,0.0,328.2,0.0,144.6,72.82,0.8349,0.0,0.0433,0.000193,0.0,3.02,2.52,2.52,0.334,0.334,3.0,1.0,0.000124,0.3424,0.3319,0.3287,0.3242,3.313,6.173,10.95,18.98,26.2,28.59
2024-04-22,24.2,0.0,349.9,0.803,166.3,91.57,0.9602,0.0,0.0392,0.00101,0.0,1.93,1.61,1.44,0.214,0.214,3.0,1.0,-0.000916,0.4163,0.3715,0.3368,0.3233,-14.61,-15.33,-11.36,-3.153,4.38,6.884
2024-04-23,5.1,0.0,354.3,0.0463,170.7,97.03,0.9858,0.0,0.0366,0.00149,0.0,1.5,1.25,1.23,0.166,0.166,3.0,1.0,0.000261,0.4034,0.3898,0.3734,0.3298,-11.07,-13.88,-14.67,-7.848,-0.142,2.458
2024-04-24,0.7,0.0,352.8,0.0,169.2,96.39,0.9773,0.0,0.0348,0.00101,0.0,2.32,1.94,1.94,0.257,0.257,3.0,1.0,0.00225,0.3883,0.383,0.3742,0.3437,-6.997,-9.19,-10.57,-6.088,1.237,3.938
2024-04-25,0.5,0.0,351.1,0.0,167.5,95.05,0.9672,0.0,0.0332,0.000732,0.0,2.33,1.94,1.94,0.258,0.258,3.0,1.0,4.01e-05,0.3788,0.3754,0.3693,0.3486,-4.632,-6.086,-6.95,-3.41,3.006,5.672
2024-04-26,0.0,0.0,348.5,0.0,164.9,92.86,0.9523,0.0,0.0344,0.000586,0.0,2.71,2.26,2.26,0.3,0.3,3.0,1.0,3.9e-05,0.37,0.3684,0.364,0.349,-2.374,-3.149,-3.355,0.08012,5.77,8.269
2024-04-27,1.2,0.0,347.3,0.0,163.7,91.65,0.9455,0.0,0.0377,0.000498,0.0,2.47,2.06,2.06,0.274,0.274,3.0,1.0,0.00241,0.3665,0.3633,0.3595,0.3479,-1.765,-2.036,-1.653,1.948,7.171,9.44
2024-04-28,0.0,0.0,343.9,0.0,160.4,88.7,0.9259,0.0,0.043,0.000443,0.0,3.54,2.96,2.96,0.392,0.392,3.0,1.0,0.00435,0.3591,0.3581,0.355,0.3455,0.3314,0.5741,1.576,5.607,10.71,12.83
2024-04-29,0.0,0.0,340.4,0.0,156.9,85.5,0.9057,0.0,0.0466,0.000367,0.0,3.65,3.05,3.05,0.405,0.405,3.0,1.0,0.00169,0.3519,0.3522,0.3503,0.3428,2.123,2.945,4.596,9.123,14.29,16.33
2024-04-30,0.0,0.0,336.6,0.0,153.0,81.94,0.8836,0.0,0.0486,0.000308,0.0,4.0,3.34,3.34,0.444,0.444,3.0,1.0,0.000804,0.345,0.3463,0.3452,0.3396,3.843,5.251,7.596,12.72,18.13,20.16
2024-05-01,13.9,0.0,348.0,0.0,164.4,91.2,0.9492,0.0,0.0486,0.000632,0.0,2.63,2.19,2.19,0.291,0.291,3.0,1.0,-0.00166,0.3891,0.3589,0.3442,0.3374,-7.204,-6.909,-4.342,1.199,6.779,8.795
2024-05-02,0.6,0.0,345.9,0.0,162.3,89.99,0.9373,0.0,0.0487,0.000572,0.0,2.77,2.31,2.31,0.307,0.307,3.0,1.0,0.00114,0.374,0.3652,0.355,0.3373,-3.421,-3.815,-2.503,3.015,8.806,10.86
2024-05-03,0.0,0.0,342.1,0.0,158.5,86.73,0.9155,0.0,0.0476,0.000441,0.0,3.95,3.29,3.29,0.437,0.437,3.0,1.0,0.000688,0.3624,0.3592,0.3533,0.3382,-0.5018,-0.335,1.084,6.471,12.48,14.64
2024-05-04,0.7,0.0,339.6,0.0,156.0,84.35,0.9007,0.0,0.0449,0.000355,0.0,3.39,2.83,2.83,0.376,0.376,3.0,1.0,0.00342,0.3567,0.3535,0.3495,0.3379,0.8136,1.528,3.401,8.874,14.96,17.19
2024-05-05,0.0,0.0,335.7,0.0,152.1,80.81,0.8781,0.0,0.0434,0.000303,0.0,4.1,3.42,3.42,0.454,0.454,3.0,1.0,0.00144,0.3488,0.3479,0.3451,0.3358,2.882,4.144,6.612,12.49,18.8,21.11
2024-05-06,0.0,0.0,332.3,0.0,148.7,77.74,0.8588,0.0,0.0413,0.000249,0.0,3.51,2.93,2.93,0.388,0.388,3.0,1.0,0.000691,0.3424,0.3427,0.341,0.3335,4.468,6.239,9.252,15.56,22.09,24.46
2024-05-07,6.1,0.0,335.8,0.0,152.2,80.01,0.8787,0.0,0.04,0.00028,0.0,2.76,2.31,2.31,0.306,0.306,3.0,1.0,0.00223,0.3588,0.3411,0.3379,0.3315,-0.1865,1.744,5.182,11.86,18.6,21.01
2024-05-08,0.0,0.0,332.4,0.0,148.8,77.35,0.8591,0.0,0.0389,0.000269,0.0,3.55,2.96,2.96,0.394,0.394,3.0,1.0,0.0023,0.3505,0.3437,0.3378,0.329,2.378,4.096,7.658,14.81,21.9,24.41
2024-05-09,0.0,0.0,328.8,0.0,145.3,74.2,0.8387,0.0,0.0368,0.000219,0.0,3.69,3.08,3.08,0.409,0.409,3.0,1.0,0.00151,0.3427,0.3399,0.336,0.3269,4.38,6.458,10.27,17.83,25.3,27.93
2024-05-10,0.0,0.0,325.0,0.0,141.4,70.65,0.8164,0.0,0.0344,0.000183,0.0,4.05,3.38,3.38,0.449,0.449,3.0,1.0,0.000589,0.3354,0.3347,0.3325,0.3244,6.201,8.775,13.07,21.1,29.02,31.79
2024-05-11,0.0,0.0,320.8,0.0,137.2,66.75,0.7922,0.0,0.0316,0.000152,0.0,4.4,3.67,3.67,0.488,0.488,3.0,1.0,0.000419,0.3283,0.3292,0.3281,0.3213,7.972,11.09,15.98,24.62,33.04,35.98
2024-05-12,0.0,0.0,316.2,0.0,132.6,62.49,0.7659,0.0,0.0286,0.000125,0.0,4.79,3.99,3.99,0.531,0.531,3.0,1.0,0.000413,0.3211,0.3232,0.3232,0.3176,9.774,13.48,19.05,28.4,37.39,40.54
2024-05-13,9.8,0.0,321.9,0.0,138.3,66.11,0.7986,0.0,0.0256,0.000194,0.0,4.36,3.64,3.64,0.483,0.483,3.0,1.0,0.00386,0.3505,0.3197,0.3187,0.3141,1.745,5.781,11.97,21.99,31.55,34.88
2024-05-14,0.0,0.0,318.1,0.0,134.5,63.32,0.7767,0.0,0.023,0.00016,0.0,3.98,3.32,3.32,0.441,0.441,3.0,1.0,3.33e-05,0.3414,0.3269,0.3182,0.3108,4.594,8.03,14.42,25.07,35.16,38.66
2024-05-15,6.0,0.0,320.8,0.0,137.3,65.16,0.7926,0.0,0.0208,0.000184,0.0,3.42,2.85,2.85,0.38,0.38,3.0,1.0,0.00297,0.3547,0.3279,0.3189,0.3084,0.8842,4.199,10.59,21.68,32.26,35.92
2024-05-16,5.5,0.0,323.2,0.0,139.6,67.28,0.8062,0.0,0.0189,0.000254,0.0,3.31,2.76,2.76,0.368,0.368,3.0,1.0,0.00332,0.3651,0.3369,0.3215,0.3065,-1.404,1.095,7.261,18.72,29.75,33.56
2024-05-17,0.0,0.0,319.2,0.0,135.6,64.13,0.7832,0.0,0.0173,0.000206,0.0,4.19,3.49,3.49,0.465,0.465,3.0,1.0,1.09e-05,0.3513,0.3395,0.3259,0.3045,2.194,4.414,10.13,21.95,33.52,37.54
2024-05-18,0.0,0.0,315.0,0.0,131.4,60.35,0.7587,0.0,0.0154,0.000144,0.0,4.48,3.74,3.74,0.498,0.498,3.0,1.0,0.00356,0.3407,0.3342,0.325,0.3031,4.848,7.552,13.33,25.44,37.56,41.79
2024-05-19,0.0,0.0,310.7,0.0,127.1,56.43,0.7338,0.0,0.0135,0.000108,0.0,4.54,3.79,3.79,0.504,0.504,2.99,1.0,0.00155,0.3319,0.328,0.3215,0.3015,7.065,10.36,16.55,29.0,41.65,46.09
2024-05-20,29.1,0.0,336.8,0.0,153.2,79.34,0.8845,0.0,0.0119,0.00159,0.0,3.74,3.12,2.87,0.415,0.415,2.99,1.0,0.298,0.4128,0.3882,0.3395,0.3,-12.83,-15.13,-10.43,2.329,15.39,20.0
2024-05-21,3.1,0.0,336.4,0.0,152.8,79.71,0.8823,0.0,0.0108,0.00104,0.0,3.68,3.07,3.07,0.409,0.409,2.99,1.0,-0.000784,0.3928,0.3817,0.3644,0.3054,-8.079,-10.05,-9.31,2.183,15.62,20.39
2024-05-22,0.0,0.0,332.6,0.0,149.1,76.72,0.8607,0.0,0.00974,0.0006,0.0,3.94,3.28,3.28,0.439,0.439,2.99,1.0,0.000707,0.3756,0.3708,0.3608,0.3176,-3.781,-4.737,-3.953,5.661,19.18,24.12
2024-05-23,0.0,0.0,328.6,0.0,145.0,73.16,0.8374,0.0,0.00879,0.000381,0.0,4.26,3.55,3.55,0.475,0.475,2.99,1.0,4.0e-05,0.3637,0.3607,0.3534,0.3214,-0.8099,-0.7834,0.8656,9.822,23.07,28.16
2024-05-24,0.0,0.0,324.4,0.0,140.8,69.35,0.8131,0.0,0.00795,0.000268,0.0,4.45,3.71,3.71,0.496,0.496,2.99,1.0,0.0053,0.3537,0.3519,0.3462,0.3205,1.657,2.55,5.133,14.2,27.17,32.37
2024-05-25,6.2,0.0,327.1,0.0,143.6,71.15,0.829,0.0,0.00736,0.000294,0.0,3.65,3.04,3.04,0.408,0.408,2.99,1.0,0.00275,0.3678,0.3494,0.341,0.3185,-2.208,-1.045,2.261,11.67,24.41,29.62
2024-05-26,0.0,0.0,322.6,0.0,139.0,67.41,0.8028,0.0,0.00719,0.000263,0.0,4.79,3.99,3.99,0.535,0.535,2.99,1.0,0.000913,0.3551,0.3485,0.3396,0.3154,1.255,2.523,6.127,16.08,28.9,34.16
2024-05-27,0.1,0.0,318.1,0.0,134.5,63.35,0.7769,0.0,0.00692,0.000184,0.0,4.85,4.04,4.04,0.543,0.543,2.98,1.0,0.00219,0.3451,0.3416,0.3353,0.3127,3.758,5.69,9.866,20.33,33.35,38.65
2024-05-28,0.6,0.0,315.1,0.0,131.5,60.52,0.7595,0.0,0.00674,0.000139,0.0,3.8,3.17,3.17,0.426,0.426,2.98,1.0,0.00267,0.3394,0.3357,0.3308,0.3104,5.03,7.53,12.29,23.18,36.35,41.64
2024-05-29,0.0,0.0,310.7,0.0,127.1,56.46,0.7338,0.0,0.00673,0.000113,0.0,4.71,3.92,3.92,0.528,0.528,2.98,1.0,0.0011,0.3316,0.3297,0.3255,0.3071,7.131,10.23,15.73,27.26,40.75,46.1
2024-05-30,0.0,0.0,306.6,0.0,123.0,52.73,0.7105,0.0,0.0065,8.67e-05,0.0,4.27,3.56,3.56,0.48,0.48,2.98,1.0,0.000804,0.3245,0.3238,0.3207,0.3037,8.917,12.59,18.76,30.92,44.74,50.14
2024-05-31,10.5,0.0,313.2,0.0,129.6,57.23,0.7483,0.0,0.00632,0.000186,0.0,4.18,3.48,3.48,0.47,0.47,2.97,1.0,0.00457,0.3569,0.3211,0.316,0.3003,0.3786,4.31,11.13,23.94,38.12,43.59
2024-06-01,0.0,0.0,308.5,0.0,124.9,53.57,0.7211,0.0,0.00608,0.000148,0.0,4.98,4.14,4.14,0.561,0.561,2.97,1.0,5.98e-05,0.3438,0.3284,0.3154,0.2962,4.014,7.342,14.44,28.02,42.71,48.3
2024-06-02,2.0,0.0,306.6,0.0,123.0,51.69,0.7105,0.0,0.00564,0.000109,0.0,4.06,3.38,3.38,0.458,0.458,2.97,1.0,0.00215,0.3403,0.3259,0.3154,0.2932,4.495,8.04,15.21,29.33,44.45,50.14
2024-06-03,0.1,0.0,303.0,0.0,119.4,48.58,0.6893,0.0,0.00531,8.84e-05,0.0,3.98,3.31,3.31,0.45,0.45,2.97,1.0,0.00263,0.333,0.3234,0.3139,0.2908,6.687,10.47,17.87,32.45,48.0,53.8
2024-06-04,0.5,0.0,298.6,0.0,115.0,44.45,0.664,0.0,0.00497,6.85e-05,0.0,5.17,4.29,4.29,0.586,0.586,2.96,1.0,0.00266,0.3246,0.3178,0.3102,0.2875,8.625,12.95,20.86,36.08,52.21,58.18
2024-06-05,0.0,0.0,293.7,0.0,110.1,39.97,0.6356,0.0,0.00445,5.09e-05,0.0,5.22,4.33,4.33,0.593,0.593,2.96,1.0,0.000818,0.3163,0.3117,0.3056,0.284,10.89,15.8,24.33,40.23,56.95,63.11
2024-06-06,0.0,0.0,288.6,0.0,105.0,35.26,0.6062,0.0,0.00395,3.74e-05,0.0,5.39,4.47,4.47,0.615,0.615,2.95,1.0,0.000718,0.3076,0.3052,0.3005,0.2802,13.07,18.63,27.86,44.49,61.84,68.21
2024-06-07,0.0,0.0,283.3,0.0,99.76,30.4,0.5761,0.0,0.00346,2.76e-05,0.0,5.52,4.58,4.58,0.632,0.632,2.95,1.0,0.00065,0.299,0.2985,0.2951,0.2761,15.21,21.42,31.41,48.83,66.84,73.42
2024-06-08,0.0,0.0,278.2,0.0,94.65,25.63,0.5465,0.0,0.00301,2.04e-05,0.0,5.41,4.49,4.49,0.622,0.622,2.94,1.0,0.000634,0.2909,0.2919,0.2896,0.2719,17.24,24.1,34.85,53.08,71.73,78.53
2024-06-09,5.7,0.0,279.9,0.0,96.33,25.53,0.5562,0.0,0.00261,2.72e-05,0.0,4.26,3.53,3.53,0.492,0.492,2.93,1.0,-0.000646,0.2935,0.2866,0.2853,0.2686,13.11,20.48,31.84,50.71,69.89,76.86
2024-06-10,2.4,0.0,277.8,0.0,94.17,23.54,0.5438,0.0,0.00233,2.9e-05,0.0,4.83,3.99,3.99,0.559,0.559,2.93,1.0,0.00106,0.3032,0.2819,0.2804,0.2647,12.58,20.41,32.46,52.07,71.85,79.01
2024-06-11,0.0,0.0,273.4,0.0,89.85,19.99,0.5188,0.0,0.00204,2.1e-05,0.0,4.58,3.78,3.78,0.533,0.533,2.92,1.0,0.00199,0.3003,0.2796,0.276,0.261,14.54,22.63,35.3,55.62,75.98,83.33
2024-06-12,0.0,0.0,268.7,0.0,85.15,15.76,0.4917,0.0,0.00179,1.44e-05,0.0,4.99,4.12,4.12,0.584,0.584,2.91,1.0,0.00157,0.2924,0.2768,0.2717,0.257,16.67,25.06,38.38,59.48,80.47,88.04
2024-06-13,1.2,0.0,266.1,0.0,82.48,12.89,0.4763,0.0,0.00155,1.13e-05,0.0,4.1,3.38,3.38,0.482,0.482,2.9,1.0,0.00144,0.2865,0.2739,0.2684,0.2536,17.19,25.89,39.7,61.44,82.96,90.7
2024-06-14,0.0,0.0,261.6,0.0,78.05,9.009,0.4507,0.0,0.00138,9.13e-06,0.0,4.7,3.88,3.88,0.554,0.554,2.9,1.0,0.00164,0.2816,0.2696,0.2645,0.2498,19.08,28.19,42.58,65.06,87.19,95.13
2024-06-15,0.0,0.0,256.5,0.0,72.95,4.318,0.4212,0.0,0.00119,6.64e-06,0.0,5.42,4.46,4.46,0.642,0.642,2.89,1.0,0.000773,0.2738,0.2644,0.2598,0.2454,21.19,30.83,45.9,69.23,92.05,100.2
2024-06-16,0.0,0.0,251.7,0.0,68.13,-0.1322,0.3934,0.0,0.00101,4.72e-06,0.0,5.12,4.21,4.21,0.61,0.61,2.88,1.0,0.000643,0.2661,0.2592,0.2554,0.2413,23.16,33.31,49.04,73.16,96.64,105.1
2024-06-17,0.0,0.0,245.9,0.0,62.28,-5.599,0.3596,0.0,0.000859,3.47e-06,0.0,6.4,5.25,5.13,0.768,0.731,2.87,1.0,0.000507,0.2565,0.2526,0.2499,0.2365,25.54,36.34,52.85,77.92,102.2,110.9
2024-06-18,0.0,0.0,239.6,0.0,55.97,-11.47,0.3232,0.0,0.000699,2.42e-06,0.0,7.42,6.08,5.51,0.899,0.794,2.85,1.0,0.000644,0.2461,0.2456,0.244,0.2312,28.07,39.55,56.92,83.0,108.2,117.2
2024-06-19,0.0,0.0,235.7,0.0,52.1,-15.01,0.3009,0.0,0.00055,1.66e-06,0.0,5.1,4.17,3.39,0.622,0.478,2.84,1.0,0.000889,0.2416,0.2414,0.2404,0.2278,29.56,41.45,59.34,86.07,111.9,121.1
2024-06-20,0.0,0.0,232.2,0.0,48.65,-18.18,0.2809,0.0,0.000469,1.32e-06,0.0,4.93,4.02,3.04,0.607,0.413,2.82,1.0,0.000339,0.2369,0.2376,0.2372,0.2247,30.84,43.11,61.46,88.79,115.1,124.5
2024-06-21,0.0,0.0,228.6,0.0,45.05,-21.49,0.2601,0.0,0.000405,1.08e-06,0.0,5.52,4.49,3.16,0.686,0.431,2.81,1.0,0.000218,0.2325,0.2338,0.2338,0.2215,32.14,44.79,63.64,91.59,118.5,128.1
2024-06-22,0.0,0.0,225.5,0.0,41.94,-24.34,0.2422,0.0,0.000344,8.71e-07,0.0,5.19,4.21,2.75,0.651,0.364,2.79,1.0,0.000177,0.2287,0.2304,0.2308,0.2186,33.23,46.21,65.48,94.0,121.4,131.2
2024-06-23,4.2,0.0,227.6,0.0,44.07,-24.79,0.2545,0.0,0.000297,1.49e-06,0.0,3.39,2.75,1.83,0.429,0.24,2.78,1.0,0.00024,0.2265,0.2284,0.2291,0.2168,29.86,43.04,62.56,91.42,119.2,129.1
2024-06-24,68.9,0.0,266.4,0.0,82.82,9.364,0.4782,27.9,0.000271,0.00107,0.0,2.46,1.99,1.98,0.313,0.313,2.77,1.0,0.0905,0.3902,0.2452,0.2279,0.2156,-6.951,3.547,23.24,52.34,80.35,90.36
2024-06-25,8.6,0.0,271.4,0.0,87.79,14.78,0.5069,0.0,0.000254,0.000591,0.0,3.88,3.14,3.14,0.498,0.498,2.75,1.0,0.00306,0.383,0.3359,0.2277,0.2137,-5.534,-1.815,17.42,46.88,75.26,85.4
2024-06-26,1.9,0.0,269.2,0.0,85.58,13.39,0.4942,0.0,0.000229,0.000281,0.0,4.38,3.54,3.54,0.568,0.568,2.74,1.0,0.00205,0.3631,0.3352,0.2724,0.2116,-0.7836,2.25,18.69,48.56,77.32,87.6
2024-06-27,0.0,0.0,263.8,0.0,80.17,8.859,0.4629,0.0,0.000205,0.000131,0.0,5.79,4.66,4.66,0.758,0.758,2.72,1.0,0.000746,0.343,0.3253,0.2864,0.209,4.255,8.099,22.94,53.31,82.55,93.01
2024-06-28,0.0,0.0,258.2,0.0,74.66,4.002,0.4311,0.0,0.000177,6.11e-05,0.0,5.9,4.73,4.73,0.783,0.783,2.7,1.0,0.000124,0.3273,0.3139,0.2853,0.2066,8.158,13.06,27.35,58.18,87.89,98.52
2024-06-29,0.0,0.0,252.8,0.0,69.27,-0.8342,0.4,0.0,0.000154,3.18e-05,0.0,5.78,4.62,4.62,0.779,0.779,2.67,1.0,0.00334,0.3138,0.3031,0.2802,0.2043,11.5,17.43,31.81,62.97,93.11,103.9
2024-06-30,0.0,0.0,248.4,0.0,64.86,-4.783,0.3745,0.0,0.000134,1.75e-05,0.0,4.73,3.76,3.76,0.646,0.646,2.65,1.0,0.0024,0.3034,0.2944,0.275,0.2027,14.11,20.88,35.56,66.91,97.4,108.3
2024-07-01,6.2,0.0,249.3,0.0,65.73,-5.4,0.3795,0.0,0.000121,3.25e-05,0.0,5.72,4.54,4.54,0.792,0.792,2.63,1.0,-8.21e-05,0.3074,0.2846,0.268,0.2009,10.88,18.6,33.91,65.5,96.38,107.5
2024-07-02,0.0,0.0,243.8,0.0,60.26,-9.772,0.348,0.0,0.000107,2.1e-05,0.0,5.87,4.64,4.64,0.824,0.824,2.61,1.0,0.000632,0.3021,0.2772,0.2606,0.1994,14.11,22.57,38.59,70.44,101.7,112.9
2024-07-03,0.1,0.0,240.8,0.0,57.22,-12.32,0.3304,0.0,9.44e-05,1.0e-05,0.0,3.38,2.66,2.66,0.479,0.479,2.59,1.0,0.00156,0.2945,0.274,0.2586,0.1988,16.07,24.86,41.24,73.18,104.7,116.0
2024-07-04,0.0,0.0,235.8,0.0,52.19,-16.86,0.3013,0.0,8.81e-05,6.64e-06,0.0,5.42,4.26,4.26,0.779,0.779,2.57,1.0,0.000906,0.2826,0.2667,0.2536,0.1977,19.1,28.62,45.58,77.76,109.6,121.0
2024-07-05,0.0,0.0,229.9,0.0,46.36,-22.15,0.2677,0.0,7.92e-05,3.59e-06,0.0,6.28,4.91,4.91,0.918,0.918,2.54,1.0,0.000906,0.2678,0.2565,0.2482,0.1964,22.68,32.99,50.61,83.1,115.3,126.8
2024-07-06,0.0,0.0,225.2,0.0,41.64,-26.33,0.2405,0.0,7.04e-05,1.76e-06,0.0,5.86,4.56,3.88,0.87,0.828,2.51,1.0,0.000884,0.2587,0.2522,0.2438,0.1952,25.54,36.41,54.6,87.37,119.9,131.5
2024-07-07,0.0,0.0,221.5,0.0,37.97,-29.49,0.2192,0.0,6.33e-05,9.97e-07,0.0,5.6,4.33,2.93,0.845,0.746,2.48,1.0,0.00111,0.2491,0.2472,0.2398,0.1941,27.55,38.92,57.62,90.65,123.4,135.2
2024-07-08,0.0,0.0,218.1,0.0,34.5,-32.55,0.1992,0.0,5.74e-05,6.67e-07,0.0,5.82,4.48,2.77,0.895,0.703,2.45,1.0,0.000613,0.2436,0.2423,0.236,0.1929,29.38,41.23,60.42,93.73,126.8,138.7
2024-07-09,0.0,0.0,214.4,0.0,30.8,-35.82,0.1779,0.0,5.21e-05,4.67e-07,0.0,6.9,5.28,2.96,1.08,0.731,2.42,1.0,0.000361,0.237,0.2372,0.2319,0.1915,31.27,43.63,63.36,96.98,130.4,142.4
2024-07-10,0.0,0.0,210.9,0.0,27.29,-38.89,0.1576,0.0,4.67e-05,3.28e-07,0.0,7.43,5.65,2.85,1.19,0.667,2.38,1.0,0.000247,0.2312,0.2322,0.2279,0.19,33.0,45.84,66.09,100.0,133.7,145.9
2024-07-11,0.0,0.0,208.4,0.0,24.84,-40.99,0.1435,0.0,4.17e-05,2.4e-07,0.0,5.88,4.44,2.01,0.963,0.437,2.35,1.0,0.000225,0.2273,0.2287,0.2251,0.1889,34.15,47.34,67.97,102.2,136.1,148.3
2024-07-12,0.0,0.0,206.0,0.0,22.43,-43.05,0.1295,0.0,3.83e-05,1.95e-07,0.0,6.5,4.88,2.03,1.09,0.385,2.31,1.0,0.000137,0.2235,0.2253,0.2223,0.1877,35.25,48.77,69.78,104.2,138.4,150.8
2024-07-13,0.0,0.0,203.9,0.0,20.32,-44.9,0.1173,0.0,3.5e-05,1.6e-07,0.0,6.4,4.77,1.81,1.09,0.295,2.28,1.0,4.0e-05,0.2202,0.2222,0.2197,0.1866,36.16,49.98,71.32,106.0,140.4,152.9
2024-07-14,0.0,0.0,202.2,0.0,18.7,-46.51,0.1073,0.0,3.22e-05,1.35e-07,0.0,6.05,4.48,1.56,1.06,0.176,2.24,1.0,7.12e-05,0.2175,0.2196,0.2176,0.1856,36.85,50.93,72.56,107.5,142.1,154.6
2024-07-15,0.0,0.0,200.5,0.0,17.08,-48.11,0.09795,0.0,2.98e-05,1.18e-07,0.0,6.62,4.86,1.56,1.18,0.0542,2.21,1.0,0.000165,0.2148,0.2171,0.2154,0.1845,37.4,51.73,73.65,108.8,143.6,156.2
2024-07-16,0.0,0.0,199.2,0.0,15.73,-49.44,0.09013,0.0,2.76e-05,1.03e-07,0.0,6.08,4.43,1.31,1.11,0.0481,2.17,1.0,0.000136,0.2126,0.215,0.2136,0.1836,37.85,52.39,74.56,109.9,144.9,157.6
2024-07-17,0.0,0.0,197.9,0.0,14.46,-50.69,0.08277,0.0,2.57e-05,9.18e-08,0.0,6.25,4.52,1.23,1.16,0.0425,2.14,1.0,0.000108,0.2107,0.213,0.2119,0.1827,38.26,53.0,75.39,110.9,146.1,158.8
2024-07-18,0.0,0.0,196.8,0.0,13.32,-51.8,0.07624,0.0,2.4e-05,8.27e-08,0.0,6.06,4.34,1.09,1.15,0.0376,2.1,1.0,8.55e-05,0.209,0.2113,0.2105,0.1819,38.62,53.52,76.12,111.8,147.2,160.0
2024-07-19,0.0,0.0,195.8,0.0,12.33,-52.78,0.07048,0.0,2.25e-05,7.54e-08,0.0,5.82,4.13,0.964,1.13,0.0334,2.06,1.0,6.77e-05,0.2075,0.2098,0.2092,0.1811,38.93,53.97,76.75,112.6,148.1,161.0
2024-07-20,0.0,0.0,194.9,0.0,11.48,-53.61,0.06561,0.0,2.13e-05,6.94e-08,0.0,5.32,3.74,0.814,1.05,0.0298,2.03,1.0,5.39e-05,0.2063,0.2086,0.2081,0.1805,39.18,54.35,77.27,113.2,148.9,161.8
2024-07-21,0.0,0.0,193.9,0.0,10.41,-54.67,0.05943,0.0,2.02e-05,6.48e-08,0.0,7.34,5.11,1.04,1.49,0.0268,1.99,1.0,4.32e-05,0.2048,0.207,0.2067,0.1796,39.49,54.81,77.92,114.0,149.9,162.9
2024-07-22,10.2,0.0,201.7,0.0,18.1,-51.49,0.1045,0.0,1.89e-05,6.63e-06,0.0,6.63,4.58,1.5,1.38,0.892,1.96,1.0,-5.33e-05,0.2036,0.2058,0.2056,0.1789,31.05,46.5,69.76,106.0,142.0,155.1
2024-07-23,0.0,0.0,199.6,0.0,15.99,-52.19,0.09234,0.0,1.79e-05,1.19e-06,0.0,6.1,4.17,1.27,1.29,0.838,1.92,1.0,0.00015,0.2037,0.2047,0.2046,0.1783,32.61,48.16,71.56,108.0,144.1,157.2
2024-07-24,1.1,0.0,198.7,0.0,15.11,-52.99,0.08726,0.0,1.7e-05,5.77e-07,0.0,6.26,4.24,1.1,1.36,0.88,1.88,1.0,0.00169,0.2065,0.2037,0.2037,0.1777,32.98,48.62,72.14,108.7,144.9,158.1
2024-07-25,0.0,0.0,196.7,0.0,13.14,-54.12,0.07589,0.0,1.62e-05,3.1e-07,0.0,6.5,4.35,1.04,1.44,0.932,1.85,1.0,0.00196,0.2087,0.2028,0.2029,0.1771,34.45,50.18,73.82,110.5,146.8,160.0
2024-07-26,0.0,0.0,194.9,0.0,11.37,-55.26,0.06564,0.0,1.54e-05,1.46e-07,0.0,6.56,4.35,0.934,1.48,0.842,1.81,1.0,0.000777,0.2095,0.202,0.2021,0.1765,35.75,51.57,75.32,112.1,148.6,161.8
2024-07-27,0.0,0.0,193.1,0.0,9.526,-56.46,0.055,0.0,1.47e-05,8.8e-08,0.0,7.63,5.0,0.962,1.76,0.88,1.78,1.0,0.000354,0.209,0.2011,0.2013,0.1759,37.09,52.99,76.85,113.7,150.4,163.7
2024-07-28,0.0,0.0,191.8,0.0,8.264,-57.23,0.04772,0.0,1.4e-05,6.15e-08,0.0,6.24,4.04,0.703,1.47,0.56,1.74,1.0,0.000227,0.2082,0.2005,0.2007,0.1754,37.97,53.94,77.88,114.8,151.6,164.9
2024-07-29,0.0,0.0,191.0,0.0,7.391,-57.82,0.04256,0.0,1.34e-05,5.21e-08,0.0,5.38,3.45,0.555,1.3,0.339,1.71,1.0,0.000114,0.2074,0.2,0.2002,0.175,38.55,54.57,78.58,115.6,152.5,165.8
2024-07-30,0.0,0.0,190.3,0.0,6.819,-58.39,0.03868,0.0,1.3e-05,4.76e-08,0.0,5.49,3.48,0.522,1.35,0.15,1.67,1.0,0.000142,0.2065,0.1995,0.1998,0.1747,38.93,54.99,79.07,116.2,153.1,166.5
2024-07-31,0.0,0.0,189.7,0.0,6.217,-58.98,0.0352,0.0,1.26e-05,4.46e-08,0.0,6.23,3.9,0.547,1.56,0.0548,1.64,1.0,0.00019,0.2054,0.199,0.1993,0.1743,39.21,55.33,79.47,116.7,153.7,167.1
2024-08-01,0.0,0.0,189.1,0.0,5.671,-59.5,0.03205,0.0,1.22e-05,4.2e-08,0.0,6.18,3.82,0.497,1.58,0.0494,1.61,1.0,0.000154,0.2044,0.1986,0.1989,0.1739,39.47,55.62,79.82,117.1,154.2,167.6
2024-08-02,0.0,0.0,188.7,0.0,5.193,-59.96,0.02929,0.0,1.18e-05,3.98e-08,0.0,5.86,3.58,0.434,1.53,0.0439,1.57,1.0,0.000123,0.2035,0.1982,0.1985,0.1736,39.68,55.88,80.13,117.5,154.6,168.1
2024-08-03,1.4,0.0,189.3,0.0,5.75,-60.27,0.0332,0.0,1.14e-05,4.84e-08,0.0,4.63,2.8,0.32,1.23,0.403,1.55,1.0,-0.000128,0.2028,0.1979,0.1982,0.1733,38.81,55.03,79.33,116.7,153.9,167.4
2024-08-04,0.0,0.0,188.5,0.0,4.932,-60.56,0.02848,0.0,1.12e-05,4.36e-08,0.0,5.31,3.17,0.349,1.43,0.47,1.52,1.0,0.0015,0.2021,0.1976,0.198,0.173,39.42,55.67,80.0,117.4,154.7,168.3
2024-08-05,0.0,0.0,187.9,0.0,4.294,-60.92,0.02466,0.0,1.09e-05,3.75e-08,0.0,5.66,3.34,0.348,1.55,0.314,1.49,1.0,0.000116,0.2014,0.1973,0.1977,0.1728,39.86,56.15,80.52,118.0,155.4,168.9
2024-08-06,0.0,0.0,187.4,0.0,3.923,-61.26,0.02196,0.0,1.06e-05,3.52e-08,0.0,5.86,3.42,0.336,1.64,0.132,1.46,1.0,9.53e-05,0.2008,0.1971,0.1974,0.1725,40.12,56.43,80.85,118.4,155.8,169.4
2024-08-07,14.5,0.0,199.5,0.0,15.91,-54.3,0.09189,0.0,1.04e-05,2.29e-05,0.0,6.33,3.65,1.08,1.8,1.3,1.43,1.0,-0.00429,0.2007,0.1968,0.1971,0.1722,27.8,44.13,68.59,106.2,143.7,157.3
2024-08-08,0.1,0.0,197.3,0.0,13.71,-55.05,0.07915,0.0,1.01e-05,3.3e-06,0.0,5.43,3.09,1.08,1.56,1.23,1.41,1.0,0.000656,0.2232,0.1966,0.1969,0.172,29.83,46.19,70.68,108.3,145.8,159.5
2024-08-09,0.0,0.0,195.3,0.0,11.73,-56.13,0.06772,0.0,9.88e-06,8.71e-07,0.0,5.47,3.08,0.791,1.6,1.19,1.38,1.0,0.00214,0.229,0.1964,0.1967,0.1718,31.65,48.02,72.54,110.2,147.8,161.5
2024-08-10,0.0,0.0,193.5,0.0,9.963,-57.19,0.05753,0.0,9.67e-06,3.34e-07,0.0,5.39,2.99,0.607,1.6,1.16,1.35,1.0,0.00121,0.2279,0.1962,0.1965,0.1716,33.26,49.65,74.2,111.9,149.6,163.2
2024-08-11,0.0,0.0,191.8,0.0,8.251,-58.27,0.04765,0.0,9.48e-06,1.61e-07,0.0,5.82,3.19,0.571,1.76,1.14,1.32,1.0,0.000665,0.225,0.196,0.1963,0.1714,34.81,51.23,75.8,113.6,151.2,164.9
2024-08-12,0.0,0.0,190.4,0.0,6.823,-59.1,0.0394,0.0,9.29e-06,8.93e-08,0.0,5.72,3.09,0.494,1.76,0.935,1.3,1.0,0.000518,0.2221,0.1958,0.1961,0.1712,36.1,52.52,77.13,114.9,152.7,166.4
2024-08-13,6.8,0.0,195.3,0.0,11.74,-57.45,0.06778,0.0,9.12e-06,2.73e-06,0.0,5.59,2.98,0.753,1.75,1.13,1.27,1.0,0.00131,0.2195,0.1957,0.1959,0.171,31.05,47.49,72.11,109.9,147.7,161.4
2024-08-14,0.0,0.0,193.6,0.0,10.03,-57.77,0.05783,0.0,8.96e-06,7.93e-07,0.0,5.6,2.95,0.574,1.77,1.15,1.25,1.0,6.52e-05,0.2181,0.1956,0.1958,0.1708,32.64,49.1,73.74,111.6,149.4,163.2
2024-08-15,0.0,0.0,192.3,0.0,8.7,-58.44,0.05007,0.0,8.8e-06,2.54e-07,0.0,4.47,2.33,0.413,1.44,0.931,1.23,1.0,0.00131,0.2187,0.1955,0.1957,0.1707,33.89,50.35,75.02,112.9,150.8,164.5
2024-08-16,0.6,0.0,191.5,0.0,7.956,-59.11,0.04568,0.0,8.69e-06,1.65e-07,0.0,4.83,2.48,0.405,1.57,0.957,1.2,1.0,0.000872,0.2187,0.1954,0.1956,0.1706,34.55,51.02,75.7,113.6,151.5,165.3
2024-08-17,0.0,0.0,190.2,0.0,6.687,-59.73,0.03823,0.0,8.57e-06,1.04e-07,0.0,4.97,2.53,0.377,1.64,0.914,1.18,1.0,0.000715,0.2178,0.1953,0.1955,0.1704,35.75,52.22,76.92,114.9,152.8,166.6
2024-08-18,0.3,0.0,189.5,0.0,5.962,-60.21,0.03394,0.0,8.45e-06,7.0e-08,0.0,4.67,2.35,0.324,1.56,0.719,1.16,1.0,0.000741,0.2166,0.1953,0.1954,0.1703,36.41,52.88,77.6,115.6,153.5,167.3
2024-08-19,14.6,0.0,203.1,0.0,19.6,-51.39,0.1127,0.0,8.35e-06,3.52e-05,0.0,2.14,1.07,0.401,0.719,0.565,1.15,1.0,-0.000702,0.2255,0.1953,0.1953,0.1702,22.74,39.22,63.93,101.9,139.9,153.7
2024-08-20,8.1,0.0,209.5,0.0,26.04,-45.37,0.1498,0.0,8.3e-06,5.83e-05,0.0,3.13,1.54,0.741,1.06,0.937,1.13,1.0,0.00286,0.3014,0.1953,0.1952,0.1702,16.27,32.74,57.47,95.46,133.4,147.2
2024-08-21,0.0,0.0,206.9,0.0,23.48,-46.5,0.1349,0.0,8.23e-06,1.94e-05,0.0,4.43,2.16,1.18,1.52,1.4,1.12,1.0,0.00132,0.2918,0.1953,0.1952,0.1701,18.78,35.24,59.98,98.0,136.0,149.8
2024-08-22,0.0,0.0,204.4,0.0,20.94,-48.21,0.1202,0.0,8.14e-06,5.85e-06,0.0,4.33,2.09,1.17,1.5,1.38,1.1,1.0,0.000123,0.278,0.1954,0.1951,0.17,21.42,37.73,62.48,100.5,138.5,152.4
2024-08-23,0.0,0.0,201.7,0.0,18.26,-50.19,0.1046,0.0,8.06e-06,2.41e-06,0.0,4.65,2.22,1.2,1.63,1.5,1.08,1.0,0.00281,0.2648,0.1962,0.195,0.1699,24.27,40.35,65.11,103.2,141.2,155.1
2024-08-24,0.0,0.0,199.4,0.0,15.92,-51.83,0.09109,0.0,7.97e-06,1.03e-06,0.0,5.02,2.37,0.776,1.78,1.57,1.06,1.0,0.00158,0.2554,0.1981,0.1949,0.1698,26.74,42.62,67.4,105.5,143.6,157.4
2024-08-25,0.0,0.0,197.1,0.0,13.71,-53.44,0.07825,0.0,7.88e-06,5.07e-07,0.0,5.09,2.37,0.7,1.82,1.52,1.05,1.0,0.00102,0.2468,0.2008,0.1949,0.1697,29.04,44.78,69.56,107.7,145.8,159.6
2024-08-26,0.0,0.0,195.5,0.0,12.06,-54.61,0.06874,0.0,7.8e-06,2.73e-07,0.0,4.19,1.93,0.513,1.51,1.13,1.03,1.0,0.0007,0.2445,0.2034,0.1948,0.1696,30.74,46.37,71.16,109.3,147.4,161.3
2024-08-27,0.3,0.0,194.4,0.0,10.99,-55.51,0.0625,0.0,7.73e-06,1.87e-07,0.0,3.99,1.82,0.445,1.45,0.936,1.02,1.0,0.000783,0.2402,0.2053,0.1947,0.1695,31.85,47.4,72.2,110.3,148.5,162.4
2024-08-28,0.0,0.0,193.2,0.0,9.751,-56.23,0.05534,0.0,7.66e-06,1.41e-07,0.0,4.26,1.93,0.441,1.56,0.799,1.0,1.0,0.000498,0.2368,0.2066,0.1947,0.1694,33.09,48.59,73.4,111.5,149.7,163.6
2024-08-29,0.0,0.0,192.1,0.0,8.692,-56.77,0.04918,0.0,7.6e-06,1.12e-07,0.0,4.53,2.03,0.441,1.68,0.627,0.988,1.0,0.000363,0.2336,0.2073,0.1946,0.1693,34.13,49.61,74.42,112.6,150.8,164.7
2024-08-30,0.0,0.0,191.4,0.0,8.122,-57.27,0.04514,0.0,7.53e-06,9.44e-08,0.0,4.67,2.07,0.428,1.75,0.272,0.973,1.0,0.000295,0.2309,0.2077,0.1946,0.1693,34.79,50.26,75.07,113.2,151.5,165.4
2024-08-31,0.0,0.0,190.9,0.0,7.664,-57.74,0.04247,0.0,7.47e-06,8.28e-08,0.0,4.52,1.98,0.389,1.7,0.0747,0.959,1.0,0.000279,0.2284,0.2078,0.1946,0.1692,35.21,50.67,75.49,113.7,151.9,165.8
2024-09-01,0.0,0.0,190.5,0.0,7.258,-58.15,0.0401,0.0,7.41e-06,7.42e-08,0.0,4.24,1.84,0.344,1.61,0.0658,0.946,1.0,0.000238,0.2263,0.2077,0.1946,0.1691,35.58,51.04,75.86,114.1,152.3,166.2
2024-09-02,1.8,0.0,191.6,0.0,8.207,-58.41,0.04626,0.0,7.35e-06,9.08e-08,0.0,3.61,1.55,0.28,1.38,0.454,0.934,1.0,-0.00024,0.2246,0.2077,0.1946,0.1691,34.48,49.95,74.76,113.0,151.3,165.2
2024-09-03,8.0,0.0,198.0,0.0,14.63,-55.18,0.08333,0.0,7.31e-06,5.17e-06,0.0,4.22,1.79,0.528,1.63,1.05,0.922,1.0,0.00255,0.2229,0.2074,0.1946,0.169,28.0,43.49,68.31,106.5,144.8,158.8
2024-09-04,2.2,0.0,198.7,0.0,15.3,-54.16,0.08716,0.0,7.25e-06,3.1e-06,0.0,3.62,1.52,0.523,1.4,1.02,0.911,1.0,0.00101,0.2249,0.2072,0.1946,0.169,27.3,42.8,67.61,105.9,144.2,158.1
2024-09-05,16.8,0.0,214.0,0.0,30.63,-41.41,0.1757,0.0,7.21e-06,0.00015,0.0,2.62,1.09,0.566,1.02,0.901,0.902,1.0,-0.00391,0.3209,0.2071,0.1947,0.1689,11.95,27.45,52.26,90.51,128.8,142.8
2024-09-06,0.1,0.0,212.0,0.0,28.61,-41.93,0.164,0.0,7.18e-06,3.54e-05,0.0,3.39,1.41,0.861,1.33,1.27,0.893,1.0,0.00195,0.3087,0.207,0.1947,0.1689,14.1,29.46,54.26,92.51,130.8,144.8
2024-09-07,0.0,0.0,209.6,0.0,26.19,-43.52,0.15,0.0,7.14e-06,1.16e-05,0.0,3.7,1.52,1.0,1.46,1.43,0.883,1.0,0.000216,0.2947,0.2104,0.1948,0.1688,17.1,31.86,56.66,94.92,133.3,147.2
2024-09-08,77.0,0.0,244.6,0.0,61.21,-12.47,0.3522,40.4,7.1e-06,0.00141,0.0,2.89,1.18,0.732,1.15,1.15,0.874,1.0,0.302,0.4042,0.3283,0.1948,0.1688,-10.03,-3.187,21.61,59.88,98.24,112.2
2024-09-09,0.3,0.0,242.3,0.0,58.85,-13.27,0.3388,0.0,7.07e-06,0.000404,0.0,3.32,1.34,1.3,1.32,1.32,0.865,1.0,0.0021,0.3658,0.3379,0.2206,0.1688,-0.9762,2.053,23.91,62.19,100.6,114.5
2024-09-10,0.0,0.0,239.6,0.0,56.14,-15.12,0.3233,0.0,7.04e-06,0.00013,0.0,3.34,1.34,1.34,1.34,1.34,0.857,1.0,0.0015,0.3466,0.328,0.271,0.1687,3.775,7.464,26.57,64.85,103.2,117.2
2024-09-11,1.8,0.0,238.4,0.0,54.93,-16.13,0.3165,0.0,7.0e-06,7.6e-05,0.0,3.71,1.48,1.48,1.49,1.49,0.848,1.0,0.00176,0.3373,0.3191,0.2798,0.1687,5.728,10.19,27.71,66.0,104.4,118.4
2024-09-12,3.0,0.0,239.2,0.0,55.66,-15.59,0.3209,0.0,6.96e-06,6.54e-05,0.0,2.81,1.12,1.12,1.14,1.14,0.842,1.0,0.0011,0.3365,0.3139,0.2815,0.1686,5.569,10.49,26.94,65.24,103.6,117.6
2024-09-13,1.2,0.0,238.7,0.0,55.24,-15.72,0.3185,0.0,6.94e-06,5.39e-05,0.0,2.01,0.794,0.794,0.814,0.814,0.838,1.0,-7.09e-05,0.3326,0.3123,0.2826,0.1686,6.699,11.77,27.35,65.64,104.1,118.0
2024-09-14,0.0,0.0,236.6,0.0,53.12,-17.2,0.3064,0.0,6.92e-06,3.93e-05,0.0,2.63,1.03,1.03,1.07,1.07,0.833,1.0,4.04e-05,0.3242,0.3095,0.2828,0.1686,9.241,14.57,29.5,67.73,106.2,120.1
2024-09-15,0.0,0.0,234.2,0.0,50.64,-19.17,0.2921,0.0,6.89e-06,2.57e-05,0.0,3.1,1.21,1.21,1.26,1.26,0.827,1.0,0.00436,0.3145,0.3048,0.2818,0.1686,11.77,17.54,32.09,70.19,108.6,122.6
2024-09-16,0.0,0.0,232.0,0.0,48.5,-20.94,0.2798,0.0,6.87e-06,1.67e-05,0.0,2.68,1.04,1.04,1.1,1.1,0.821,1.0,0.00348,0.3064,0.2998,0.2801,0.1685,13.8,20.04,34.42,72.31,110.8,124.7
2024-09-17,38.9,0.0,267.4,0.0,83.84,9.998,0.4839,2.57,6.84e-06,0.0016,0.0,1.45,0.562,0.466,0.595,0.595,0.816,1.0,0.0825,0.4139,0.3797,0.2854,0.1686,-12.9,-13.91,-0.6757,36.96,75.4,89.39
2024-09-18,146.7,0.0,295.8,0.0,112.2,37.74,0.648,118.0,6.83e-06,0.00407,0.0,0.997,0.385,0.173,0.41,0.41,0.812,1.0,0.0333,0.4363,0.4293,0.4063,0.1686,-18.56,-25.26,-28.07,8.537,46.98,60.97
2024-09-19,25.0,0.0,316.6,0.0,133.0,58.66,0.7678,3.42,6.82e-06,0.00587,0.0,1.51,0.582,0.286,0.625,0.625,0.808,1.0,0.102,0.4347,0.4338,0.424,0.2794,-18.11,-25.38,-33.61,-12.23,26.22,40.21
2024-09-20,1.6,0.0,316.5,0.0,132.9,59.62,0.7677,0.0,6.81e-06,0.00299,0.0,2.09,0.8,0.76,0.866,0.866,0.803,1.0,0.00219,0.4087,0.4073,0.3981,0.3425,-11.65,-16.27,-21.05,-12.15,26.24,40.23
2024-09-21,0.0,0.0,314.6,0.0,131.0,58.36,0.7564,0.0,6.79e-06,0.00129,0.0,2.46,0.936,0.936,1.02,1.02,0.798,1.0,0.00289,0.3909,0.3906,0.3836,0.343,-7.227,-10.19,-12.98,-6.765,28.2,42.19
2024-09-22,0.1,0.0,312.7,0.0,129.1,56.95,0.7456,0.0,6.77e-06,0.00073,0.0,2.48,0.937,0.937,1.03,1.03,0.792,1.0,0.00174,0.3791,0.379,0.3728,0.339,-4.313,-6.123,-7.399,-1.043,30.06,44.06
2024-09-23,1.9,0.0,313.0,0.0,129.4,57.2,0.7472,0.0,6.75e-06,0.000526,0.0,2.04,0.767,0.767,0.852,0.852,0.787,1.0,0.0023,0.3763,0.3721,0.3653,0.3348,-3.801,-4.917,-5.118,1.764,29.78,43.77
2024-09-24,0.2,0.0,311.3,0.0,127.7,55.97,0.7375,0.0,6.73e-06,0.000416,0.0,2.38,0.891,0.891,0.998,0.998,0.782,1.0,0.000999,0.3675,0.3664,0.3603,0.3313,-1.466,-2.012,-1.482,5.928,31.46,45.46
2024-09-25,0.0,0.0,309.3,0.0,125.7,54.32,0.7258,0.0,6.71e-06,0.000309,0.0,2.54,0.947,0.947,1.07,1.07,0.776,1.0,0.000472,0.3592,0.3598,0.3548,0.328,0.655,0.7591,2.055,9.993,33.48,47.48
2024-09-26,0.0,0.0,307.5,0.0,123.9,52.81,0.7156,0.0,6.69e-06,0.000235,0.0,2.24,0.829,0.829,0.945,0.945,0.77,1.0,0.000266,0.3525,0.3537,0.3496,0.3249,2.305,3.005,5.024,13.51,35.26,49.25
2024-09-27,0.0,0.0,305.7,0.0,122.1,51.23,0.7049,0.0,6.67e-06,0.000187,0.0,2.33,0.857,0.857,0.987,0.987,0.764,1.0,0.000171,0.3464,0.3483,0.3448,0.3216,3.848,5.081,7.771,16.82,37.16,51.1
2024-09-28,1.3,0.0,305.0,0.0,121.4,50.43,0.7011,0.0,6.66e-06,0.000159,0.0,2.5,0.915,0.915,1.06,1.06,0.76,1.0,0.00186,0.344,0.3436,0.3404,0.3184,4.094,5.796,9.112,18.74,38.05,51.77
2024-09-29,0.2,0.0,303.3,0.0,119.7,49.07,0.6914,0.0,6.64e-06,0.000136,0.0,2.38,0.866,0.866,1.01,1.01,0.756,1.0,0.000185,0.3396,0.3402,0.3368,0.3154,5.437,7.478,11.31,21.48,40.11,53.45
2024-09-30,0.0,0.0,301.4,0.0,117.8,47.46,0.6804,0.0,6.62e-06,0.000113,0.0,2.41,0.875,0.875,1.03,1.03,0.752,1.0,0.00291,0.3341,0.3365,0.3336,0.3126,6.9,9.315,13.62,24.3,42.44,55.35
2024-10-01,0.0,0.0,299.9,0.0,116.3,46.13,0.6717,0.0,6.61e-06,9.4e-05,0.0,1.92,0.694,0.694,0.821,0.821,0.748,1.0,0.00556,0.3297,0.3327,0.3305,0.3102,7.99,10.77,15.51,26.63,44.4,56.86
2024-10-02,0.4,0.0,298.8,0.0,115.3,45.06,0.6655,0.0,6.64e-06,8.2e-05,0.0,1.86,0.67,0.67,0.8,0.8,0.743,1.0,0.00473,0.3264,0.3293,0.3275,0.3079,8.603,11.72,16.88,28.41,45.92,57.93
2024-10-03,48.0,0.0,343.3,2.46,159.7,84.59,0.922,0.0,6.74e-06,0.00288,0.0,1.68,0.604,0.389,0.724,0.724,0.74,1.0,-0.0127,0.4463,0.4267,0.3797,0.3059,-21.28,-27.48,-27.21,-15.37,1.945,13.51
2024-10-04,3.8,0.0,348.6,0.0,165.1,91.18,0.9531,0.0,7.06e-06,0.0037,0.0,1.16,0.415,0.368,0.499,0.499,0.738,1.0,0.000385,0.4162,0.4109,0.4008,0.3492,-13.89,-18.86,-23.98,-19.66,-3.01,8.126
2024-10-05,3.1,0.0,351.0,0.0,167.4,93.89,0.9666,0.0,7.9e-06,0.00191,0.0,0.964,0.344,0.337,0.416,0.416,0.736,1.0,0.00139,0.406,0.401,0.3931,0.3621,-11.43,-15.42,-19.67,-18.24,-4.911,5.779
2024-10-06,0.2,0.0,349.5,0.0,165.9,93.23,0.9579,0.0,9.91e-06,0.00134,0.0,2.17,0.771,0.771,0.936,0.936,0.733,1.0,0.00326,0.3914,0.3912,0.3856,0.3634,-7.389,-10.42,-13.72,-12.75,-2.693,7.285
2024-10-07,0.0,0.0,348.2,0.0,164.7,92.35,0.9508,0.0,1.5e-05,0.000908,0.0,1.57,0.557,0.557,0.68,0.68,0.729,1.0,0.000692,0.3818,0.3821,0.3779,0.3611,-5.05,-7.186,-9.446,-8.15,-0.2506,8.521
2024-10-08,9.1,0.0,356.1,0.0,172.5,98.82,0.9962,0.0,3.78e-05,0.00103,0.0,1.59,0.56,0.553,0.688,0.688,0.725,1.0,-1.27e-05,0.4004,0.3866,0.3769,0.3585,-10.54,-13.08,-15.07,-13.37,-6.671,0.6637
2024-10-09,0.0,0.0,354.6,0.0,171.0,98.49,0.9873,0.0,0.000252,0.00107,0.0,1.95,0.685,0.685,0.847,0.847,0.721,1.0,0.00235,0.3865,0.3851,0.379,0.3601,-6.197,-8.614,-10.94,-9.575,-3.701,2.195
2024-10-10,2.3,0.0,355.4,0.0,171.9,99.24,0.9924,0.0,0.00205,0.000862,0.0,1.81,0.633,0.633,0.788,0.788,0.717,1.0,0.00085,0.3835,0.38,0.3749,0.3603,-5.811,-7.735,-9.553,-8.25,-3.185,1.318
2024-10-11,0.9,0.0,354.7,0.0,171.2,98.93,0.9884,0.0,0.00935,0.000772,0.0,2.02,0.704,0.704,0.882,0.882,0.714,1.0,3.35e-05,0.3775,0.3763,0.3719,0.3594,-4.108,-5.661,-7.086,-5.656,-1.254,2.015
2024-10-12,0.0,0.0,353.3,0.0,169.7,97.85,0.9798,0.0,0.0243,0.000657,0.0,1.85,0.644,0.644,0.811,0.811,0.711,1.0,6.67e-05,0.3703,0.3713,0.3683,0.3584,-2.179,-3.246,-4.197,-2.602,1.172,3.495
2024-10-13,0.0,0.0,351.8,0.0,168.2,96.65,0.9715,0.0,0.0433,0.000571,0.0,1.79,0.62,0.62,0.785,0.785,0.708,1.0,0.00224,0.3644,0.3664,0.3645,0.3571,-0.6988,-1.286,-1.734,0.05806,3.268,4.941
2024-10-14,0.0,0.0,350.2,0.0,166.6,95.25,0.962,0.0,0.0612,0.000515,0.0,2.02,0.695,0.695,0.885,0.885,0.705,1.0,0.00451,0.359,0.362,0.3609,0.3559,0.6805,0.5225,0.5424,2.543,5.326,6.578
2024-10-15,0.1,0.0,348.9,0.0,165.3,94.05,0.9543,0.0,0.0762,0.000472,0.0,1.74,0.597,0.597,0.765,0.765,0.701,1.0,0.00246,0.3549,0.3582,0.3579,0.3548,1.642,1.853,2.272,4.451,6.933,7.914
2024-10-16,1.6,0.0,349.7,0.0,166.1,94.45,0.9592,0.0,0.0874,0.000455,0.0,0.844,0.289,0.289,0.372,0.372,0.698,1.0,0.0031,0.3566,0.3561,0.3559,0.3541,0.6173,1.028,1.716,4.006,6.263,7.059
2024-10-17,50.7,0.0,392.6,5.58,209.0,133.9,1.207,1.49,0.0958,0.00483,0.0,1.05,0.358,0.186,0.463,0.463,0.695,1.0,-0.0128,0.4463,0.4437,0.4271,0.3663,-21.53,-29.71,-38.18,-38.53,-36.49,-35.81
2024-10-18,2.5,0.0,399.4,0.0,215.8,141.9,1.246,0.0,0.108,0.00713,0.0,1.79,0.61,0.46,0.794,0.794,0.692,1.0,0.103,0.4215,0.4224,0.4189,0.4102,-14.97,-21.15,-29.6,-37.98,-42.37,-42.63
2024-10-19,126.4,0.0,432.7,8.85,249.1,174.0,1.438,83.5,0.372,0.0131,0.0,0.671,0.227,0.041,0.297,0.297,0.689,1.0,-0.00381,0.4463,0.4463,0.4463,0.4457,-21.53,-30.14,-42.94,-58.45,-71.8,-75.92
2024-10-20,14.9,0.0,443.3,5.36,259.7,184.6,1.499,2.49,4.91,0.0245,0.0,0.816,0.276,0.0,0.362,0.362,0.687,1.0,-0.02,0.4463,0.4463,0.4463,0.4578,-21.53,-30.14,-43.06,-61.04,-79.4,-86.5
2024-10-21,0.2,0.0,442.1,0.0,258.5,183.9,1.493,0.0,6.35,0.0267,0.0,0.83,0.279,0.00697,0.369,0.369,0.684,1.0,0.0234,0.444,0.4463,0.4463,0.4578,-20.37,-28.97,-41.89,-59.87,-78.22,-85.33
2024-10-22,1.3,0.0,436.7,0.0,253.1,179.0,1.461,0.0,6.35,0.0233,0.0,0.735,0.247,0.0442,0.327,0.327,0.681,1.0,0.00985,0.4292,0.4355,0.4394,0.4578,-16.89,-24.46,-36.56,-54.44,-72.79,-79.9
2024-10-23,29.3,0.0,443.3,5.14,259.7,184.6,1.499,10.8,6.35,0.0258,0.0,0.751,0.251,0.0,0.335,0.335,0.679,1.0,-0.0124,0.4463,0.4463,0.4463,0.4578,-21.53,-30.14,-43.06,-61.04,-79.4,-86.5
2024-10-24,6.3,0.0,443.3,4.8,259.7,184.6,1.499,0.0,6.35,0.0267,0.0,0.581,0.194,0.0,0.259,0.259,0.676,1.0,0.00146,0.4463,0.4463,0.4463,0.4578,-21.53,-30.14,-43.06,-61.04,-79.4,-86.5
2024-10-25,1.7,0.0,443.0,0.0,259.5,184.5,1.498,0.0,6.35,0.0267,0.0,0.805,0.268,0.00138,0.36,0.36,0.674,1.0,0.0103,0.4457,0.4463,0.4463,0.4578,-21.31,-29.92,-42.84,-60.82,-79.17,-86.28
2024-10-26,0.1,0.0,436.1,0.0,252.5,178.5,1.458,0.0,6.35,0.0237,0.0,1.39,0.46,0.0884,0.622,0.622,0.671,1.0,0.0148,0.4274,0.4353,0.4395,0.4578,-16.3,-23.84,-35.95,-53.85,-72.2,-79.31
2024-10-27,0.1,0.0,429.2,0.0,245.6,172.0,1.418,0.0,6.35,0.0183,0.0,1.05,0.346,0.128,0.47,0.47,0.668,1.0,0.00764,0.4187,0.4255,0.4292,0.4469,-14.2,-20.76,-31.3,-47.28,-65.34,-72.45
2024-10-28,0.1,0.0,422.4,0.0,238.8,165.4,1.379,0.0,6.21,0.0133,0.0,1.15,0.378,0.199,0.516,0.516,0.666,1.0,0.00494,0.4121,0.4186,0.422,0.4387,-12.57,-18.44,-27.89,-42.23,-58.73,-65.62
2024-10-29,0.2,0.0,416.9,0.0,233.3,160.1,1.347,0.0,4.73,0.00989,0.0,1.38,0.452,0.293,0.619,0.619,0.664,1.0,0.00245,0.4069,0.4134,0.4167,0.433,-11.27,-16.61,-25.25,-38.46,-53.79,-60.17
2024-10-30,0.3,0.0,412.6,0.0,229.0,156.0,1.322,0.0,3.62,0.00795,0.0,1.46,0.477,0.352,0.656,0.656,0.661,1.0,0.0011,0.4028,0.4092,0.4124,0.4284,-10.27,-15.19,-23.19,-35.49,-49.87,-55.83
2024-10-31,0.0,0.0,408.7,0.0,225.1,152.2,1.3,0.0,2.93,0.00665,0.0,1.37,0.449,0.362,0.62,0.62,0.659,1.0,0.00463,0.3988,0.4053,0.4087,0.4244,-9.246,-13.78,-21.23,-32.74,-46.31,-51.92
2024-11-01,0.1,0.0,405.3,0.0,221.7,148.9,1.28,0.0,2.45,0.00569,0.0,1.43,0.465,0.399,0.645,0.645,0.657,1.0,0.00492,0.3956,0.402,0.4054,0.4208,-8.456,-12.66,-19.61,-30.41,-43.23,-48.53
2024-11-02,0.0,0.0,402.2,0.0,218.6,145.9,1.262,0.0,2.08,0.00496,0.0,1.39,0.452,0.407,0.63,0.63,0.655,1.0,0.00253,0.3925,0.399,0.4024,0.4175,-7.692,-11.6,-18.1,-28.26,-40.39,-45.41
2024-11-03,0.1,0.0,399.6,0.0,216.0,143.4,1.248,0.0,1.8,0.00437,0.0,1.11,0.361,0.336,0.504,0.504,0.654,1.0,0.00133,0.3905,0.3965,0.3998,0.4146,-7.248,-10.9,-17.02,-26.6,-38.11,-42.87
2024-11-04,0.1,0.0,397.2,0.0,213.7,141.1,1.234,0.0,1.58,0.00393,0.0,1.2,0.389,0.37,0.544,0.544,0.652,1.0,0.000711,0.3885,0.3944,0.3976,0.4119,-6.729,-10.17,-15.95,-25.0,-35.95,-40.47
2024-11-05,0.2,0.0,395.2,0.0,211.6,139.1,1.222,0.0,1.41,0.00356,0.0,1.07,0.347,0.336,0.487,0.487,0.651,1.0,0.000385,0.387,0.3925,0.3957,0.4095,-6.393,-9.647,-15.13,-23.7,-34.13,-38.44
2024-11-06,0.1,0.0,393.3,0.0,209.7,137.3,1.211,0.0,1.26,0.00326,0.0,1.02,0.328,0.321,0.462,0.462,0.65,1.0,0.00022,0.3853,0.3908,0.3939,0.4073,-5.976,-9.058,-14.27,-22.42,-32.37,-36.49
2024-11-07,0.1,0.0,391.4,0.0,207.8,135.5,1.2,0.0,1.15,0.00301,0.0,1.05,0.338,0.333,0.476,0.476,0.649,1.0,0.00671,0.3836,0.3891,0.3922,0.4053,-5.561,-8.475,-13.43,-21.18,-30.69,-34.63
2024-11-08,0.0,0.0,389.7,0.0,206.1,133.8,1.19,0.0,1.05,0.00278,0.0,0.854,0.275,0.273,0.388,0.388,0.648,1.0,0.00654,0.3821,0.3875,0.3906,0.4034,-5.188,-7.941,-12.65,-20.04,-29.15,-32.92
2024-11-09,0.2,0.0,388.4,0.0,204.8,132.5,1.183,0.0,0.97,0.0026,0.0,0.637,0.205,0.204,0.29,0.29,0.647,1.0,0.00496,0.3815,0.3862,0.3892,0.4017,-5.118,-7.747,-12.25,-19.3,-28.04,-31.66
2024-11-10,0.1,0.0,386.9,0.0,203.3,131.1,1.174,0.0,0.9,0.00245,0.0,0.981,0.315,0.315,0.446,0.446,0.645,1.0,0.00364,0.3801,0.3851,0.388,0.4,-4.694,-7.208,-11.52,-18.24,-26.62,-30.1
2024-11-11,0.0,0.0,385.4,0.0,201.8,129.6,1.165,0.0,0.838,0.0023,0.0,0.87,0.279,0.279,0.396,0.396,0.645,1.0,0.0028,0.3785,0.3837,0.3866,0.3985,-4.299,-6.67,-10.77,-17.19,-25.24,-28.59
2024-11-12,0.4,0.0,384.5,0.0,200.9,128.6,1.16,0.0,0.784,0.00217,0.0,0.661,0.212,0.212,0.301,0.301,0.644,1.0,0.00227,0.3785,0.3827,0.3854,0.397,-4.402,-6.673,-10.6,-16.73,-24.47,-27.69
2024-11-13,0.0,0.0,383.1,0.0,199.5,127.4,1.152,0.0,0.736,0.00207,0.0,0.818,0.262,0.262,0.373,0.373,0.643,1.0,0.00167,0.3771,0.3818,0.3845,0.3957,-3.951,-6.132,-9.91,-15.78,-23.22,-26.32
2024-11-14,1.1,0.0,383.0,0.0,199.5,127.1,1.152,0.0,0.694,0.00198,0.0,0.591,0.189,0.189,0.269,0.269,0.643,1.0,0.00151,0.3789,0.3815,0.3837,0.3945,-4.664,-6.813,-10.47,-16.1,-23.27,-26.27
2024-11-15,0.0,0.0,381.7,0.0,198.1,126.0,1.144,0.0,0.659,0.00192,0.0,0.9,0.288,0.288,0.41,0.41,0.642,1.0,0.00087,0.3771,0.3812,0.3833,0.3935,-3.955,-6.069,-9.651,-15.09,-22.02,-24.91
2024-11-16,0.1,0.0,380.5,0.0,196.9,124.8,1.137,0.0,0.627,0.00183,0.0,0.844,0.27,0.27,0.385,0.385,0.642,1.0,0.000718,0.3754,0.3798,0.3822,0.3925,-3.565,-5.547,-8.973,-14.21,-20.92,-23.73
2024-11-17,0.1,0.0,379.3,0.0,195.7,123.7,1.13,0.0,0.6,0.00175,0.0,0.891,0.284,0.284,0.407,0.407,0.641,1.0,0.000663,0.374,0.3786,0.3811,0.3913,-3.203,-5.059,-8.318,-13.33,-19.81,-22.54
2024-11-18,0.0,0.0,378.2,0.0,194.6,122.6,1.124,0.0,0.574,0.00167,0.0,0.735,0.234,0.234,0.336,0.336,0.64,1.0,0.000584,0.3727,0.3773,0.38,0.3902,-2.876,-4.611,-7.708,-12.5,-18.76,-21.39
2024-11-19,0.0,0.0,377.0,0.0,193.4,121.5,1.117,0.0,0.549,0.00159,0.0,0.815,0.26,0.26,0.372,0.372,0.639,1.0,0.000507,0.3714,0.3762,0.3789,0.389,-2.531,-4.149,-7.082,-11.64,-17.66,-20.21
2024-11-20,0.9,0.0,376.5,0.0,193.0,120.9,1.114,0.0,0.524,0.00154,0.0,1.04,0.331,0.331,0.475,0.475,0.638,1.0,0.000615,0.3721,0.3755,0.3779,0.3878,-2.901,-4.453,-7.236,-11.56,-17.33,-19.78
2024-11-21,3.7,0.0,379.0,0.0,195.4,122.7,1.129,0.0,0.499,0.00156,0.0,0.93,0.295,0.295,0.425,0.425,0.637,1.0,0.00042,0.3811,0.3782,0.3785,0.3869,-5.593,-7.389,-10.21,-14.36,-19.9,-22.26
2024-11-22,0.8,0.0,378.7,0.0,195.1,122.7,1.127,0.0,0.478,0.0016,0.0,0.837,0.266,0.266,0.383,0.383,0.637,1.0,-0.00181,0.3802,0.3806,0.3806,0.3871,-4.917,-6.954,-10.03,-14.22,-19.64,-21.93
2024-11-23,0.0,0.0,377.6,0.0,194.0,121.8,1.12,0.0,0.466,0.00156,0.0,0.866,0.275,0.275,0.396,0.396,0.636,1.0,0.000816,0.3768,0.3795,0.3804,0.3873,-3.893,-5.831,-8.907,-13.13,-18.52,-20.79
2024-11-24,0.0,0.0,376.6,0.0,193.0,121.0,1.115,0.0,0.463,0.00151,0.0,0.617,0.195,0.195,0.282,0.282,0.635,1.0,0.00659,0.3744,0.3778,0.3793,0.3871,-3.334,-5.104,-8.044,-12.22,-17.59,-19.85
2024-11-25,0.0,0.0,375.6,0.0,192.0,120.1,1.109,0.0,0.461,0.00146,0.0,0.678,0.215,0.215,0.311,0.311,0.635,1.0,9.48e-05,0.3726,0.3763,0.3782,0.3864,-2.855,-4.478,-7.264,-11.31,-16.62,-18.87
2024-11-26,0.5,0.0,375.1,0.0,191.5,119.5,1.106,0.0,0.455,0.00142,0.0,0.748,0.237,0.237,0.343,0.343,0.634,1.0,0.000194,0.3722,0.3753,0.3772,0.3856,-2.864,-4.387,-7.031,-10.93,-16.12,-18.33
2024-11-27,1.7,0.0,375.9,0.0,192.3,120.0,1.111,0.0,0.445,0.00141,0.0,0.559,0.177,0.177,0.256,0.256,0.633,1.0,0.00202,0.3755,0.3758,0.377,0.385,-3.979,-5.548,-8.146,-11.92,-16.99,-19.15
2024-11-28,0.1,0.0,375.0,0.0,191.4,119.4,1.105,0.0,0.435,0.0014,0.0,0.732,0.231,0.231,0.336,0.336,0.632,1.0,0.0052,0.3739,0.3763,0.3774,0.3847,-3.219,-4.832,-7.469,-11.19,-16.14,-18.26
2024-11-29,0.0,0.0,374.1,0.0,190.5,118.6,1.1,0.0,0.425,0.00136,0.0,0.671,0.211,0.211,0.308,0.308,0.631,1.0,0.00761,0.3717,0.3751,0.3767,0.3844,-2.658,-4.158,-6.713,-10.36,-15.24,-17.32
2024-11-30,0.0,0.0,373.2,0.0,189.6,117.7,1.095,0.0,0.418,0.00132,0.0,0.598,0.188,0.188,0.274,0.274,0.631,1.0,7.6e-05,0.3701,0.3738,0.3758,0.3838,-2.266,-3.643,-6.071,-9.607,-14.39,-16.44
2024-12-01,0.1,0.0,372.4,0.0,188.8,117.0,1.09,0.0,0.41,0.00128,0.0,0.656,0.207,0.207,0.301,0.301,0.631,1.0,9.82e-05,0.369,0.3727,0.3748,0.383,-1.992,-3.262,-5.557,-8.95,-13.61,-15.62
2024-12-02,0.0,0.0,371.4,0.0,187.8,116.0,1.084,0.0,0.401,0.00124,0.0,0.775,0.244,0.244,0.356,0.356,0.63,1.0,9.52e-05,0.3675,0.3717,0.3739,0.3822,-1.586,-2.75,-4.914,-8.146,-12.66,-14.61
2024-12-03,2.3,0.0,372.9,0.0,189.3,117.0,1.093,0.0,0.39,0.00123,0.0,0.549,0.173,0.173,0.252,0.252,0.63,1.0,0.00182,0.3727,0.3722,0.3735,0.3815,-3.439,-4.651,-6.746,-9.833,-14.2,-16.1
2024-12-04,6.2,0.0,378.3,0.126,194.8,121.5,1.125,0.0,0.379,0.0014,0.0,0.287,0.0902,0.0902,0.132,0.132,0.629,1.0,0.000541,0.3896,0.3799,0.3769,0.3815,-7.958,-9.897,-12.37,-15.46,-19.72,-21.57
2024-12-05,0.1,0.0,377.7,0.0,194.2,121.6,1.121,0.0,0.372,0.00153,0.0,0.589,0.185,0.185,0.27,0.27,0.629,1.0,0.000382,0.3844,0.3837,0.3817,0.3836,-5.852,-8.173,-11.3,-14.8,-19.14,-20.97
2024-12-06,0.0,0.0,376.9,0.0,193.3,121.0,1.116,0.0,0.376,0.00148,0.0,0.645,0.203,0.203,0.296,0.296,0.629,1.0,-0.00108,0.3796,0.3813,0.3811,0.3851,-4.629,-6.729,-9.83,-13.6,-18.19,-20.09
2024-12-07,5.6,0.0,381.5,0.0,197.9,124.6,1.143,0.0,0.392,0.00161,0.0,0.743,0.233,0.233,0.341,0.341,0.629,1.0,0.000248,0.3921,0.3849,0.3821,0.3856,-8.438,-10.87,-14.09,-17.96,-22.74,-24.72
2024-12-08,47.0,0.0,418.3,5.21,234.8,159.7,1.356,4.32,0.41,0.00786,0.0,0.321,0.101,0.0388,0.148,0.148,0.629,1.0,-0.0123,0.4463,0.4463,0.4428,0.4219,-21.53,-30.14,-41.89,-52.56,-59.37,-61.58
2024-12-09,27.7,0.0,443.2,5.57,259.6,184.6,1.499,0.384,1.93,0.0187,0.0,0.255,0.08,8.37e-05,0.117,0.117,0.628,1.0,-0.0161,0.4463,0.4463,0.4463,0.4571,-21.53,-30.14,-43.06,-61.0,-79.35,-86.45
2024-12-10,18.6,0.0,443.3,5.89,259.7,184.6,1.499,11.7,6.35,0.0267,0.0,0.255,0.0801,0.0,0.117,0.117,0.628,1.0,-0.00999,0.4463,0.4463,0.4463,0.4578,-21.53,-30.14,-43.06,-61.04,-79.4,-86.5
2024-12-11,0.7,0.0,443.2,0.0,259.7,184.6,1.499,0.0,6.35,0.0267,0.0,0.53,0.166,6.99e-05,0.244,0.244,0.628,1.0,0.01,0.4463,0.4463,0.4463,0.4578,-21.51,-30.13,-43.05,-61.03,-79.38,-86.48
2024-12-12,0.2,0.0,436.8,0.0,253.2,179.1,1.462,0.0,6.35,0.0239,0.0,0.533,0.167,0.0293,0.245,0.245,0.628,1.0,0.0171,0.4292,0.4359,0.44,0.4578,-16.86,-24.47,-36.66,-54.59,-72.94,-80.05
2024-12-13,12.2,0.0,442.5,0.0,258.9,184.0,1.495,0.0,6.35,0.0231,0.0,0.338,0.106,0.00215,0.155,0.155,0.628,1.0,-0.00234,0.4434,0.4463,0.4463,0.4578,-20.75,-29.36,-42.28,-60.26,-78.61,-85.72
2024-12-14,2.0,0.0,437.8,0.0,254.3,180.0,1.468,0.0,6.35,0.0239,0.0,0.557,0.175,0.0259,0.256,0.256,0.627,1.0,0.00893,0.4315,0.4374,0.4413,0.4578,-17.51,-25.26,-37.63,-55.61,-73.96,-81.07
2024-12-15,0.0,0.0,431.1,0.0,247.5,173.7,1.429,0.0,6.35,0.0196,0.0,0.657,0.206,0.0669,0.302,0.302,0.627,1.0,0.00861,0.4211,0.4276,0.4314,0.4493,-14.84,-21.62,-32.49,-48.96,-67.23,-74.34
2024-12-16,0.0,0.0,424.3,0.0,240.7,167.2,1.39,0.0,6.34,0.0146,0.0,0.813,0.255,0.124,0.374,0.374,0.626,1.0,0.00609,0.4141,0.4204,0.4238,0.4406,-13.1,-19.14,-28.85,-43.57,-60.44,-67.49
2024-12-17,0.0,0.0,418.6,0.0,235.0,161.7,1.357,0.0,5.16,0.0106,0.0,0.74,0.232,0.142,0.341,0.341,0.625,1.0,0.00345,0.4089,0.4148,0.4182,0.4345,-11.83,-17.32,-26.18,-39.69,-55.33,-61.84
2024-12-18,0.1,0.0,414.3,0.0,230.8,157.6,1.332,0.0,3.89,0.00845,0.0,0.69,0.216,0.153,0.318,0.318,0.624,1.0,0.00156,0.4051,0.4107,0.414,0.4299,-10.91,-15.99,-24.21,-36.81,-51.49,-57.57
2024-12-19,0.4,0.0,411.1,0.0,227.6,154.4,1.314,0.0,3.13,0.00713,0.0,0.665,0.208,0.161,0.306,0.306,0.624,1.0,0.00298,0.4027,0.4077,0.4108,0.4261,-10.36,-15.14,-22.88,-34.74,-48.62,-54.37
2024-12-20,11.9,0.0,419.8,0.186,236.2,161.6,1.364,0.0,2.66,0.00747,0.0,0.679,0.212,0.115,0.313,0.313,0.623,1.0,-5.01e-05,0.4276,0.4221,0.419,0.4267,-17.08,-23.23,-31.96,-43.93,-57.45,-62.99
2024-12-21,0.2,0.0,417.0,0.0,233.4,159.9,1.348,0.0,2.75,0.00839,0.0,0.593,0.185,0.117,0.273,0.273,0.623,1.0,-0.00558,0.4132,0.417,0.4184,0.4303,-12.94,-18.63,-27.4,-40.07,-54.37,-60.22
2024-12-22,0.1,0.0,413.6,0.0,230.0,156.7,1.328,0.0,3.06,0.00767,0.0,0.671,0.209,0.151,0.309,0.309,0.623,1.0,0.00464,0.4065,0.4113,0.4138,0.4281,-11.26,-16.39,-24.55,-36.8,-50.96,-56.79
2024-12-23,0.0,0.0,410.3,0.0,226.8,153.7,1.309,0.0,2.85,0.00678,0.0,0.536,0.167,0.132,0.247,0.247,0.622,1.0,0.00667,0.4023,0.4074,0.4103,0.4252,-10.24,-14.98,-22.64,-34.31,-47.94,-53.57
2024-12-24,0.0,0.0,407.4,0.0,223.8,150.8,1.292,0.0,2.51,0.00599,0.0,0.601,0.187,0.157,0.277,0.277,0.622,1.0,0.00461,0.3991,0.4043,0.4074,0.4222,-9.437,-13.88,-21.1,-32.19,-45.24,-50.62
2024-12-25,0.0,0.0,404.8,0.0,221.2,148.3,1.277,0.0,2.2,0.00533,0.0,0.573,0.179,0.157,0.264,0.264,0.622,1.0,0.0028,0.3966,0.4017,0.4048,0.4195,-8.806,-12.98,-19.83,-30.37,-42.85,-48.0
2024-12-26,0.1,0.0,402.5,0.0,218.9,146.1,1.264,0.0,1.95,0.00479,0.0,0.529,0.165,0.15,0.244,0.244,0.622,1.0,0.00166,0.3947,0.3996,0.4026,0.4169,-8.361,-12.33,-18.84,-28.88,-40.82,-45.75
2024-12-27,0.0,0.0,400.3,0.0,216.7,144.0,1.251,0.0,1.74,0.00436,0.0,0.647,0.201,0.188,0.299,0.299,0.621,1.0,0.00098,0.3925,0.3976,0.4006,0.4146,-7.788,-11.55,-17.76,-27.34,-38.8,-43.52
2024-12-28,0.0,0.0,398.0,0.0,214.4,141.8,1.238,0.0,1.57,0.00398,0.0,0.93,0.289,0.275,0.429,0.429,0.62,1.0,0.000606,0.3901,0.3955,0.3985,0.4123,-7.143,-10.7,-16.59,-25.73,-36.71,-41.24
2024-12-29,0.0,0.0,396.0,0.0,212.4,139.9,1.226,0.0,1.42,0.00364,0.0,0.824,0.256,0.247,0.381,0.381,0.62,1.0,0.000384,0.3881,0.3934,0.3965,0.4102,-6.662,-10.01,-15.61,-24.32,-34.85,-39.19
2024-12-30,0.0,0.0,394.0,0.0,210.5,138.0,1.215,0.0,1.29,0.00335,0.0,0.806,0.25,0.244,0.373,0.373,0.619,1.0,0.000241,0.3863,0.3916,0.3947,0.4081,-6.226,-9.392,-14.72,-23.02,-33.11,-37.28
2024-12-31,0.0,0.0,392.3,0.0,208.7,136.3,1.205,0.0,1.18,0.0031,0.0,0.701,0.217,0.214,0.324,0.324,0.618,1.0,0.00481,0.3848,0.39,0.393,0.4062,-5.875,-8.878,-13.95,-21.88,-31.56,-35.56
2025-01-01,0.0,0.0,390.7,0.0,207.1,-1.553,1.196,0.0,1.09,0.00288,0.0,0.755,0.222,0.222,0.357,0.357,0.579,0.0457,0.00709,0.3836,0.3888,0.3918,0.4046,-5.34,-8.222,-13.11,-20.71,-30.04,-33.9
2025-01-02,0.1,0.0,389.2,0.0,205.6,-0.6532,1.187,0.0,1.01,0.0027,0.0,0.725,0.216,0.216,0.341,0.341,0.588,0.0539,0.00565,0.3822,0.3873,0.3903,0.403,-5.003,-7.738,-12.41,-19.71,-28.71,-32.43
2025-01-03,1.4,0.0,389.1,0.0,205.5,-0.1893,1.187,0.0,0.947,0.00258,0.0,0.673,0.202,0.202,0.316,0.316,0.593,0.0583,0.00461,0.3844,0.3871,0.3895,0.4015,-5.828,-8.543,-13.08,-20.09,-28.77,-32.37
2025-01-04,0.1,0.0,388.0,0.0,204.4,-0.188,1.18,0.0,0.89,0.00249,0.0,0.478,0.143,0.143,0.225,0.225,0.593,0.0583,0.00287,0.383,0.3868,0.3892,0.4006,-5.33,-8.013,-12.48,-19.31,-27.72,-31.21
2025-01-05,0.1,0.0,386.9,0.0,203.3,-0.1017,1.174,0.0,0.845,0.00238,0.0,0.435,0.13,0.13,0.204,0.204,0.594,0.0591,0.0023,0.3816,0.3857,0.3882,0.3996,-5.011,-7.583,-11.91,-18.54,-26.73,-30.13
2025-01-06,0.1,0.0,385.7,0.0,202.1,0.4703,1.167,0.0,0.808,0.00228,0.0,0.65,0.197,0.197,0.304,0.304,0.601,0.0652,0.00205,0.3803,0.3846,0.3872,0.3985,-4.571,-7.037,-11.22,-17.63,-25.61,-28.92
2025-01-07,1.5,0.0,385.9,0.0,202.3,1.346,1.168,0.0,0.773,0.00221,0.0,0.654,0.2,0.2,0.304,0.304,0.61,0.0722,0.00201,0.3826,0.3846,0.3866,0.3974,-5.412,-7.872,-11.95,-18.16,-25.92,-29.14
2025-01-08,0.1,0.0,384.7,0.0,201.1,2.051,1.161,0.0,0.741,0.00216,0.0,0.747,0.231,0.231,0.346,0.346,0.618,0.0787,0.00118,0.3807,0.3844,0.3865,0.3968,-4.637,-7.076,-11.12,-17.2,-24.78,-27.92
2025-01-09,1.3,0.0,384.7,0.0,201.1,3.268,1.161,0.0,0.714,0.0021,0.0,0.757,0.238,0.238,0.347,0.347,0.63,0.0886,0.00118,0.3818,0.384,0.3858,0.396,-5.139,-7.538,-11.49,-17.42,-24.84,-27.92
2025-01-10,0.3,0.0,383.7,0.0,200.1,4.14,1.156,0.0,0.692,0.00206,0.0,0.757,0.242,0.242,0.345,0.345,0.641,0.0967,0.000742,0.3803,0.3837,0.3855,0.3955,-4.563,-6.922,-10.82,-16.65,-23.92,-26.94
2025-01-11,0.0,0.0,382.6,0.0,199.0,4.179,1.149,0.0,0.673,0.00198,0.0,0.586,0.187,0.187,0.267,0.267,0.642,0.0976,0.000776,0.3781,0.3822,0.3846,0.3948,-4.034,-6.256,-10.02,-15.71,-22.85,-25.81
2025-01-12,0.1,0.0,381.6,0.0,198.0,4.153,1.144,0.0,0.654,0.00191,0.0,0.525,0.168,0.168,0.239,0.239,0.642,0.0976,0.000844,0.3767,0.3809,0.3834,0.3939,-3.751,-5.846,-9.455,-14.96,-21.94,-24.85
2025-01-13,0.0,0.0,380.6,0.0,197.0,4.112,1.138,0.0,0.633,0.00183,0.0,0.477,0.153,0.153,0.217,0.217,0.642,0.0976,0.000821,0.3755,0.3798,0.3824,0.3929,-3.439,-5.423,-8.887,-14.21,-21.0,-23.85
2025-01-14,0.0,0.0,379.7,0.0,196.1,4.079,1.132,0.0,0.611,0.00176,0.0,0.448,0.143,0.143,0.204,0.204,0.642,0.0976,0.000752,0.3744,0.3788,0.3815,0.3919,-3.182,-5.063,-8.386,-13.51,-20.12,-22.89
2025-01-15,0.0,0.0,378.5,0.0,194.9,3.95,1.125,0.0,0.588,0.0017,0.0,0.741,0.237,0.237,0.338,0.338,0.642,0.0977,0.000667,0.3731,0.3778,0.3806,0.3909,-2.715,-4.501,-7.689,-12.63,-19.03,-21.72
2025-01-16,0.2,0.0,377.8,0.0,194.2,4.087,1.121,0.0,0.566,0.00163,0.0,0.431,0.138,0.138,0.196,0.196,0.643,0.0982,0.000597,0.3724,0.3767,0.3795,0.3899,-2.746,-4.425,-7.465,-12.2,-18.41,-21.02
2025-01-17,0.0,0.0,376.9,0.0,193.3,4.061,1.116,0.0,0.543,0.00157,0.0,0.463,0.148,0.148,0.211,0.211,0.643,0.0984,0.000507,0.3717,0.3761,0.3788,0.3889,-2.501,-4.112,-7.036,-11.58,-17.58,-20.12
2025-01-18,2.6,0.0,378.5,0.0,194.9,4.534,1.126,0.0,0.522,0.00156,0.0,0.588,0.188,0.188,0.268,0.268,0.644,0.0988,0.00153,0.3777,0.3772,0.3787,0.3881,-4.486,-6.204,-9.09,-13.47,-19.28,-21.74
2025-01-19,0.5,0.0,378.2,0.0,194.6,6.856,1.124,0.0,0.503,0.00158,0.0,0.442,0.142,0.142,0.201,0.201,0.647,0.101,0.0032,0.3775,0.3789,0.3799,0.3879,-4.085,-5.961,-8.984,-13.33,-19.0,-21.4
2025-01-20,5.7,0.0,383.0,0.0567,199.4,6.138,1.152,0.0,0.49,0.00171,0.0,0.399,0.129,0.129,0.181,0.181,0.652,0.105,-0.000159,0.3915,0.3842,0.3821,0.3881,-8.221,-10.6,-13.88,-18.27,-23.88,-26.24
2025-01-21,0.1,0.0,382.2,0.0,198.6,6.078,1.147,0.0,0.485,0.00184,0.0,0.599,0.196,0.196,0.27,0.27,0.659,0.11,-0.000364,0.3864,0.3868,0.3858,0.3901,-6.15,-8.797,-12.59,-17.34,-23.07,-25.44
2025-01-22,0.8,0.0,382.1,0.0,198.5,6.574,1.146,0.0,0.496,0.00181,0.0,0.534,0.176,0.176,0.24,0.24,0.666,0.115,-0.000514,0.3841,0.3851,0.3852,0.3911,-5.71,-8.194,-11.94,-16.9,-22.87,-25.33
2025-01-23,1.5,0.0,382.7,0.0,199.1,9.834,1.15,0.0,0.518,0.00183,0.0,0.533,0.178,0.178,0.238,0.238,0.675,0.121,-0.000356,0.3848,0.3848,0.3849,0.3915,-6.004,-8.464,-12.19,-17.22,-23.36,-25.89
2025-01-24,0.0,0.0,381.4,0.0,197.8,8.145,1.142,0.0,0.535,0.00183,0.0,0.921,0.312,0.312,0.408,0.408,0.69,0.131,-0.00075,0.3811,0.3839,0.3847,0.3918,-4.622,-6.993,-10.7,-15.8,-22.05,-24.63
2025-01-25,0.0,0.0,380.3,0.0,196.7,11.31,1.136,0.0,0.548,0.00177,0.0,0.751,0.259,0.259,0.33,0.33,0.705,0.14,0.00187,0.3777,0.3815,0.3832,0.3916,-3.845,-5.985,-9.51,-14.57,-20.88,-23.5
2025-01-26,1.2,0.0,380.3,0.0,196.7,10.76,1.136,0.0,0.554,0.00174,0.0,0.812,0.287,0.287,0.352,0.352,0.726,0.153,0.00365,0.3777,0.3805,0.3821,0.391,-4.241,-6.286,-9.662,-14.61,-20.89,-23.51
2025-01-27,0.3,0.0,379.3,0.0,195.8,12.73,1.13,0.0,0.551,0.00171,0.0,0.849,0.31,0.31,0.361,0.361,0.759,0.173,0.0002,0.3753,0.38,0.3817,0.3906,-3.634,-5.624,-8.936,-13.79,-19.99,-22.58
2025-01-28,14.1,0.0,392.1,0.179,208.5,21.05,1.204,0.0,0.543,0.00228,0.0,0.999,0.38,0.241,0.415,0.415,0.798,0.194,0.000465,0.4126,0.3979,0.3895,0.3911,-13.77,-17.45,-21.64,-26.61,-32.74,-35.3
2025-01-29,0.0,0.0,390.9,0.0,207.3,20.27,1.197,0.0,0.545,0.00276,0.0,1.04,0.406,0.406,0.424,0.424,0.827,0.21,0.000456,0.3971,0.3997,0.3974,0.3982,-9.003,-12.92,-18.34,-24.66,-31.43,-34.1
2025-01-30,0.0,0.0,389.6,0.0,206.0,23.17,1.189,0.0,0.616,0.00254,0.0,0.87,0.348,0.348,0.35,0.35,0.85,0.221,-0.00216,0.3897,0.3939,0.3941,0.4,-7.146,-10.51,-15.57,-22.24,-29.78,-32.79
2025-01-31,31.6,0.0,418.9,1.27,235.3,31.86,1.359,0.0,0.714,0.00663,0.0,0.586,0.238,0.0,0.233,0.233,0.87,0.231,-0.000676,0.4463,0.4457,0.4355,0.4161,-21.53,-29.94,-40.48,-50.28,-58.89,-62.16
2025-02-01,7.9,0.0,426.5,0.0,242.9,34.55,1.403,0.0,1.39,0.0115,0.0,0.489,0.203,0.0631,0.192,0.192,0.893,0.242,0.0334,0.4328,0.4325,0.4309,0.4363,-18.1,-25.31,-35.78,-49.59,-64.04,-69.71
2025-02-02,0.1,0.0,422.4,0.0,238.8,29.92,1.379,0.0,3.81,0.0111,0.0,0.487,0.206,0.145,0.189,0.189,0.915,0.252,-0.000889,0.4164,0.4213,0.4233,0.4368,-13.75,-19.87,-29.42,-43.38,-59.15,-65.65
2025-02-03,0.0,0.0,417.5,0.0,233.9,32.56,1.351,0.0,4.23,0.00965,0.0,0.863,0.372,0.326,0.329,0.329,0.938,0.263,0.00162,0.4082,0.415,0.4178,0.4331,-11.68,-17.17,-25.95,-39.19,-54.44,-60.76
2025-02-04,0.1,0.0,413.3,0.0,229.7,29.94,1.327,0.0,3.61,0.00806,0.0,0.877,0.382,0.368,0.332,0.332,0.954,0.27,0.000978,0.4032,0.4103,0.4134,0.4291,-10.48,-15.5,-23.64,-36.08,-50.55,-56.55
2025-02-05,0.0,0.0,409.5,0.0,225.9,30.29,1.304,0.0,3.0,0.00683,0.0,1.01,0.449,0.447,0.379,0.379,0.974,0.278,0.0038,0.3988,0.4065,0.4098,0.4253,-9.383,-14.01,-21.62,-33.32,-47.04,-52.72
2025-02-06,0.0,0.0,406.2,0.0,222.6,30.69,1.285,0.0,2.54,0.00588,0.0,0.916,0.411,0.411,0.339,0.339,0.992,0.286,0.00569,0.3957,0.4027,0.4065,0.4219,-8.61,-12.9,-20.01,-31.03,-44.05,-49.43
2025-02-07,0.0,0.0,403.5,0.0,220.0,30.4,1.27,0.0,2.18,0.00515,0.0,0.573,0.257,0.257,0.212,0.212,0.994,0.287,0.00307,0.3939,0.4001,0.4037,0.4188,-8.184,-12.2,-18.9,-29.3,-41.67,-46.78
2025-02-08,12.2,0.0,413.2,0.3,229.6,37.69,1.326,0.0,1.9,0.00557,0.0,0.58,0.263,0.138,0.213,0.213,1.01,0.292,-0.00129,0.4228,0.4156,0.4118,0.4189,-15.99,-21.48,-29.12,-39.55,-51.52,-56.43
2025-02-09,8.0,0.0,419.1,0.116,235.5,39.37,1.36,0.0,1.92,0.00753,0.0,0.599,0.274,0.125,0.218,0.218,1.02,0.297,-0.00375,0.4262,0.4235,0.4214,0.4271,-16.61,-22.93,-31.98,-44.0,-57.09,-62.34
2025-02-10,0.1,0.0,416.2,0.0,232.6,37.52,1.343,0.0,2.57,0.00815,0.0,0.777,0.361,0.284,0.279,0.279,1.04,0.307,-0.00429,0.4116,0.416,0.418,0.4298,-12.55,-18.16,-26.88,-39.45,-53.62,-59.41
2025-02-11,1.5,0.0,414.0,0.0,230.4,41.6,1.33,0.0,2.97,0.00757,0.0,0.931,0.445,0.382,0.326,0.326,1.08,0.323,0.00377,0.4077,0.4117,0.4143,0.4279,-11.74,-16.93,-25.15,-37.36,-51.43,-57.22
2025-02-12,8.3,0.0,418.9,0.0977,235.3,45.18,1.359,0.0,2.83,0.00774,0.0,0.731,0.359,0.197,0.25,0.25,1.12,0.339,-0.0012,0.4222,0.4193,0.4184,0.4282,-15.69,-21.59,-30.29,-42.54,-56.44,-62.14
2025-02-13,1.5,0.0,417.0,0.0,233.4,45.76,1.348,0.0,2.9,0.00827,0.0,0.798,0.403,0.297,0.265,0.265,1.17,0.357,-0.00425,0.4133,0.4163,0.4181,0.4301,-13.1,-18.72,-27.45,-40.08,-54.4,-60.26
2025-02-14,23.0,0.0,435.8,0.677,252.2,59.51,1.456,0.0,3.21,0.0126,0.0,0.953,0.486,0.00277,0.313,0.313,1.19,0.364,-0.00536,0.4463,0.4459,0.4415,0.4427,-21.53,-30.04,-41.96,-57.05,-72.76,-79.04
2025-02-15,2.8,0.0,433.2,0.0,249.6,53.92,1.441,0.0,5.79,0.0184,0.0,0.76,0.388,0.164,0.249,0.249,1.19,0.365,0.109,0.4271,0.4311,0.4335,0.4488,-16.52,-23.63,-34.74,-51.1,-69.3,-76.4
2025-02-16,0.2,0.0,426.4,0.0,242.9,50.75,1.402,0.0,6.35,0.0156,0.0,0.859,0.439,0.286,0.282,0.282,1.19,0.365,0.00446,0.4165,0.4227,0.4263,0.4428,-13.76,-20.04,-30.11,-45.27,-62.57,-69.67
2025-02-17,0.0,0.0,420.3,0.0,236.7,48.75,1.367,0.0,5.65,0.0116,0.0,0.67,0.342,0.273,0.22,0.22,1.19,0.365,0.00385,0.4103,0.4163,0.4201,0.4363,-12.22,-17.86,-27.0,-40.88,-56.87,-63.52
2025-02-18,0.0,0.0,415.4,0.0,231.8,47.13,1.339,0.0,4.22,0.00904,0.0,0.841,0.429,0.388,0.276,0.276,1.19,0.365,0.00238,0.4051,0.4114,0.4154,0.4314,-10.95,-16.1,-24.54,-37.44,-52.42,-58.64
2025-02-19,0.0,0.0,411.6,0.0,228.0,46.04,1.317,0.0,3.35,0.00744,0.0,0.555,0.284,0.273,0.182,0.182,1.19,0.365,0.000732,0.4018,0.4076,0.4115,0.4272,-10.16,-14.93,-22.78,-34.86,-48.98,-54.83
2025-02-20,0.0,0.0,408.0,0.0,224.5,42.96,1.296,0.0,2.77,0.00637,0.0,0.932,0.478,0.471,0.304,0.304,1.2,0.367,0.00618,0.398,0.4041,0.4084,0.4237,-9.183,-13.61,-20.98,-32.36,-45.75,-51.28
2025-02-21,0.0,0.0,404.6,0.0,221.0,43.33,1.276,0.0,2.36,0.00553,0.0,1.33,0.695,0.694,0.427,0.427,1.23,0.379,0.00422,0.3938,0.4005,0.4053,0.4205,-8.129,-12.19,-19.09,-29.83,-42.55,-47.8
2025-02-22,0.0,0.0,401.6,0.0,218.0,45.32,1.259,0.0,2.04,0.00483,0.0,1.06,0.572,0.572,0.329,0.329,1.29,0.399,0.00242,0.3911,0.3975,0.4014,0.4173,-7.491,-11.25,-17.69,-27.8,-39.87,-44.86
2025-02-23,0.1,0.0,399.0,0.0,215.4,50.23,1.244,0.0,1.77,0.00429,0.0,1.14,0.635,0.635,0.34,0.34,1.35,0.421,0.00133,0.3888,0.3949,0.3987,0.4144,-6.92,-10.43,-16.45,-26.0,-37.47,-42.21
2025-02-24,0.6,0.0,397.1,0.0,213.5,50.74,1.233,0.0,1.56,0.00387,0.0,1.05,0.604,0.604,0.298,0.298,1.43,0.447,0.000732,0.3882,0.3932,0.3967,0.4118,-6.867,-10.2,-15.88,-24.92,-35.83,-40.34
2025-02-25,1.1,0.0,395.8,0.0,212.3,54.04,1.226,0.0,1.4,0.00357,0.0,1.12,0.669,0.669,0.305,0.305,1.51,0.472,0.000399,0.3885,0.3924,0.3953,0.4097,-7.035,-10.28,-15.72,-24.33,-34.76,-39.07
2025-02-26,17.0,0.0,410.5,0.466,227.0,68.81,1.311,0.0,1.27,0.00468,0.0,0.944,0.573,0.305,0.248,0.248,1.56,0.488,0.000791,0.429,0.4176,0.4099,0.4116,-17.56,-23.22,-30.4,-39.4,-49.61,-53.78
2025-02-27,0.5,0.0,409.1,0.0,225.5,67.76,1.302,0.0,1.33,0.00592,0.0,1.4,0.871,0.683,0.354,0.354,1.62,0.507,-0.000448,0.4104,0.4131,0.4129,0.4205,-12.29,-17.57,-25.43,-36.13,-47.75,-52.36
2025-02-28,1.6,0.0,408.1,0.0,224.5,70.67,1.296,0.0,1.75,0.00556,0.0,1.14,0.719,0.64,0.279,0.279,1.67,0.522,-0.00115,0.4053,0.4077,0.4088,0.4206,-11.19,-15.95,-23.3,-34.03,-46.3,-51.29
2025-03-01,14.6,0.0,419.9,0.449,236.3,78.92,1.365,0.0,1.94,0.00703,0.0,0.678,0.434,0.18,0.163,0.163,1.71,0.533,-0.0025,0.4326,0.426,0.4212,0.4248,-18.33,-24.85,-33.78,-45.35,-58.03,-63.15
2025-03-02,0.1,0.0,417.2,0.0,233.6,78.25,1.349,0.0,2.43,0.00855,0.0,1.23,0.799,0.549,0.289,0.289,1.75,0.545,-0.00573,0.4136,0.4177,0.419,0.4308,-13.06,-18.82,-27.68,-40.4,-54.63,-60.41
2025-03-03,0.0,0.0,413.0,0.0,229.4,74.44,1.325,0.0,3.04,0.00771,0.0,1.49,0.982,0.83,0.341,0.341,1.79,0.559,0.00414,0.4045,0.4102,0.413,0.4284,-10.82,-15.84,-23.9,-36.16,-50.35,-56.2
2025-03-04,0.0,0.0,408.8,0.0,225.2,74.54,1.3,0.0,2.85,0.00667,0.0,1.62,1.09,1.01,0.36,0.36,1.84,0.574,0.00734,0.3986,0.4048,0.4083,0.4249,-9.366,-13.85,-21.25,-32.79,-46.38,-51.99
2025-03-05,0.0,0.0,404.8,0.0,221.2,75.8,1.277,0.0,2.45,0.0057,0.0,1.75,1.19,1.15,0.373,0.373,1.91,0.594,0.00518,0.3941,0.4003,0.4041,0.4207,-8.237,-12.28,-19.06,-29.84,-42.7,-48.01
2025-03-06,0.0,0.0,401.1,0.0,217.5,77.46,1.256,0.0,2.08,0.00488,0.0,1.82,1.27,1.25,0.372,0.372,1.98,0.616,0.00285,0.3902,0.3965,0.4004,0.4164,-7.285,-10.95,-17.17,-27.18,-39.3,-44.31
2025-03-07,0.0,0.0,397.8,0.0,214.2,78.81,1.237,0.0,1.77,0.00421,0.0,1.71,1.21,1.2,0.334,0.334,2.05,0.634,0.00146,0.3871,0.3933,0.3972,0.4128,-6.514,-9.855,-15.6,-24.89,-36.28,-41.0
2025-03-08,0.0,0.0,394.5,0.0,211.0,80.33,1.218,0.0,1.52,0.00368,0.0,1.86,1.34,1.34,0.35,0.35,2.12,0.655,0.000726,0.3839,0.3901,0.394,0.4093,-5.731,-8.757,-14.03,-22.63,-33.35,-37.78
2025-03-09,1.4,0.0,393.1,0.0,209.6,83.74,1.21,0.0,1.32,0.00328,0.0,1.63,1.19,1.19,0.291,0.291,2.2,0.679,0.000326,0.3853,0.3889,0.392,0.4064,-6.321,-9.215,-14.16,-22.15,-32.21,-36.38
2025-03-10,4.2,0.0,394.6,0.0,211.0,92.18,1.219,0.0,1.16,0.00314,0.0,1.7,1.27,1.27,0.29,0.29,2.28,0.704,0.00284,0.3936,0.3918,0.3925,0.4043,-8.721,-11.89,-16.83,-24.39,-33.92,-37.86
2025-03-11,3.3,0.0,395.2,0.0,211.6,94.2,1.222,0.0,1.05,0.00318,0.0,1.84,1.4,1.4,0.301,0.301,2.36,0.726,-0.000672,0.3963,0.3949,0.3946,0.404,-9.25,-12.71,-17.9,-25.4,-34.61,-38.41
2025-03-12,23.4,0.0,416.1,0.751,232.5,116.1,1.343,0.0,1.0,0.00593,0.0,1.51,1.15,0.499,0.237,0.237,2.42,0.745,0.000338,0.4426,0.4324,0.4227,0.4132,-20.69,-27.82,-36.63,-45.91,-55.51,-59.32
2025-03-13,2.9,0.0,417.4,0.0,233.8,120.5,1.35,0.0,1.36,0.00836,0.0,1.69,1.31,0.75,0.257,0.257,2.47,0.764,-0.000653,0.4213,0.4223,0.4215,0.4276,-15.18,-21.38,-30.47,-42.57,-55.51,-60.59
2025-03-14,31.6,0.0,442.1,3.59,258.6,143.0,1.493,0.0,2.97,0.0159,0.0,1.37,1.07,0.0163,0.202,0.202,2.53,0.782,-0.0114,0.4463,0.4463,0.4463,0.4548,-21.53,-30.14,-43.06,-60.52,-78.33,-85.38
2025-03-15,6.5,0.0,443.3,2.32,259.7,148.0,1.499,0.0,6.35,0.0267,0.0,1.87,1.47,0.0,0.265,0.265,2.59,0.802,-0.012,0.4463,0.4463,0.4463,0.4578,-21.53,-30.14,-43.06,-61.04,-79.4,-86.5
2025-03-16,0.0,0.0,438.9,0.0,255.3,143.7,1.474,0.0,6.35,0.0256,0.0,1.73,1.37,0.183,0.239,0.239,2.63,0.816,0.147,0.4332,0.4405,0.445,0.4578,-17.84,-25.92,-38.73,-56.71,-75.06,-82.17
2025-03-17,0.0,0.0,431.7,0.0,248.1,139.7,1.432,0.0,6.35,0.0204,0.0,2.21,1.77,0.61,0.299,0.299,2.67,0.83,0.00888,0.4209,0.428,0.4322,0.4508,-14.83,-21.65,-32.67,-49.44,-67.78,-74.89
2025-03-18,0.0,0.0,424.6,0.0,241.0,133.6,1.392,0.0,6.35,0.015,0.0,1.23,0.982,0.524,0.166,0.166,2.67,0.832,0.0064,0.4141,0.4201,0.4238,0.441,-13.19,-19.22,-28.94,-43.74,-60.74,-67.84
2025-03-19,0.0,0.0,418.1,0.0,234.5,129.4,1.354,0.0,5.28,0.0108,0.0,1.85,1.48,0.988,0.248,0.248,2.68,0.836,0.0038,0.4075,0.4137,0.4173,0.4341,-11.57,-16.95,-25.69,-39.14,-54.79,-61.32
2025-03-20,0.0,0.0,412.6,0.0,229.0,129.6,1.322,0.0,3.86,0.0083,0.0,2.14,1.72,1.33,0.282,0.282,2.71,0.845,0.00159,0.4018,0.4081,0.4118,0.4285,-10.18,-15.0,-22.92,-35.24,-49.78,-55.84
2025-03-21,0.0,0.0,408.3,0.0,224.7,125.7,1.298,0.0,3.0,0.00667,0.0,1.59,1.28,1.09,0.206,0.206,2.74,0.857,0.00342,0.3981,0.4039,0.4075,0.4238,-9.273,-13.67,-20.96,-32.36,-45.9,-51.54
2025-03-22,4.9,0.0,409.7,0.0277,226.1,128.9,1.305,0.0,2.43,0.00593,0.0,1.39,1.12,0.915,0.177,0.177,2.76,0.868,0.00385,0.4079,0.4068,0.4076,0.4208,-12.16,-16.83,-24.02,-34.82,-47.59,-52.89
2025-03-23,0.0,0.0,405.5,0.0,221.9,131.4,1.281,0.0,2.11,0.00561,0.0,2.45,1.99,1.76,0.306,0.306,2.8,0.883,0.000593,0.3988,0.4035,0.4058,0.4191,-9.476,-13.82,-20.76,-31.23,-43.59,-48.74
2025-03-24,0.4,0.0,402.2,0.0,218.6,127.4,1.262,0.0,1.93,0.00489,0.0,2.06,1.68,1.56,0.253,0.253,2.82,0.894,0.00117,0.3946,0.399,0.4018,0.416,-8.467,-12.37,-18.76,-28.63,-40.46,-45.39
2025-03-25,17.8,0.0,416.6,0.518,233.0,144.9,1.346,0.0,1.71,0.00609,0.0,1.89,1.55,0.858,0.23,0.23,2.85,0.903,-0.000972,0.4337,0.4242,0.4173,0.4184,-18.66,-24.98,-33.25,-43.57,-55.12,-59.86
2025-03-26,0.9,0.0,414.8,0.0,231.3,142.6,1.335,0.0,1.88,0.00765,0.0,1.99,1.63,1.07,0.239,0.239,2.86,0.913,-0.00321,0.4145,0.4171,0.4174,0.4266,-13.37,-19.06,-27.63,-39.54,-52.73,-58.08
2025-03-27,9.8,0.0,421.2,0.27,237.7,151.8,1.372,0.0,2.5,0.00821,0.0,1.18,0.967,0.487,0.14,0.14,2.88,0.92,-0.00254,0.4276,0.424,0.4217,0.4292,-17.02,-23.37,-32.5,-44.96,-58.82,-64.47
2025-03-28,4.2,0.0,421.9,0.00339,238.3,150.5,1.376,0.0,3.05,0.00961,0.0,1.45,1.2,0.609,0.171,0.171,2.89,0.927,-0.000423,0.4218,0.4223,0.4224,0.4331,-15.42,-21.62,-30.96,-44.18,-59.02,-65.1
2025-03-29,8.1,0.0,425.5,0.195,242.0,154.6,1.397,0.0,3.64,0.0105,0.0,1.22,1.0,0.423,0.143,0.143,2.9,0.933,-0.00172,0.4281,0.4265,0.4256,0.4355,-17.07,-23.69,-33.47,-47.17,-62.49,-68.78
2025-03-30,0.2,0.0,420.5,0.0,236.9,154.2,1.368,0.0,4.14,0.0107,0.0,2.3,1.9,1.06,0.268,0.268,2.92,0.941,0.000444,0.4134,0.4183,0.4207,0.435,-13.05,-18.88,-28.06,-41.67,-57.25,-63.7
2025-03-31,0.2,0.0,415.1,0.0,231.5,147.4,1.337,0.0,3.96,0.00897,0.0,2.32,1.92,1.3,0.268,0.268,2.93,0.947,0.00127,0.4059,0.4114,0.4146,0.4304,-11.2,-16.35,-24.66,-37.37,-52.19,-58.36
2025-04-01,0.6,0.0,411.4,0.0,227.8,144.5,1.315,0.0,3.24,0.00735,0.0,1.45,1.2,0.93,0.168,0.168,2.93,0.95,0.00241,0.4029,0.4075,0.4106,0.4262,-10.52,-15.28,-23.0,-34.87,-48.82,-54.62
2025-04-02,0.1,0.0,407.0,0.0,223.4,141.4,1.29,0.0,2.67,0.00626,0.0,2.21,1.83,1.53,0.253,0.253,2.94,0.956,0.00622,0.3978,0.4031,0.4065,0.422,-9.21,-13.53,-20.64,-31.68,-44.81,-50.26
2025-04-03,0.0,0.0,402.4,0.0,218.8,140.5,1.264,0.0,2.23,0.00527,0.0,2.77,2.3,2.05,0.316,0.316,2.95,0.961,0.00317,0.3926,0.3983,0.4018,0.4174,-7.915,-11.75,-18.17,-28.32,-40.56,-45.67
2025-04-04,0.0,0.0,398.0,0.0,214.4,134.7,1.238,0.0,1.84,0.0044,0.0,2.88,2.39,2.24,0.327,0.327,2.96,0.967,0.00149,0.3881,0.3939,0.3975,0.4128,-6.8,-10.2,-15.97,-25.21,-36.54,-41.26
2025-04-05,0.0,0.0,393.5,0.0,209.9,131.3,1.212,0.0,1.52,0.00369,0.0,3.28,2.72,2.63,0.371,0.371,2.97,0.973,0.000623,0.3834,0.3894,0.3931,0.408,-5.656,-8.611,-13.74,-22.03,-32.4,-36.74
2025-04-06,0.0,0.0,389.9,0.0,206.3,128.4,1.191,0.0,1.25,0.00308,0.0,2.54,2.12,2.08,0.287,0.287,2.97,0.976,0.000235,0.3804,0.3861,0.3898,0.4041,-4.891,-7.512,-12.14,-19.66,-29.15,-33.12
2025-04-07,0.0,0.0,386.7,0.0,203.2,125.8,1.173,0.0,1.04,0.00265,0.0,2.24,1.87,1.86,0.253,0.253,2.97,0.978,0.00722,0.3778,0.3833,0.3869,0.4006,-4.249,-6.589,-10.77,-17.61,-26.32,-29.97
2025-04-08,0.0,0.0,383.5,0.0,199.9,125.3,1.154,0.0,0.894,0.00232,0.0,2.51,2.09,2.09,0.282,0.282,2.98,0.98,0.00443,0.3748,0.3803,0.3838,0.397,-3.509,-5.547,-9.271,-15.41,-23.36,-26.71
2025-04-09,0.0,0.0,379.9,0.0,196.3,121.9,1.133,0.0,0.77,0.00203,0.0,3.0,2.5,2.5,0.337,0.337,2.98,0.983,0.0026,0.3711,0.3768,0.3803,0.3932,-2.606,-4.295,-7.502,-12.88,-20.05,-23.1
2025-04-10,0.0,0.0,376.3,0.0,192.7,117.0,1.113,0.0,0.661,0.00175,0.0,3.08,2.56,2.56,0.344,0.344,2.98,0.986,0.0015,0.3676,0.3733,0.377,0.3894,-1.726,-3.069,-5.769,-10.41,-16.8,-19.53
2025-04-11,0.0,0.0,372.2,0.0,188.6,113.5,1.089,0.0,0.566,0.00152,0.0,3.78,3.15,3.15,0.422,0.422,2.99,0.99,0.000855,0.3631,0.3692,0.3729,0.3851,-0.6163,-1.544,-3.651,-7.451,-12.99,-15.4
2025-04-12,0.0,0.0,368.6,0.0,185.0,110.5,1.068,0.0,0.48,0.00128,0.0,3.27,2.73,2.73,0.365,0.365,2.99,0.993,0.00045,0.3596,0.3656,0.3695,0.3813,0.2617,-0.3138,-1.916,-4.97,-9.722,-11.82
2025-04-13,20.6,0.0,386.3,0.622,202.7,125.4,1.17,0.0,0.412,0.00195,0.0,2.22,1.85,1.63,0.248,0.248,2.99,0.994,0.00243,0.4187,0.3931,0.3786,0.3791,-15.25,-18.38,-20.89,-23.54,-27.66,-29.52
2025-04-14,19.5,0.0,404.5,0.66,220.9,143.4,1.276,0.0,0.369,0.00516,0.0,1.4,1.17,0.726,0.156,0.156,2.99,0.996,-0.00291,0.4392,0.4294,0.4187,0.3984,-19.94,-26.76,-34.8,-41.09,-45.92,-47.72
2025-04-15,9.2,0.0,411.9,0.0473,228.4,151.3,1.319,0.0,0.466,0.0071,0.0,3.02,2.52,1.56,0.336,0.336,2.99,0.998,0.00193,0.4304,0.4265,0.4221,0.4177,-17.65,-24.24,-33.18,-43.21,-52.15,-55.17
2025-04-16,5.2,0.0,414.4,0.0,230.8,154.0,1.333,0.0,1.09,0.00702,0.0,2.65,2.21,1.37,0.295,0.295,2.99,1.0,-0.000614,0.4217,0.4205,0.4186,0.423,-15.42,-21.42,-30.04,-41.22,-53.05,-57.65
2025-04-17,9.0,0.0,420.1,0.114,236.5,162.0,1.366,0.0,1.94,0.00801,0.0,2.36,1.97,0.998,0.262,0.262,3.0,1.0,-0.0019,0.4275,0.4243,0.4219,0.4278,-16.98,-23.37,-32.49,-44.65,-57.97,-63.33
2025-04-18,0.8,0.0,416.8,0.0,233.2,159.6,1.347,0.0,2.71,0.00859,0.0,2.39,1.99,1.21,0.265,0.265,3.0,1.0,-0.00413,0.4129,0.4165,0.4179,0.4299,-12.97,-18.61,-27.31,-39.9,-54.18,-60.03
2025-04-19,0.0,0.0,411.5,0.0,228.0,154.7,1.316,0.0,3.04,0.00759,0.0,3.1,2.59,1.88,0.344,0.344,3.0,1.0,0.00452,0.4029,0.4086,0.4115,0.4264,-10.46,-15.32,-23.15,-35.06,-49.0,-54.77
2025-04-20,0.0,0.0,406.5,0.0,222.9,149.9,1.287,0.0,2.68,0.0063,0.0,2.98,2.49,2.05,0.331,0.331,3.0,1.0,0.00609,0.3965,0.4024,0.4059,0.4217,-8.897,-13.15,-20.19,-31.17,-44.28,-49.71
2025-04-21,0.0,0.0,401.8,0.0,218.2,145.4,1.26,0.0,2.2,0.00518,0.0,2.88,2.4,2.13,0.319,0.319,3.0,1.0,0.00325,0.3917,0.3976,0.4011,0.4169,-7.707,-11.47,-17.8,-27.85,-40.01,-45.06
2025-04-22,0.1,0.0,397.0,0.0,213.4,140.8,1.232,0.0,1.8,0.00431,0.0,3.51,2.93,2.73,0.389,0.389,3.0,1.0,0.00141,0.3868,0.3928,0.3964,0.4118,-6.513,-9.8,-15.41,-24.45,-35.6,-40.24
2025-04-23,3.1,0.0,395.9,0.0,212.3,139.2,1.226,0.0,1.45,0.00367,0.0,2.97,2.48,2.4,0.33,0.33,3.0,1.0,0.000347,0.3914,0.3922,0.3941,0.4076,-8.053,-11.27,-16.49,-24.7,-34.91,-39.16
2025-04-24,0.3,0.0,392.3,0.0,208.7,136.0,1.205,0.0,1.21,0.00326,0.0,2.93,2.45,2.4,0.325,0.325,3.0,1.0,0.00528,0.3866,0.3903,0.3925,0.4048,-6.5,-9.529,-14.49,-22.14,-31.6,-35.52
2025-04-25,0.0,0.0,388.5,0.0,205.0,132.5,1.183,0.0,1.04,0.00283,0.0,2.88,2.4,2.39,0.319,0.319,3.0,1.0,0.0049,0.3816,0.3863,0.3891,0.4016,-5.207,-7.844,-12.32,-19.34,-28.13,-31.77
2025-04-26,0.0,0.0,384.8,0.0,201.3,129.0,1.162,0.0,0.907,0.00246,0.0,2.96,2.47,2.47,0.328,0.328,3.0,1.0,0.00376,0.3772,0.3824,0.3854,0.398,-4.126,-6.368,-10.31,-16.63,-24.71,-28.07
2025-04-27,0.9,0.0,382.3,0.0,198.7,126.4,1.147,0.0,0.785,0.00214,0.0,2.85,2.38,2.38,0.315,0.315,3.0,1.0,0.00254,0.3759,0.3795,0.3823,0.3945,-3.985,-5.942,-9.417,-15.05,-22.41,-25.5
2025-04-28,0.0,0.0,378.1,0.0,194.5,122.5,1.123,0.0,0.682,0.00189,0.0,3.65,3.04,3.04,0.404,0.404,3.0,1.0,0.00145,0.371,0.376,0.3789,0.3906,-2.602,-4.202,-7.159,-12.02,-18.59,-21.37
2025-04-29,0.0,0.0,373.9,0.0,190.4,118.5,1.099,0.0,0.583,0.00161,0.0,3.81,3.18,3.18,0.422,0.422,3.0,1.0,0.000856,0.3661,0.3716,0.3749,0.3865,-1.357,-2.522,-4.895,-8.962,-14.72,-17.18
2025-04-30,0.0,0.0,369.6,0.0,186.0,114.4,1.074,0.0,0.497,0.00137,0.0,4.08,3.4,3.4,0.452,0.452,3.0,1.0,0.000493,0.361,0.367,0.3706,0.3821,-0.1145,-0.8244,-2.574,-5.79,-10.69,-12.83
2025-05-01,0.0,0.0,364.8,0.0,181.2,109.8,1.046,0.0,0.421,0.00115,0.0,4.62,3.85,3.85,0.511,0.511,3.0,1.0,0.00026,0.3555,0.362,0.3659,0.3773,1.261,1.05,-0.01089,-2.289,-6.258,-8.041
2025-05-02,0.0,0.0,360.2,0.0,176.6,105.4,1.02,0.0,0.352,0.000952,0.0,4.49,3.74,3.74,0.497,0.497,3.0,1.0,0.000124,0.3504,0.3572,0.3614,0.3726,2.536,2.802,2.395,1.031,-2.01,-3.447
2025-05-03,0.5,0.0,356.4,0.0,172.8,101.6,0.9979,0.0,0.295,0.000796,0.0,4.26,3.55,3.55,0.471,0.471,3.0,1.0,0.00061,0.3471,0.3529,0.3573,0.3681,3.219,3.91,4.113,3.62,1.475,0.3714
2025-05-04,0.0,0.0,352.8,0.0,169.2,98.24,0.9769,0.0,0.249,0.000671,0.0,3.57,2.98,2.98,0.395,0.395,3.0,1.0,2.36e-05,0.3436,0.3498,0.3541,0.3643,4.207,5.212,5.894,6.149,4.802,3.994
2025-05-05,0.8,0.0,350.2,0.0,166.6,95.59,0.9622,0.0,0.214,0.000582,0.0,3.33,2.78,2.78,0.368,0.368,3.0,1.0,0.00177,0.3422,0.3468,0.3511,0.3607,4.308,5.609,6.738,7.686,7.081,6.551
2025-05-06,0.0,0.0,346.6,0.0,163.0,92.2,0.9411,0.0,0.186,0.000511,0.0,3.67,3.07,3.07,0.407,0.407,3.0,1.0,0.00502,0.3386,0.3439,0.348,0.3569,5.424,7.014,8.613,10.29,10.45,10.2
2025-05-07,2.7,0.0,346.0,0.0,162.4,91.07,0.938,0.0,0.16,0.000456,0.0,3.26,2.72,2.72,0.361,0.361,3.0,1.0,0.00368,0.3427,0.3415,0.3453,0.3536,3.709,5.539,7.546,9.878,10.73,10.74
2025-05-08,0.7,0.0,343.1,0.0,159.6,88.46,0.9214,0.0,0.14,0.000414,0.0,3.63,3.03,3.03,0.403,0.403,3.0,1.0,0.00277,0.3413,0.3409,0.3431,0.3501,4.46,6.374,8.745,11.76,13.34,13.62
2025-05-09,1.0,0.0,340.9,0.0,157.3,86.23,0.9084,0.0,0.122,0.000366,0.0,3.32,2.77,2.77,0.367,0.367,3.0,1.0,0.00272,0.3398,0.3393,0.3413,0.347,4.768,6.841,9.505,13.11,15.35,15.87
2025-05-10,0.3,0.0,337.5,0.0,153.9,83.13,0.8889,0.0,0.107,0.000325,0.0,3.77,3.15,3.15,0.418,0.418,3.0,1.0,0.00291,0.3359,0.3369,0.3389,0.3437,5.937,8.248,11.29,15.53,18.46,19.24
2025-05-11,0.1,0.0,333.7,0.0,150.1,79.58,0.8669,0.0,0.0936,0.000281,0.0,4.04,3.37,3.37,0.447,0.447,3.0,1.0,0.00114,0.3307,0.3335,0.3358,0.3403,7.312,9.966,13.46,18.38,22.01,23.06
2025-05-12,6.5,0.0,336.1,0.0,152.5,80.62,0.8807,0.0,0.0814,0.000293,0.0,4.26,3.56,3.56,0.472,0.472,3.0,1.0,0.00242,0.347,0.3307,0.3323,0.3366,2.433,5.355,9.359,14.99,19.35,20.66
2025-05-13,0.0,0.0,332.7,0.0,149.1,78.02,0.8612,0.0,0.0705,0.000259,0.0,3.5,2.93,2.93,0.388,0.388,3.0,1.0,0.00237,0.3416,0.3344,0.332,0.3335,4.542,7.15,11.3,17.52,22.51,24.05
2025-05-14,0.0,0.0,328.6,0.0,145.0,74.32,0.8375,0.0,0.0624,0.000218,0.0,4.26,3.56,3.56,0.472,0.472,3.0,1.0,0.00165,0.3338,0.3318,0.3305,0.3303,6.548,9.405,13.81,20.65,26.33,28.13
2025-05-15,8.4,0.0,332.5,0.0,148.9,76.67,0.8599,0.0,0.0542,0.000277,0.0,4.73,3.95,3.95,0.524,0.524,3.0,1.0,-0.00168,0.3566,0.3302,0.3274,0.3268,0.3724,3.387,8.251,15.77,22.19,24.26
2025-05-16,5.8,0.0,335.2,0.0,151.6,79.19,0.8755,0.0,0.0466,0.000343,0.0,3.23,2.7,2.7,0.358,0.358,3.0,1.0,0.00358,0.3684,0.3422,0.33,0.3246,-2.215,-0.2815,4.385,12.33,19.29,21.56
2025-05-17,0.5,0.0,331.9,0.0,148.3,76.57,0.8563,0.0,0.0418,0.000296,0.0,4.0,3.34,3.34,0.443,0.443,3.0,1.0,0.000905,0.3565,0.3457,0.3353,0.3227,0.8483,2.41,6.525,14.83,22.38,24.88
2025-05-18,0.0,0.0,327.8,0.0,144.2,73.01,0.8329,0.0,0.0368,0.000226,0.0,4.26,3.55,3.55,0.472,0.472,3.0,1.0,0.004,0.3464,0.3414,0.3348,0.3215,3.448,5.406,9.544,18.09,26.21,28.94
2025-05-19,0.0,0.0,323.7,0.0,140.1,69.26,0.8091,0.0,0.0324,0.000178,0.0,4.32,3.61,3.61,0.479,0.479,3.0,1.0,0.00137,0.3379,0.3357,0.3315,0.3199,5.563,8.066,12.6,21.47,30.11,33.06
2025-05-20,13.8,0.0,333.9,0.0,150.3,77.33,0.8681,0.0,0.0286,0.00045,0.0,3.77,3.14,3.14,0.417,0.417,3.0,1.0,-0.000229,0.3812,0.3438,0.329,0.3181,-5.254,-3.461,1.413,10.66,19.72,22.85
2025-05-21,2.1,0.0,332.2,0.0,148.7,76.33,0.8584,0.0,0.0258,0.000399,0.0,3.97,3.31,3.31,0.44,0.44,3.0,1.0,0.000293,0.3699,0.3542,0.3387,0.3164,-2.498,-1.727,2.164,11.7,21.21,24.52
2025-05-22,0.0,0.0,329.0,0.0,145.4,73.73,0.8397,0.0,0.0232,0.000285,0.0,3.4,2.84,2.84,0.377,0.377,3.0,1.0,1.09e-05,0.3581,0.3509,0.341,0.3172,0.5463,1.584,5.057,14.45,24.31,27.76
2025-05-23,3.3,0.0,329.5,0.0,145.9,73.86,0.8425,0.0,0.0213,0.00026,0.0,2.95,2.46,2.46,0.327,0.327,3.0,1.0,0.0037,0.3611,0.3477,0.3393,0.3183,-0.5234,0.8088,4.409,13.65,23.7,27.27
2025-05-24,0.0,0.0,325.7,0.0,142.1,70.65,0.8204,0.0,0.0199,0.000233,0.0,4.03,3.36,3.36,0.447,0.447,3.0,1.0,0.00335,0.3513,0.3453,0.3376,0.3175,2.225,3.803,7.642,17.05,27.37,31.1
2025-05-25,0.0,0.0,321.1,0.0,137.5,66.46,0.7939,0.0,0.0182,0.000178,0.0,4.85,4.05,4.05,0.538,0.538,3.0,1.0,0.0018,0.3414,0.3387,0.3333,0.3155,4.687,6.902,11.29,21.11,31.8,35.7
2025-05-26,0.0,0.0,316.7,0.0,133.2,62.48,0.7689,0.0,0.0164,0.000136,0.0,4.56,3.8,3.8,0.506,0.506,3.0,1.0,0.000994,0.3333,0.3321,0.3284,0.313,6.72,9.57,14.61,24.9,35.98,40.03
2025-05-27,0.0,0.0,313.3,0.0,129.7,59.31,0.749,0.0,0.015,0.000108,0.0,3.63,3.03,3.03,0.403,0.403,3.0,1.0,0.000653,0.3272,0.3269,0.3243,0.3107,8.25,11.62,17.2,27.94,39.32,43.48
2025-05-28,0.0,0.0,308.5,0.0,125.0,54.85,0.7215,0.0,0.0141,8.98e-05,0.0,5.01,4.18,4.18,0.557,0.557,3.0,1.0,0.000392,0.3193,0.3204,0.3188,0.307,10.2,14.2,20.55,32.01,43.9,48.23
2025-05-29,0.0,0.0,303.9,0.0,120.3,50.49,0.6946,0.0,0.0127,7.08e-05,0.0,4.92,4.1,4.1,0.547,0.547,2.99,1.0,0.000565,0.312,0.3141,0.3134,0.303,12.03,16.65,23.74,35.95,48.39,52.89
2025-05-30,0.0,0.0,298.9,0.0,115.3,45.84,0.666,0.0,0.0114,5.63e-05,0.0,5.22,4.36,4.36,0.581,0.581,2.99,1.0,0.000525,0.3044,0.3076,0.3079,0.2987,13.92,19.18,27.05,40.08,53.13,57.84
2025-05-31,0.0,0.0,294.2,0.0,110.6,41.4,0.6386,0.0,0.0101,4.45e-05,0.0,5.01,4.18,4.18,0.557,0.557,2.99,1.0,0.000576,0.2973,0.3015,0.3026,0.2945,15.69,21.55,30.16,44.0,57.68,62.58
2025-06-01,0.0,0.0,288.7,0.0,105.1,36.19,0.6068,0.0,0.00895,3.55e-05,0.0,5.83,4.86,4.86,0.65,0.65,2.99,1.0,0.000529,0.289,0.2946,0.2966,0.2896,17.74,24.28,33.74,48.52,62.96,68.1
2025-06-02,0.0,0.0,283.9,0.0,100.3,31.74,0.5793,0.0,0.0077,2.75e-05,0.0,5.03,4.19,4.19,0.561,0.561,2.99,1.0,0.00069,0.282,0.2887,0.2915,0.2853,19.48,26.61,36.79,52.4,67.5,72.86
2025-06-03,0.0,0.0,279.2,0.0,95.65,27.34,0.5523,0.0,0.00674,2.21e-05,0.0,4.94,4.12,4.12,0.552,0.552,2.99,1.0,0.000525,0.2751,0.2829,0.2865,0.281,21.18,28.88,39.77,56.18,71.96,77.53
2025-06-04,0.0,0.0,274.6,0.0,91.03,23.0,0.5256,0.0,0.00589,1.78e-05,0.0,4.88,4.06,4.06,0.545,0.545,2.98,1.0,0.000491,0.2684,0.2773,0.2817,0.2769,22.86,31.11,42.69,59.91,76.36,82.15
2025-06-05,0.0,0.0,270.1,0.0,86.51,18.75,0.4995,0.0,0.00513,1.44e-05,0.0,4.78,3.98,3.98,0.535,0.535,2.98,1.0,0.000708,0.2617,0.2719,0.2769,0.2728,24.5,33.29,45.55,63.55,80.66,86.67
2025-06-06,0.0,0.0,265.1,0.0,81.53,14.05,0.4708,0.0,0.00447,1.18e-05,0.0,5.27,4.39,4.39,0.591,0.591,2.98,1.0,0.000609,0.2543,0.2659,0.2717,0.2683,26.3,35.68,48.68,67.55,85.4,91.65
2025-06-07,0.0,0.0,259.9,0.0,76.28,9.098,0.4405,0.0,0.00381,9.42e-06,0.0,5.61,4.67,4.67,0.631,0.571,2.98,1.0,0.000571,0.2471,0.2596,0.266,0.2633,28.07,38.08,51.9,71.72,90.37,96.9
2025-06-08,0.0,0.0,255.3,0.0,71.7,4.78,0.414,0.0,0.00319,7.39e-06,0.0,4.99,4.15,4.15,0.562,0.43,2.97,1.0,0.000451,0.2427,0.2542,0.2606,0.2587,29.45,39.98,54.55,75.28,94.69,101.5
2025-06-09,0.0,0.0,250.8,0.0,67.18,0.502,0.3879,0.0,0.00268,5.91e-06,0.0,5.0,4.16,4.16,0.564,0.366,2.97,1.0,0.000297,0.2381,0.2493,0.256,0.2537,30.68,41.7,57.01,78.7,98.93,106.0
2025-06-10,0.0,0.0,245.9,0.0,62.27,-4.153,0.3596,0.0,0.00222,4.67e-06,0.0,5.47,4.54,4.54,0.619,0.361,2.96,1.0,0.000255,0.2338,0.2444,0.251,0.2476,31.91,43.42,59.44,82.27,103.5,110.9
2025-06-11,0.0,0.0,240.6,0.0,57.03,-9.139,0.3293,0.0,0.00176,3.54e-06,0.0,5.88,4.88,4.88,0.667,0.359,2.96,1.0,0.000237,0.2296,0.2396,0.2461,0.2429,33.11,45.1,61.86,85.78,108.3,116.2
2025-06-12,0.1,0.0,235.8,0.0,52.18,-13.83,0.3013,0.0,0.00129,2.55e-06,0.0,5.96,4.95,4.63,0.68,0.308,2.95,1.0,0.0012,0.2257,0.2352,0.2416,0.2378,34.07,46.51,63.95,88.77,112.6,121.0
2025-06-13,0.0,0.0,232.0,0.0,48.43,-17.34,0.2797,0.0,0.000869,1.86e-06,0.0,5.77,4.78,3.48,0.66,0.264,2.95,1.0,0.000396,0.2223,0.2313,0.2376,0.2334,35.0,47.82,65.86,91.51,116.1,124.7
2025-06-14,0.0,0.0,227.9,0.0,44.32,-21.19,0.2559,0.0,0.000711,1.49e-06,0.0,6.86,5.68,3.86,0.789,0.259,2.94,1.0,6.83e-05,0.2187,0.2272,0.2332,0.2287,35.97,49.21,67.91,94.49,119.9,128.9
2025-06-15,0.0,0.0,224.3,0.0,40.69,-24.61,0.235,0.0,0.000564,1.15e-06,0.0,6.6,5.46,3.39,0.763,0.234,2.93,1.0,4.87e-05,0.2157,0.2236,0.2294,0.2244,36.8,50.41,69.68,97.08,123.2,132.5
2025-06-16,17.8,0.0,237.1,0.0,53.55,-17.56,0.3092,0.0,0.000455,5.47e-05,0.0,6.28,5.19,4.37,0.729,0.573,2.92,1.0,0.00496,0.2344,0.2206,0.2261,0.2206,21.48,35.39,55.16,83.3,110.1,119.6
2025-06-17,4.8,0.0,238.6,0.0,54.99,-16.06,0.3175,0.0,0.000375,2.63e-05,0.0,4.11,3.39,2.94,0.479,0.423,2.91,1.0,0.0017,0.2761,0.2188,0.2242,0.2183,18.55,32.64,52.69,81.27,108.5,118.2
2025-06-18,0.0,0.0,234.0,0.0,50.41,-19.39,0.2911,0.0,0.000331,1.17e-05,0.0,5.39,4.45,4.0,0.632,0.582,2.9,1.0,0.000495,0.2742,0.2166,0.2218,0.2154,21.26,35.56,55.97,85.12,112.9,122.8
2025-06-19,0.0,0.0,229.2,0.0,45.6,-23.4,0.2633,0.0,0.000283,4.14e-06,0.0,5.96,4.91,4.19,0.704,0.621,2.89,1.0,0.00127,0.2595,0.2146,0.2194,0.2124,24.17,38.64,59.43,89.15,117.5,127.6
2025-06-20,0.0,0.0,224.9,0.0,41.29,-27.05,0.2384,0.0,0.00024,1.84e-06,0.0,5.87,4.83,3.69,0.697,0.616,2.88,1.0,0.00173,0.253,0.213,0.2172,0.2097,26.76,41.35,62.48,92.74,121.6,131.9
2025-06-21,0.0,0.0,221.7,0.0,38.13,-29.67,0.2202,0.0,0.000205,9.88e-07,0.0,5.31,4.36,2.63,0.636,0.533,2.87,1.0,0.00138,0.2445,0.2121,0.2154,0.2073,28.48,43.16,64.56,95.28,124.6,135.1
2025-06-22,0.0,0.0,218.6,0.0,35.04,-32.37,0.2023,0.0,0.000178,6.83e-07,0.0,5.61,4.6,2.57,0.677,0.531,2.86,1.0,0.000795,0.2393,0.2113,0.2136,0.205,30.11,44.9,66.58,97.75,127.5,138.1
2025-06-23,0.0,0.0,215.4,0.0,31.86,-35.17,0.184,0.0,0.000155,4.97e-07,0.0,6.28,5.14,2.63,0.764,0.55,2.84,1.0,0.000628,0.2333,0.2102,0.2118,0.2025,31.73,46.65,68.61,100.3,130.5,141.3
2025-06-24,0.0,0.0,212.8,0.0,29.23,-37.48,0.1688,0.0,0.000133,3.71e-07,0.0,5.73,4.68,2.18,0.704,0.456,2.83,1.0,0.000431,0.2287,0.2093,0.2103,0.2004,33.03,48.06,70.27,102.3,133.0,144.0
2025-06-25,0.0,0.0,210.1,0.0,26.55,-39.82,0.1533,0.0,0.000117,2.97e-07,0.0,6.41,5.22,2.23,0.795,0.445,2.81,1.0,0.000257,0.2243,0.2082,0.2087,0.1983,34.29,49.46,71.9,104.4,135.5,146.6
2025-06-26,0.0,0.0,207.8,0.0,24.24,-41.83,0.14,0.0,0.000101,2.4e-07,0.0,6.18,5.02,1.96,0.776,0.352,2.79,1.0,0.000197,0.2206,0.2071,0.2074,0.1963,35.32,50.61,73.27,106.1,137.6,148.9
2025-06-27,0.0,0.0,205.7,0.0,22.12,-43.67,0.1277,0.0,8.89e-05,2.02e-07,0.0,6.12,4.96,1.78,0.778,0.343,2.77,1.0,0.000136,0.2174,0.206,0.2062,0.1945,36.25,51.66,74.51,107.7,139.6,151.1
2025-06-28,0.0,0.0,203.7,0.0,20.17,-45.35,0.1164,0.0,7.84e-05,1.72e-07,0.0,6.32,5.11,1.69,0.813,0.266,2.75,1.0,8.82e-05,0.2145,0.2049,0.205,0.1927,37.06,52.57,75.61,109.2,141.4,153.0
2025-06-29,0.0,0.0,202.1,0.0,18.55,-46.76,0.1071,0.0,6.93e-05,1.49e-07,0.0,5.64,4.54,1.38,0.735,0.235,2.73,1.0,2.74e-05,0.2123,0.2041,0.2041,0.1912,37.71,53.32,76.51,110.4,142.9,154.6
2025-06-30,0.0,0.0,200.4,0.0,16.89,-48.32,0.09726,0.0,6.24e-05,1.33e-07,0.0,6.76,5.43,1.53,0.894,0.177,2.71,1.0,4.8e-05,0.2099,0.203,0.2031,0.1896,38.33,54.05,77.4,111.6,144.5,156.3
2025-07-01,0.0,0.0,199.0,0.0,15.57,-49.62,0.08922,0.0,5.52e-05,1.17e-07,0.0,6.19,4.95,1.28,0.83,0.115,2.68,1.0,0.000103,0.208,0.2022,0.2023,0.1882,38.8,54.6,78.09,112.5,145.8,157.7
2025-07-02,0.0,0.0,197.9,0.0,14.46,-50.7,0.08282,0.0,4.97e-05,1.05e-07,0.0,5.58,4.45,1.06,0.76,0.0476,2.66,1.0,0.000154,0.2065,0.2015,0.2016,0.187,39.13,55.0,78.6,113.3,146.8,158.8
2025-07-03,1.0,0.0,197.4,0.0,13.86,-51.9,0.08006,0.0,4.53e-05,9.96e-08,0.0,6.77,5.37,1.2,0.937,0.281,2.63,1.0,0.000398,0.2049,0.2007,0.2008,0.1856,38.71,54.67,78.4,113.3,147.1,159.3
2025-07-04,0.0,0.0,196.1,0.0,12.55,-52.92,0.07249,0.0,4.08e-05,8.97e-08,0.0,6.44,5.09,1.05,0.908,0.264,2.6,1.0,0.0012,0.2035,0.2,0.2001,0.1844,39.23,55.26,79.1,114.3,148.4,160.6
2025-07-05,18.0,0.0,211.1,0.0,27.53,-43.5,0.159,0.0,3.7e-05,5.28e-05,0.0,6.17,4.86,2.33,0.884,0.694,2.57,1.0,-0.00512,0.219,0.1994,0.1995,0.1833,23.55,39.63,63.57,98.97,133.3,145.7
2025-07-06,0.9,0.0,209.4,0.0,25.79,-44.07,0.1489,0.0,3.39e-05,9.25e-06,0.0,5.12,4.01,2.02,0.745,0.625,2.55,1.0,0.00115,0.256,0.1989,0.1991,0.1825,24.74,40.87,64.88,100.4,134.9,147.4
2025-07-07,0.2,0.0,207.0,0.0,23.42,-45.62,0.1353,0.0,3.16e-05,3.25e-06,0.0,4.94,3.85,1.95,0.729,0.611,2.52,1.0,0.0001,0.2538,0.1985,0.1987,0.1817,26.6,42.77,66.84,102.5,137.2,149.8
2025-07-08,13.0,0.0,216.4,0.0,32.85,-38.82,0.1897,0.0,2.96e-05,7.16e-05,0.0,6.18,4.8,2.76,0.925,0.817,2.5,1.0,-0.00118,0.2898,0.198,0.1983,0.1808,16.58,32.79,56.94,92.83,127.7,140.3
2025-07-09,0.1,0.0,213.2,0.0,29.65,-40.48,0.1712,0.0,2.74e-05,1.98e-05,0.0,5.3,4.11,2.56,0.804,0.739,2.48,1.0,0.00157,0.2864,0.1977,0.1979,0.1801,19.32,35.55,59.76,95.78,130.9,143.5
2025-07-10,0.0,0.0,210.0,0.0,26.42,-42.85,0.1526,0.0,2.57e-05,5.83e-06,0.0,5.33,4.11,2.48,0.819,0.754,2.45,1.0,2.95e-05,0.2713,0.1975,0.1976,0.1794,22.19,38.35,62.62,98.78,134.0,146.8
2025-07-11,0.0,0.0,206.5,0.0,22.87,-45.68,0.1321,0.0,2.41e-05,2.3e-06,0.0,6.14,4.71,2.7,0.96,0.854,2.43,1.0,0.0023,0.2551,0.1976,0.1972,0.1786,25.39,41.43,65.76,102.1,137.5,150.3
2025-07-12,0.0,0.0,203.9,0.0,20.36,-47.55,0.1176,0.0,2.25e-05,9.14e-07,0.0,5.98,4.56,1.72,0.949,0.796,2.4,1.0,0.00151,0.2484,0.1984,0.1969,0.1779,27.56,43.52,67.9,104.3,140.0,152.8
2025-07-13,0.1,0.0,202.2,0.0,18.65,-48.93,0.1077,0.0,2.11e-05,5.01e-07,0.0,4.64,3.53,1.22,0.75,0.589,2.37,1.0,0.00117,0.2444,0.1995,0.1967,0.1774,29.03,44.91,69.33,105.9,141.6,154.5
2025-07-14,0.0,0.0,200.0,0.0,16.44,-50.68,0.09493,0.0,2.02e-05,3.3e-07,0.0,6.19,4.67,1.48,1.02,0.739,2.34,1.0,0.000698,0.2381,0.2005,0.1964,0.1768,30.86,46.73,71.2,107.9,143.8,156.7
2025-07-15,0.0,0.0,198.1,0.0,14.48,-52.22,0.08361,0.0,1.9e-05,2.02e-07,0.0,6.12,4.59,1.3,1.03,0.665,2.31,1.0,0.000484,0.2328,0.2011,0.1961,0.1762,32.45,48.32,72.83,109.6,145.7,158.7
2025-07-16,0.4,0.0,196.8,0.0,13.25,-53.43,0.07651,0.0,1.79e-05,1.47e-07,0.0,5.71,4.25,1.08,0.977,0.547,2.27,1.0,0.000842,0.2285,0.2014,0.1959,0.1757,33.34,49.23,73.78,110.7,146.8,159.9
2025-07-17,0.0,0.0,195.4,0.0,11.83,-54.45,0.06825,0.0,1.7e-05,1.13e-07,0.0,5.47,4.05,0.944,0.955,0.487,2.24,1.0,0.000676,0.2249,0.2014,0.1957,0.1752,34.46,50.37,74.95,111.9,148.2,161.4
2025-07-18,0.0,0.0,194.0,0.0,10.4,-55.49,0.05999,0.0,1.62e-05,8.76e-08,0.0,6.02,4.42,0.945,1.07,0.486,2.21,1.0,0.000199,0.2214,0.2013,0.1955,0.1747,35.55,51.49,76.1,113.2,149.6,162.8
2025-07-19,0.0,0.0,192.8,0.0,9.22,-56.33,0.05309,0.0,1.55e-05,7.1e-08,0.0,5.78,4.21,0.826,1.05,0.369,2.17,1.0,0.000167,0.2185,0.201,0.1954,0.1743,36.43,52.41,77.05,114.2,150.8,164.0
2025-07-20,0.0,0.0,191.7,0.0,8.177,-57.11,0.04699,0.0,1.48e-05,6.11e-08,0.0,5.76,4.16,0.751,1.07,0.305,2.14,1.0,4.69e-05,0.216,0.2007,0.1952,0.1739,37.19,53.21,77.87,115.1,151.8,165.0
2025-07-21,0.0,0.0,190.9,0.0,7.485,-57.78,0.0423,0.0,1.42e-05,5.42e-08,0.0,5.21,3.73,0.62,0.99,0.192,2.1,1.0,7.94e-05,0.2139,0.2003,0.1951,0.1735,37.74,53.8,78.48,115.8,152.5,165.9
2025-07-22,0.0,0.0,190.3,0.0,6.897,-58.36,0.03877,0.0,1.36e-05,4.98e-08,0.0,4.99,3.54,0.547,0.967,0.0646,2.07,1.0,0.00016,0.2121,0.2,0.195,0.1732,38.12,54.21,78.91,116.3,153.1,166.5
2025-07-23,0.0,0.0,189.7,0.0,6.286,-58.96,0.03517,0.0,1.32e-05,4.64e-08,0.0,5.67,4.0,0.575,1.12,0.0492,2.03,1.0,0.000144,0.2103,0.1996,0.1949,0.1729,38.49,54.61,79.34,116.8,153.7,167.1
2025-07-24,0.0,0.0,189.1,0.0,5.754,-59.49,0.03201,0.0,1.27e-05,4.34e-08,0.0,5.4,3.77,0.503,1.09,0.0437,2.0,1.0,0.000116,0.2087,0.1993,0.1948,0.1726,38.81,54.96,79.7,117.2,154.2,167.6
2025-07-25,2.5,0.0,191.0,0.0,7.518,-59.65,0.04285,0.0,1.23e-05,1.02e-07,0.0,3.97,2.75,0.355,0.817,0.268,1.97,1.0,-6.63e-05,0.2077,0.199,0.1948,0.1724,36.77,52.95,77.7,115.2,152.3,165.8
2025-07-26,27.1,0.0,215.6,0.0,32.09,-40.06,0.1846,0.0,1.2e-05,0.000277,0.0,4.57,3.14,1.72,0.954,0.878,1.94,1.0,0.0593,0.3244,0.1987,0.1947,0.1721,12.03,28.24,53.0,90.59,127.7,141.2
2025-07-27,0.0,0.0,211.9,0.0,28.44,-42.05,0.1635,0.0,1.17e-05,3.74e-05,0.0,5.87,4.0,2.47,1.25,1.19,1.91,1.0,0.00152,0.302,0.1984,0.1946,0.1718,15.62,31.71,56.49,94.14,131.4,144.9
2025-07-28,16.3,0.0,226.0,0.0,42.53,-30.23,0.2448,0.0,1.13e-05,0.000259,0.0,3.34,2.27,1.51,0.721,0.705,1.89,1.0,-0.00626,0.358,0.1999,0.1946,0.1717,2.098,17.53,42.32,80.0,117.3,130.8
2025-07-29,0.0,0.0,222.6,0.0,39.12,-32.07,0.2251,0.0,1.11e-05,9.17e-05,0.0,4.66,3.14,2.39,1.02,1.02,1.86,1.0,-0.000603,0.3295,0.2442,0.1945,0.1715,7.996,20.8,45.61,83.33,120.7,134.2
2025-07-30,0.0,0.0,218.9,0.0,35.41,-34.9,0.2037,0.0,1.08e-05,2.77e-05,0.0,4.86,3.25,2.63,1.08,1.08,1.84,1.0,0.000574,0.31,0.2564,0.1945,0.1713,12.69,24.39,49.19,86.95,124.3,137.9
2025-07-31,0.0,0.0,215.0,0.0,31.55,-38.03,0.1814,0.0,1.06e-05,1.14e-05,0.0,5.13,3.4,2.69,1.16,1.16,1.81,1.0,5.91e-05,0.2933,0.2586,0.1945,0.1711,16.78,28.2,52.92,90.72,128.2,141.8
2025-08-01,0.0,0.0,211.1,0.0,27.61,-41.32,0.1587,0.0,1.03e-05,5.01e-06,0.0,5.22,3.43,2.73,1.2,1.2,1.78,1.0,0.00255,0.278,0.2535,0.1948,0.1709,20.53,32.14,56.73,94.57,132.1,145.7
2025-08-02,0.0,0.0,207.6,0.0,24.18,-44.16,0.1389,0.0,1.0e-05,2.23e-06,0.0,4.81,3.13,2.32,1.13,1.1,1.75,1.0,0.00151,0.2647,0.2477,0.1957,0.1707,23.75,35.59,60.04,97.92,135.5,149.1
2025-08-03,0.1,0.0,205.6,0.0,22.13,-45.8,0.1271,0.0,9.84e-06,1.1e-06,0.0,4.1,2.65,1.25,0.974,0.897,1.73,1.0,0.00126,0.2576,0.2439,0.1972,0.1705,25.54,37.67,62.0,99.91,137.5,151.2
2025-08-04,0.0,0.0,203.3,0.0,19.83,-47.6,0.1139,0.0,9.66e-06,7.06e-07,0.0,4.81,3.08,1.27,1.16,1.02,1.7,1.0,0.000824,0.2502,0.24,0.1988,0.1704,27.52,39.95,64.19,102.1,139.8,153.5
2025-08-05,0.0,0.0,201.2,0.0,17.69,-49.29,0.1015,0.0,9.47e-06,4.44e-07,0.0,4.94,3.13,1.17,1.21,0.961,1.67,1.0,0.000454,0.2459,0.2365,0.2003,0.1702,29.32,42.05,66.23,104.2,141.9,155.6
2025-08-06,0.0,0.0,199.4,0.0,15.91,-50.68,0.09123,0.0,9.28e-06,2.96e-07,0.0,4.58,2.87,0.983,1.14,0.801,1.65,1.0,0.00032,0.2413,0.2336,0.2015,0.1701,30.81,43.79,67.92,105.9,143.7,157.4
2025-08-07,0.0,0.0,197.7,0.0,14.18,-51.99,0.08124,0.0,9.12e-06,2.16e-07,0.0,5.0,3.11,0.978,1.27,0.751,1.62,1.0,0.000231,0.2372,0.2307,0.2023,0.1699,32.22,45.45,69.56,107.6,145.4,159.1
2025-08-08,0.0,0.0,196.1,0.0,12.59,-53.13,0.07208,0.0,8.95e-06,1.64e-07,0.0,5.32,3.27,0.951,1.38,0.636,1.59,1.0,0.000215,0.2334,0.2279,0.2028,0.1698,33.47,46.95,71.05,109.1,147.0,160.7
2025-08-09,0.0,0.0,194.7,0.0,11.26,-54.08,0.06435,0.0,8.78e-06,1.3e-07,0.0,5.47,3.32,0.9,1.44,0.439,1.56,1.0,0.000212,0.23,0.2253,0.203,0.1697,34.48,48.19,72.3,110.4,148.3,162.0
2025-08-10,0.0,0.0,193.7,0.0,10.32,-55.0,0.05824,0.0,8.62e-06,1.08e-07,0.0,5.68,3.4,0.857,1.52,0.202,1.52,1.0,0.000156,0.2268,0.2229,0.203,0.1695,35.22,49.14,73.26,111.4,149.3,163.1
2025-08-11,0.0,0.0,192.9,0.0,9.554,-55.77,0.05379,0.0,8.46e-06,9.11e-08,0.0,5.16,3.05,0.713,1.41,0.0576,1.49,1.0,0.000193,0.2243,0.2209,0.2029,0.1694,35.71,49.82,73.96,112.1,150.1,163.9
2025-08-12,0.0,0.0,192.2,0.0,8.824,-56.5,0.04954,0.0,8.32e-06,7.98e-08,0.0,5.32,3.11,0.68,1.48,0.056,1.47,1.0,0.000178,0.2219,0.219,0.2027,0.1693,36.18,50.46,74.61,112.8,150.8,164.6
2025-08-13,0.0,0.0,191.5,0.0,8.12,-57.2,0.04545,0.0,8.19e-06,7.07e-08,0.0,5.56,3.21,0.656,1.57,0.0527,1.44,1.0,0.000158,0.2196,0.2172,0.2024,0.1691,36.62,51.06,75.24,113.4,151.5,165.3
2025-08-14,0.0,0.0,190.8,0.0,7.487,-57.82,0.04176,0.0,8.06e-06,6.33e-08,0.0,5.43,3.1,0.591,1.56,0.0488,1.41,1.0,0.000136,0.2176,0.2156,0.2021,0.169,37.01,51.61,75.81,114.0,152.1,166.0
2025-08-15,0.0,0.0,190.2,0.0,6.921,-58.38,0.03846,0.0,7.94e-06,5.74e-08,0.0,5.23,2.95,0.526,1.53,0.045,1.38,1.0,0.000116,0.2159,0.2142,0.2019,0.1689,37.36,52.09,76.32,114.5,152.7,166.5
2025-08-16,0.0,0.0,189.7,0.0,6.393,-58.9,0.03537,0.0,7.83e-06,5.28e-08,0.0,5.28,2.94,0.493,1.57,0.0413,1.35,1.0,9.78e-05,0.2143,0.2128,0.2015,0.1688,37.68,52.53,76.78,115.0,153.2,167.1
2025-08-17,0.0,0.0,189.3,0.0,5.947,-59.34,0.03276,0.0,7.73e-06,4.89e-08,0.0,4.78,2.62,0.414,1.44,0.0379,1.33,1.0,8.26e-05,0.2129,0.2117,0.2013,0.1688,37.95,52.91,77.18,115.4,153.6,167.5
2025-08-18,0.0,0.0,188.9,0.0,5.547,-59.73,0.03042,0.0,7.63e-06,4.6e-08,0.0,4.57,2.48,0.37,1.4,0.0349,1.31,1.0,6.98e-05,0.2117,0.2107,0.201,0.1687,38.19,53.24,77.53,115.8,154.0,167.9
2025-08-19,0.7,0.0,188.9,0.0,5.506,-60.11,0.03085,0.0,7.55e-06,4.53e-08,0.0,4.77,2.56,0.363,1.48,0.264,1.28,1.0,0.0019,0.2106,0.2097,0.2007,0.1686,37.95,53.09,77.41,115.7,153.9,167.8
2025-08-20,9.3,0.0,196.7,0.0,13.33,-56.36,0.07601,0.0,7.47e-06,5.75e-06,0.0,4.27,2.27,0.612,1.34,0.871,1.26,1.0,0.00211,0.2096,0.2089,0.2005,0.1685,29.99,45.21,69.55,107.8,146.1,160.0
2025-08-21,11.3,0.0,206.4,0.0,23.01,-48.3,0.1319,0.0,7.4e-06,4.76e-05,0.0,3.35,1.76,0.743,1.06,0.883,1.25,1.0,0.00219,0.2476,0.2083,0.2003,0.1685,20.21,35.49,59.84,98.15,136.4,150.3
2025-08-22,0.1,0.0,204.3,0.0,20.94,-48.89,0.1199,0.0,7.34e-06,1.21e-05,0.0,4.06,2.12,1.03,1.3,1.15,1.23,1.0,0.00134,0.2722,0.2076,0.2001,0.1684,22.17,37.51,61.87,100.2,138.5,152.4
2025-08-23,1.5,0.0,203.6,0.0,20.19,-49.46,0.1155,0.0,7.28e-06,5.25e-06,0.0,4.16,2.15,1.07,1.35,1.19,1.21,1.0,0.000726,0.2653,0.2069,0.1999,0.1684,22.82,38.21,62.59,100.9,139.2,153.2
2025-08-24,1.1,0.0,203.1,0.0,19.66,-49.76,0.1125,0.0,7.22e-06,3.45e-06,0.0,2.98,1.53,0.765,0.976,0.862,1.19,1.0,0.000767,0.2623,0.2065,0.1997,0.1683,23.31,38.7,63.09,101.4,139.8,153.7
2025-08-25,0.0,0.0,201.0,0.0,17.65,-50.98,0.1009,0.0,7.18e-06,2.06e-06,0.0,3.79,1.92,0.911,1.25,1.1,1.18,1.0,0.00246,0.2594,0.2063,0.1995,0.1683,25.29,40.67,65.07,103.4,141.8,155.7
2025-08-26,0.0,0.0,199.0,0.0,15.6,-52.39,0.08897,0.0,7.13e-06,9.71e-07,0.0,4.23,2.12,0.875,1.41,1.18,1.16,1.0,0.00113,0.2519,0.2064,0.1993,0.1682,27.34,42.67,67.09,105.5,143.8,157.8
2025-08-27,0.7,0.0,197.9,0.0,14.5,-53.44,0.08254,0.0,7.07e-06,5.82e-07,0.0,4.3,2.13,0.639,1.45,1.18,1.14,1.0,0.00147,0.2471,0.2068,0.1991,0.1682,28.43,43.73,68.17,106.5,144.9,158.9
2025-08-28,7.7,0.0,203.3,0.0,19.94,-50.42,0.1139,0.0,7.01e-06,1.01e-05,0.0,4.74,2.33,0.997,1.62,1.27,1.13,1.0,-0.00134,0.2448,0.2073,0.1989,0.1681,22.97,38.24,62.7,101.1,139.5,153.5
2025-08-29,0.1,0.0,201.2,0.0,17.87,-51.2,0.1019,0.0,6.96e-06,3.64e-06,0.0,4.22,2.05,0.954,1.45,1.22,1.11,1.0,0.000176,0.2523,0.2078,0.1987,0.1681,25.01,40.27,64.74,103.1,141.6,155.5
2025-08-30,1.4,0.0,201.1,0.0,17.72,-51.45,0.101,0.0,6.91e-06,1.98e-06,0.0,3.11,1.5,0.653,1.08,0.905,1.1,1.0,0.00173,0.2516,0.2084,0.1986,0.1681,25.16,40.39,64.87,103.3,141.7,155.7
2025-08-31,0.0,0.0,199.0,0.0,15.68,-52.62,0.08921,0.0,6.87e-06,1.26e-06,0.0,4.21,2.01,0.812,1.47,1.24,1.08,1.0,0.00198,0.2483,0.2087,0.1984,0.168,27.17,42.39,66.89,105.3,143.7,157.7
2025-09-01,0.0,0.0,197.3,0.0,13.94,-53.72,0.07913,0.0,6.82e-06,5.69e-07,0.0,4.19,1.98,0.584,1.48,1.16,1.07,1.0,0.000696,0.2472,0.2089,0.1983,0.168,28.89,44.09,68.6,107.0,145.5,159.5
2025-09-02,23.1,0.0,218.3,0.0,34.94,-37.36,0.2003,0.0,6.78e-06,0.000261,0.0,3.43,1.61,0.975,1.22,1.16,1.06,1.0,0.0287,0.34,0.2093,0.1981,0.168,7.886,23.07,47.59,86.01,124.5,138.5
2025-09-03,0.0,0.0,215.8,0.0,32.46,-38.35,0.186,0.0,6.74e-06,5.13e-05,0.0,3.69,1.72,1.19,1.32,1.29,1.04,1.0,0.00147,0.3188,0.2126,0.198,0.1679,11.19,25.52,50.05,88.47,127.0,141.0
2025-09-04,0.0,0.0,213.2,0.0,29.84,-40.16,0.1708,0.0,6.71e-06,1.68e-05,0.0,3.81,1.76,1.25,1.38,1.38,1.03,1.0,0.000284,0.303,0.2326,0.1979,0.1679,14.81,28.12,52.65,91.08,129.6,143.6
2025-09-05,0.0,0.0,210.3,0.0,26.99,-42.34,0.1543,0.0,6.67e-06,7.59e-06,0.0,4.12,1.88,1.36,1.5,1.5,1.02,1.0,3.98e-05,0.2892,0.2422,0.1978,0.1679,18.19,30.95,55.49,93.93,132.4,146.5
2025-09-06,0.0,0.0,207.7,0.0,24.36,-44.41,0.1391,0.0,6.63e-06,3.65e-06,0.0,3.82,1.73,1.26,1.4,1.37,1.0,1.0,0.00249,0.2776,0.244,0.1978,0.1678,21.06,33.59,58.1,96.54,135.1,149.1
2025-09-07,0.0,0.0,205.1,0.0,21.84,-46.43,0.1245,0.0,6.59e-06,1.91e-06,0.0,3.74,1.68,1.18,1.38,1.35,0.993,1.0,0.00141,0.2671,0.2431,0.1979,0.1678,23.69,36.15,60.61,99.06,137.6,151.6
2025-09-08,0.0,0.0,203.1,0.0,19.81,-47.95,0.1127,0.0,6.56e-06,1.05e-06,0.0,3.86,1.72,0.708,1.44,1.33,0.981,1.0,0.000941,0.2594,0.2413,0.1982,0.1678,25.71,38.23,62.62,101.1,139.6,153.7
2025-09-09,6.1,0.0,207.3,0.0,24.05,-46.15,0.1371,0.0,6.53e-06,5.84e-06,0.0,3.33,1.47,0.77,1.25,1.1,0.97,1.0,0.000731,0.2541,0.2396,0.1988,0.1678,21.47,34.06,58.38,96.83,135.4,149.4
2025-09-10,25.3,0.0,231.1,0.0,47.8,-25.22,0.2742,0.0,6.5e-06,0.000563,0.0,2.32,1.02,0.751,0.876,0.876,0.959,1.0,0.0759,0.3718,0.2394,0.1997,0.1677,-1.579,10.38,34.61,73.08,111.7,125.7
2025-09-11,0.0,0.0,228.7,0.0,45.41,-26.14,0.2604,0.0,6.48e-06,0.000135,0.0,3.21,1.39,1.18,1.22,1.22,0.948,1.0,0.0017,0.3434,0.2923,0.2007,0.1677,4.626,12.9,36.99,75.46,114.0,128.1
2025-09-12,0.0,0.0,226.0,0.0,42.75,-28.02,0.245,0.0,6.45e-06,4.85e-05,0.0,3.48,1.5,1.34,1.33,1.33,0.938,1.0,0.000639,0.3264,0.2947,0.2044,0.1677,8.813,16.25,39.64,78.12,116.7,130.8
2025-09-13,0.0,0.0,223.4,0.0,40.11,-30.07,0.2297,0.0,6.43e-06,2.39e-05,0.0,3.37,1.44,1.35,1.29,1.29,0.928,1.0,0.000143,0.3133,0.2903,0.2183,0.1677,12.06,19.67,42.27,80.74,119.3,133.4
2025-09-14,0.0,0.0,220.8,0.0,37.59,-32.1,0.2152,0.0,6.4e-06,1.33e-05,0.0,3.2,1.36,1.29,1.24,1.24,0.919,1.0,4.31e-05,0.3025,0.2848,0.2309,0.1677,14.78,22.8,44.77,83.25,121.9,135.9
2025-09-15,0.0,0.0,218.4,0.0,35.13,-34.11,0.201,0.0,6.38e-06,7.95e-06,0.0,3.12,1.31,1.25,1.21,1.21,0.909,1.0,0.00329,0.2928,0.2793,0.237,0.1676,17.21,25.69,47.22,85.7,124.3,138.4
2025-09-16,0.0,0.0,215.6,0.0,32.31,-36.46,0.1847,0.0,6.36e-06,4.93e-06,0.0,3.62,1.51,1.41,1.41,1.41,0.899,1.0,0.00215,0.2828,0.2734,0.2394,0.1676,19.82,28.81,50.03,88.51,127.1,141.2
2025-09-17,0.0,0.0,213.5,0.0,30.2,-38.2,0.1726,0.0,6.33e-06,2.93e-06,0.0,2.68,1.11,1.04,1.05,1.05,0.891,1.0,0.00146,0.2753,0.2686,0.2404,0.1676,21.71,31.12,52.1,90.59,129.2,143.3
2025-09-18,0.0,0.0,210.9,0.0,27.68,-40.3,0.158,0.0,6.31e-06,1.99e-06,0.0,3.28,1.35,1.23,1.29,1.29,0.882,1.0,0.00111,0.2669,0.2635,0.2402,0.1676,23.92,33.78,54.62,93.11,131.8,145.8
2025-09-19,0.0,0.0,208.6,0.0,25.33,-42.21,0.1445,0.0,6.29e-06,1.28e-06,0.0,3.39,1.38,1.01,1.34,1.33,0.873,1.0,0.000888,0.2585,0.2586,0.2394,0.1676,25.93,36.19,56.95,95.44,134.1,148.2
2025-09-20,0.0,0.0,206.6,0.0,23.34,-43.77,0.133,0.0,6.27e-06,8.61e-07,0.0,3.52,1.42,0.692,1.4,1.29,0.864,1.0,0.000619,0.253,0.256,0.2383,0.1676,27.64,38.2,58.92,97.41,136.1,150.1
2025-09-21,0.0,0.0,204.8,0.0,21.51,-45.19,0.1224,0.0,6.24e-06,6.36e-07,0.0,3.56,1.43,0.65,1.43,1.19,0.855,1.0,0.000489,0.248,0.2532,0.237,0.1675,29.2,40.04,60.75,99.24,137.9,152.0
2025-09-22,0.3,0.0,203.8,0.0,20.55,-46.11,0.1169,0.0,6.22e-06,5.0e-07,0.0,2.73,1.09,0.468,1.1,0.788,0.847,1.0,0.00072,0.2468,0.2509,0.2359,0.1675,29.95,41.01,61.7,100.2,138.9,152.9
2025-09-23,0.0,0.0,202.7,0.0,19.43,-46.87,0.1105,0.0,6.21e-06,4.27e-07,0.0,2.72,1.07,0.445,1.1,0.664,0.839,1.0,0.000446,0.2446,0.2489,0.2349,0.1675,30.86,42.12,62.81,101.3,140.0,154.1
2025-09-24,1.2,0.0,202.9,0.0,19.59,-47.45,0.1114,0.0,6.19e-06,3.97e-07,0.0,2.86,1.13,0.453,1.16,0.588,0.833,1.0,0.000396,0.2426,0.2469,0.2338,0.1675,30.49,41.94,62.66,101.1,139.8,153.9
2025-09-25,4.7,0.0,206.4,0.0,23.11,-46.16,0.1317,0.0,6.17e-06,1.67e-06,0.0,2.66,1.04,0.476,1.09,0.704,0.827,1.0,0.002,0.2409,0.2451,0.2328,0.1675,26.77,38.4,59.14,97.59,136.3,150.4
2025-09-26,0.2,0.0,205.5,0.0,22.19,-46.18,0.1265,0.0,6.16e-06,9.53e-07,0.0,2.34,0.911,0.421,0.957,0.692,0.822,1.0,0.000225,0.2403,0.2435,0.232,0.1675,27.52,39.3,60.07,98.49,137.2,151.3
2025-09-27,5.7,0.0,209.9,0.0,26.64,-43.63,0.1521,0.0,6.14e-06,5.89e-06,0.0,2.39,0.927,0.494,0.982,0.759,0.817,1.0,0.00324,0.2415,0.242,0.2311,0.1675,22.91,34.83,55.63,94.03,132.7,146.8
2025-09-28,0.1,0.0,208.9,0.0,25.57,-43.65,0.146,0.0,6.13e-06,3.13e-06,0.0,2.02,0.781,0.469,0.833,0.698,0.813,1.0,0.000212,0.2514,0.2407,0.2303,0.1675,23.84,35.88,56.72,95.1,133.8,147.9
2025-09-29,0.0,0.0,207.3,0.0,24.05,-44.53,0.1372,0.0,6.12e-06,1.61e-06,0.0,2.64,1.01,0.612,1.09,0.914,0.807,1.0,0.00271,0.2541,0.2394,0.2295,0.1675,25.2,37.37,58.26,96.61,135.3,149.4
2025-09-30,1.2,0.0,207.2,0.0,23.91,-44.94,0.1364,0.0,6.1e-06,1.29e-06,0.0,2.42,0.924,0.499,1.0,0.84,0.802,1.0,0.00142,0.2521,0.2383,0.2287,0.1676,25.2,37.47,58.41,96.74,135.5,149.6
2025-10-01,16.4,0.0,222.5,0.00114,39.18,-34.19,0.2246,0.0,6.09e-06,5.99e-05,0.0,1.69,0.642,0.427,0.7,0.7,0.799,1.0,-0.00423,0.3,0.2376,0.2281,0.1676,9.859,22.19,43.16,81.47,120.2,134.3
2025-10-02,0.1,0.0,221.3,0.0,37.96,-33.08,0.2175,0.0,6.08e-06,5.45e-05,0.0,1.89,0.718,0.552,0.786,0.769,0.796,1.0,0.000263,0.3182,0.2378,0.2274,0.1676,11.23,23.39,44.4,82.68,121.4,135.5
2025-10-03,0.0,0.0,219.8,0.0,36.52,-33.79,0.2092,0.0,6.07e-06,1.87e-05,0.0,1.98,0.751,0.608,0.826,0.826,0.793,1.0,0.000182,0.3081,0.247,0.2268,0.1677,13.38,24.8,45.85,84.11,122.9,136.9
2025-10-04,0.0,0.0,218.0,0.0,34.75,-35.01,0.199,0.0,6.06e-06,1.05e-05,0.0,2.41,0.909,0.767,1.01,1.01,0.789,1.0,0.00162,0.2986,0.256,0.2263,0.1678,15.7,26.57,47.64,85.88,124.6,138.7
2025-10-05,8.1,0.0,224.8,0.0,41.47,-30.75,0.2378,0.0,6.05e-06,2.96e-05,0.0,1.87,0.704,0.598,0.783,0.783,0.786,1.0,0.00418,0.3102,0.2595,0.2263,0.1678,9.361,19.9,40.94,79.15,117.9,132.0
2025-10-06,0.0,0.0,223.1,0.0,39.78,-30.86,0.228,0.0,6.04e-06,3.12e-05,0.0,2.27,0.85,0.749,0.951,0.951,0.782,1.0,0.000139,0.3146,0.2625,0.227,0.1679,11.57,21.7,42.65,80.84,119.6,133.7
2025-10-07,0.1,0.0,221.3,0.0,38.06,-32.01,0.2181,0.0,6.03e-06,1.53e-05,0.0,2.4,0.894,0.816,1.01,1.01,0.778,1.0,0.0023,0.3055,0.2678,0.2283,0.168,13.85,23.55,44.39,82.55,121.3,135.4
2025-10-08,0.0,0.0,219.8,0.0,36.48,-33.15,0.209,0.0,6.02e-06,9.28e-06,0.0,2.07,0.77,0.707,0.873,0.873,0.774,1.0,0.00237,0.2978,0.2694,0.2304,0.1681,15.81,25.32,45.98,84.13,122.9,137.0
2025-10-09,0.0,0.0,218.1,0.0,34.83,-34.42,0.1995,0.0,6.01e-06,6.23e-06,0.0,2.16,0.797,0.736,0.91,0.91,0.77,1.0,0.00142,0.2906,0.2687,0.2329,0.1682,17.65,27.17,47.64,85.77,124.5,138.6
2025-10-10,0.0,0.0,216.5,0.0,33.17,-35.75,0.1898,0.0,6.0e-06,4.29e-06,0.0,2.18,0.802,0.744,0.922,0.922,0.765,1.0,0.000881,0.2839,0.2668,0.2352,0.1683,19.37,29.03,49.32,87.43,126.2,140.3
2025-10-11,0.0,0.0,214.8,0.0,31.55,-37.06,0.1805,0.0,5.99e-06,3.02e-06,0.0,2.12,0.778,0.723,0.901,0.901,0.761,1.0,0.000605,0.2777,0.2644,0.2369,0.1684,20.97,30.81,50.95,89.04,127.8,141.9
2025-10-12,0.0,0.0,213.3,0.0,30.02,-38.3,0.1716,0.0,5.98e-06,2.18e-06,0.0,2.03,0.741,0.671,0.864,0.864,0.757,1.0,0.000445,0.272,0.2619,0.238,0.1685,22.45,32.48,52.5,90.57,129.4,143.5
2025-10-13,0.0,0.0,211.8,0.0,28.51,-39.53,0.1629,0.0,5.97e-06,1.62e-06,0.0,1.99,0.722,0.655,0.847,0.847,0.753,1.0,0.000347,0.2666,0.2595,0.2385,0.1686,23.84,34.09,54.02,92.07,130.9,145.0
2025-10-14,0.0,0.0,210.5,0.0,27.26,-40.55,0.1557,0.0,5.96e-06,1.23e-06,0.0,1.75,0.635,0.52,0.75,0.733,0.749,1.0,0.000288,0.2619,0.258,0.2388,0.1687,25.01,35.43,55.29,93.32,132.1,146.2
2025-10-15,0.0,0.0,209.5,0.0,26.18,-41.4,0.1495,0.0,5.95e-06,9.77e-07,0.0,1.81,0.654,0.343,0.777,0.737,0.746,1.0,0.000219,0.2583,0.256,0.2387,0.1688,25.99,36.58,56.39,94.39,133.2,147.3
2025-10-16,0.0,0.0,208.5,0.0,25.17,-42.2,0.1436,0.0,5.94e-06,8.1e-07,0.0,1.75,0.63,0.319,0.752,0.692,0.743,1.0,0.000197,0.255,0.2543,0.2384,0.169,26.9,37.64,57.43,95.4,134.2,148.3
2025-10-17,0.0,0.0,207.5,0.0,24.26,-42.92,0.1384,0.0,5.94e-06,6.85e-07,0.0,1.64,0.59,0.289,0.706,0.624,0.74,1.0,0.000195,0.252,0.2528,0.2381,0.1691,27.72,38.59,58.36,96.31,135.1,149.2
2025-10-18,0.0,0.0,206.6,0.0,23.36,-43.61,0.1332,0.0,5.93e-06,5.93e-07,0.0,1.69,0.605,0.287,0.728,0.61,0.738,1.0,0.00019,0.2492,0.2514,0.2377,0.1692,28.51,39.52,59.29,97.2,136.0,150.1
2025-10-19,0.0,0.0,205.8,0.0,22.5,-44.27,0.1282,0.0,5.92e-06,5.19e-07,0.0,1.71,0.609,0.281,0.736,0.579,0.735,1.0,0.000195,0.2487,0.25,0.2372,0.1694,29.26,40.4,60.18,98.06,136.9,151.0
2025-10-20,2.0,0.0,207.1,0.0,23.81,-44.45,0.1358,0.0,5.91e-06,5.59e-07,0.0,1.4,0.497,0.227,0.604,0.463,0.732,1.0,0.00135,0.2468,0.2488,0.2367,0.1695,27.86,39.11,58.9,96.74,135.5,149.7
2025-10-21,6.8,0.0,213.3,0.0,30.02,-41.04,0.1717,0.0,5.91e-06,4.36e-06,0.0,0.959,0.34,0.196,0.415,0.388,0.729,1.0,-0.00151,0.246,0.2478,0.2364,0.1697,21.58,32.93,52.72,90.53,129.3,143.5
2025-10-22,2.3,0.0,214.8,0.0,31.52,-38.96,0.1803,0.0,5.9e-06,7.49e-06,0.0,1.31,0.462,0.315,0.567,0.491,0.726,1.0,0.000758,0.2593,0.2467,0.2359,0.1698,20.0,31.46,51.25,89.03,127.8,142.0
2025-10-23,18.5,0.0,232.1,0.138,48.81,-25.12,0.2802,0.0,5.9e-06,0.000148,0.0,1.5,0.527,0.41,0.65,0.65,0.723,1.0,-0.00708,0.3481,0.2457,0.2354,0.17,2.631,14.16,33.99,71.73,110.5,124.7
2025-10-24,0.0,0.0,230.9,0.0,47.59,-23.97,0.2731,0.0,5.89e-06,0.000124,0.0,1.8,0.633,0.571,0.784,0.784,0.72,1.0,0.000104,0.3399,0.2644,0.2348,0.1701,5.564,15.37,35.24,72.94,111.8,125.9
2025-10-25,0.0,0.0,229.8,0.0,46.51,-24.4,0.2669,0.0,5.88e-06,4.26e-05,0.0,1.42,0.495,0.466,0.618,0.618,0.717,1.0,0.000345,0.3276,0.2852,0.235,0.1703,8.375,16.61,36.36,74.02,112.8,127.0
2025-10-26,0.3,0.0,228.8,0.0,45.51,-25.05,0.2611,0.0,5.88e-06,2.67e-05,0.0,1.65,0.575,0.575,0.721,0.721,0.714,1.0,4.9e-05,0.319,0.2889,0.2392,0.1705,10.36,18.05,37.38,75.01,113.8,128.0
2025-10-27,0.0,0.0,227.5,0.0,44.25,-25.9,0.2538,0.0,5.87e-06,1.85e-05,0.0,1.62,0.562,0.562,0.707,0.707,0.712,1.0,0.00375,0.312,0.2887,0.246,0.1707,12.24,19.83,38.68,76.28,115.1,129.2
2025-10-28,0.0,0.0,226.1,0.0,42.77,-27.02,0.2453,0.0,5.87e-06,1.31e-05,0.0,1.89,0.656,0.656,0.829,0.829,0.709,1.0,0.0027,0.3049,0.2868,0.2514,0.1709,14.06,21.76,40.19,77.75,116.6,130.7
2025-10-29,0.1,0.0,225.0,0.0,41.68,-27.9,0.239,0.0,5.86e-06,9.48e-06,0.0,1.52,0.523,0.523,0.665,0.665,0.706,1.0,0.00165,0.2994,0.2845,0.2545,0.1711,15.36,23.23,41.31,78.84,117.7,131.8
2025-10-30,55.7,0.0,276.0,4.02,92.71,17.34,0.5337,0.0,5.85e-06,0.00266,0.0,1.13,0.389,0.156,0.496,0.496,0.703,1.0,0.0117,0.4463,0.4099,0.2817,0.1713,-20.88,-24.79,-9.687,27.8,66.63,80.76
2025-10-31,0.7,0.0,280.2,0.0,96.87,23.25,0.5577,0.0,5.85e-06,0.00256,0.0,0.708,0.243,0.242,0.312,0.312,0.701,1.0,-0.00241,0.4036,0.3935,0.372,0.1715,-10.61,-13.74,-12.44,23.64,62.46,76.59
2025-11-01,0.0,0.0,279.3,0.0,95.97,23.14,0.5525,0.0,5.84e-06,0.000764,0.0,1.15,0.394,0.394,0.507,0.507,0.698,1.0,0.00254,0.3853,0.3787,0.364,0.1773,-6.001,-7.71,-6.608,24.53,63.36,77.49
2025-11-02,11.2,0.0,289.4,0.0,106.1,31.86,0.611,0.0,5.84e-06,0.000902,0.0,1.39,0.473,0.457,0.612,0.612,0.695,1.0,0.00203,0.4052,0.3845,0.3639,0.2375,-11.74,-13.96,-12.93,14.4,53.23,67.36
2025-11-03,0.1,0.0,288.5,0.0,105.1,32.25,0.6055,0.0,5.83e-06,0.000835,0.0,1.35,0.459,0.459,0.596,0.596,0.693,1.0,0.00228,0.3869,0.3806,0.3671,0.2698,-6.395,-8.297,-8.007,15.35,54.18,68.31
2025-11-04,0.1,0.0,287.6,0.0,104.3,31.87,0.6008,0.0,5.83e-06,0.000482,0.0,1.19,0.403,0.403,0.525,0.525,0.691,1.0,0.00204,0.3758,0.3711,0.3606,0.2871,-3.656,-4.64,-3.641,16.18,55.0,69.14
2025-11-05,0.1,0.0,286.8,0.0,103.4,31.37,0.596,0.0,5.82e-06,0.000335,0.0,1.17,0.398,0.398,0.52,0.52,0.69,1.0,0.00112,0.3677,0.3637,0.3544,0.2936,-1.64,-1.89,-0.1041,17.1,55.82,69.96
2025-11-06,0.0,0.0,286.0,0.0,102.5,30.8,0.5911,0.0,5.82e-06,0.000249,0.0,1.09,0.368,0.368,0.482,0.482,0.688,1.0,0.000596,0.3609,0.3575,0.3491,0.296,0.04526,0.4046,2.889,18.63,56.67,70.81
2025-11-07,0.1,0.0,285.3,0.0,101.8,30.29,0.5871,0.0,5.82e-06,0.000195,0.0,1.03,0.348,0.348,0.457,0.457,0.687,1.0,0.00034,0.3555,0.3522,0.3445,0.2965,1.357,2.234,5.335,20.43,57.37,71.51
2025-11-08,0.0,0.0,284.3,0.0,100.9,29.61,0.5818,0.0,5.81e-06,0.000159,0.0,1.17,0.396,0.396,0.521,0.521,0.686,1.0,0.000203,0.3503,0.3477,0.3404,0.2961,2.696,4.028,7.682,22.53,58.29,72.43
2025-11-09,0.0,0.0,283.6,0.0,100.2,29.07,0.5778,0.0,5.81e-06,0.00013,0.0,0.885,0.298,0.298,0.393,0.393,0.685,1.0,0.000125,0.3461,0.3436,0.3369,0.2954,3.728,5.463,9.603,24.37,58.98,73.12
2025-11-10,0.0,0.0,282.7,0.0,99.21,28.31,0.5723,0.0,5.8e-06,0.00011,0.0,1.23,0.413,0.413,0.546,0.546,0.683,1.0,8.17e-05,0.3416,0.3398,0.3335,0.2944,4.87,6.98,11.58,26.4,59.94,74.08
2025-11-11,0.0,0.0,281.7,0.0,98.19,27.49,0.5664,0.0,5.8e-06,9.29e-05,0.0,1.29,0.432,0.432,0.573,0.573,0.681,1.0,5.53e-05,0.3374,0.3361,0.3303,0.2932,5.948,8.418,13.46,28.4,60.94,75.08
2025-11-12,0.0,0.0,280.7,0.0,97.17,26.65,0.5606,0.0,5.8e-06,7.91e-05,0.0,1.3,0.436,0.436,0.581,0.581,0.679,1.0,0.00465,0.3334,0.3327,0.3273,0.2919,6.957,9.769,15.22,30.32,61.96,76.1
2025-11-13,0.1,0.0,279.8,0.0,96.32,25.91,0.5557,0.0,5.79e-06,6.82e-05,0.0,1.21,0.405,0.405,0.542,0.542,0.677,1.0,0.00506,0.33,0.3295,0.3245,0.2906,7.754,10.88,16.72,32.0,62.8,76.94
2025-11-14,0.0,0.0,279.0,0.0,95.45,25.2,0.5508,0.0,5.79e-06,5.96e-05,0.0,1.11,0.369,0.369,0.495,0.495,0.675,1.0,0.00431,0.3269,0.3266,0.322,0.2893,8.553,11.97,18.16,33.63,63.66,77.8
2025-11-15,7.1,0.0,285.3,0.0,101.8,29.44,0.5875,0.0,5.78e-06,8.98e-05,0.0,0.953,0.317,0.317,0.426,0.426,0.673,1.0,0.00283,0.3432,0.3252,0.3198,0.288,2.261,5.809,12.31,27.99,57.3,71.44
2025-11-16,1.2,0.0,285.8,0.0,102.2,30.68,0.5901,0.0,5.78e-06,0.000119,0.0,0.961,0.319,0.319,0.431,0.431,0.671,1.0,0.00125,0.348,0.3314,0.3201,0.2868,2.775,5.777,12.33,28.2,56.85,70.99
2025-11-17,25.2,0.0,309.6,0.597,126.1,51.24,0.7277,0.0,5.77e-06,0.00103,0.0,1.04,0.342,0.3,0.464,0.464,0.669,1.0,0.00043,0.4202,0.3752,0.3313,0.2859,-15.47,-16.47,-11.02,4.969,33.01,47.15
2025-11-18,8.4,0.0,318.0,0.0,134.4,60.31,0.7759,0.0,5.77e-06,0.00175,0.0,0.859,0.284,0.265,0.386,0.386,0.668,1.0,-0.00018,0.4126,0.3962,0.3753,0.2917,-13.36,-16.75,-17.25,-2.794,24.68,38.8
2025-11-19,0.5,0.0,317.9,0.0,134.4,61.39,0.7757,0.0,5.77e-06,0.00114,0.0,0.685,0.226,0.226,0.307,0.307,0.668,1.0,0.00203,0.3943,0.3883,0.377,0.3171,-8.333,-11.03,-12.49,-1.961,24.73,38.84
2025-11-20,0.2,0.0,317.6,0.0,134.1,61.55,0.7741,0.0,5.77e-06,0.000706,0.0,0.617,0.204,0.204,0.277,0.277,0.667,1.0,0.00075,0.3837,0.3795,0.3709,0.3279,-5.693,-7.534,-8.352,-0.008091,25.04,39.12
2025-11-21,2.1,0.0,319.2,0.0,135.6,62.95,0.7829,0.0,5.76e-06,0.000569,0.0,0.738,0.243,0.243,0.332,0.332,0.666,1.0,0.000326,0.3814,0.3746,0.3662,0.3306,-5.419,-6.775,-6.995,0.6051,23.57,37.59
2025-11-22,9.4,0.0,328.0,0.189,144.5,70.64,0.8341,0.0,5.76e-06,0.000823,0.0,0.45,0.148,0.146,0.202,0.202,0.666,1.0,-0.000222,0.401,0.3829,0.3687,0.3318,-10.79,-12.91,-13.36,-6.13,14.8,28.73
2025-11-23,2.0,0.0,329.7,0.0,146.1,73.05,0.8436,0.0,5.76e-06,0.000962,0.0,0.709,0.234,0.234,0.319,0.319,0.666,1.0,0.0018,0.3928,0.3851,0.3746,0.3367,-8.172,-10.56,-11.9,-5.672,13.34,27.09
2025-11-24,7.6,0.0,336.8,0.079,153.2,79.43,0.8846,0.0,5.76e-06,0.00106,0.0,0.529,0.174,0.171,0.238,0.238,0.666,1.0,-0.00194,0.4034,0.3895,0.3771,0.3415,-11.22,-14.02,-15.74,-10.46,6.564,19.98
2025-11-25,0.6,0.0,337.0,0.0,153.4,80.54,0.8857,0.0,5.76e-06,0.00104,0.0,0.627,0.207,0.207,0.282,0.282,0.666,1.0,0.00237,0.3915,0.3868,0.3786,0.347,-7.676,-10.25,-12.32,-8.112,6.9,19.79
2025-11-26,3.8,0.0,340.3,0.0,156.7,83.54,0.905,0.0,5.78e-06,0.000894,0.0,0.592,0.195,0.195,0.266,0.266,0.665,1.0,0.00019,0.3928,0.3843,0.376,0.3491,-8.389,-10.72,-12.47,-8.747,4.297,16.45
2025-11-27,0.1,0.0,340.0,0.0,156.5,83.92,0.9034,0.0,5.82e-06,0.000798,0.0,0.491,0.161,0.161,0.221,0.221,0.665,1.0,0.000799,0.384,0.3807,0.3742,0.3502,-5.78,-7.758,-9.314,-5.859,5.518,16.74
2025-11-28,0.1,0.0,339.7,0.0,156.1,83.85,0.9013,0.0,6.05e-06,0.000635,0.0,0.595,0.196,0.196,0.268,0.268,0.665,1.0,0.000267,0.3772,0.3751,0.37,0.3499,-4.076,-5.513,-6.536,-3.073,6.972,17.1
2025-11-29,0.0,0.0,339.0,0.0,155.5,83.48,0.8977,0.0,7.48e-06,0.00053,0.0,0.802,0.264,0.264,0.361,0.361,0.664,1.0,0.000213,0.3714,0.3702,0.3659,0.3484,-2.575,-3.528,-4.002,-0.3231,8.762,17.72
2025-11-30,0.0,0.0,338.4,0.0,154.8,83.06,0.8941,0.0,1.88e-05,0.000452,0.0,0.794,0.261,0.261,0.357,0.357,0.663,1.0,0.000185,0.3665,0.3658,0.3622,0.3467,-1.361,-1.881,-1.844,2.118,10.56,18.34
2025-12-01,1.4,0.0,339.3,0.0,155.8,83.74,0.8994,0.0,0.000121,0.000414,0.0,0.615,0.202,0.202,0.277,0.277,0.662,1.0,0.000557,0.3664,0.363,0.3592,0.3451,-1.7,-1.938,-1.484,2.764,10.78,17.42
2025-12-02,0.2,0.0,339.2,0.0,155.7,83.89,0.8988,0.0,0.000834,0.000391,0.0,0.389,0.128,0.128,0.175,0.175,0.662,1.0,0.000148,0.3639,0.3614,0.3575,0.3438,-0.8513,-0.9329,-0.2334,4.238,11.96,17.53
2025-12-03,0.1,0.0,339.0,0.0,155.4,83.82,0.8975,0.0,0.00352,0.00036,0.0,0.405,0.133,0.133,0.183,0.183,0.661,1.0,8.0e-05,0.3609,0.3592,0.3557,0.3428,-0.05357,0.08547,1.028,5.669,13.13,17.75
2025-12-04,0.5,0.0,339.3,0.0,155.7,84.05,0.899,0.0,0.00867,0.000339,0.0,0.314,0.103,0.103,0.141,0.141,0.66,1.0,0.00543,0.3593,0.3571,0.354,0.3419,0.1957,0.5343,1.717,6.499,13.65,17.49
2025-12-05,0.1,0.0,339.0,0.0,155.4,83.93,0.8972,0.0,0.0159,0.000325,0.0,0.504,0.165,0.165,0.227,0.227,0.659,1.0,0.00387,0.3569,0.3555,0.3525,0.3412,0.9303,1.435,2.826,7.727,14.54,17.8
2025-12-06,0.0,0.0,338.3,0.0,154.7,83.42,0.8932,0.0,0.0235,0.000307,0.0,0.87,0.284,0.284,0.393,0.393,0.658,1.0,0.00248,0.3536,0.3533,0.3508,0.3406,1.852,2.568,4.18,9.179,15.66,18.5
2025-12-07,0.1,0.0,337.8,0.0,154.2,83.04,0.8906,0.0,0.0305,0.00029,0.0,0.673,0.219,0.219,0.304,0.304,0.658,1.0,0.00153,0.351,0.3511,0.3491,0.3401,2.436,3.37,5.2,10.26,16.42,18.95
2025-12-08,0.0,0.0,337.1,0.0,153.5,82.5,0.8866,0.0,0.0365,0.000278,0.0,0.836,0.272,0.272,0.378,0.378,0.657,1.0,0.000956,0.3484,0.3491,0.3475,0.3397,3.15,4.282,6.322,11.44,17.33,19.63
2025-12-09,0.0,0.0,336.4,0.0,152.8,81.9,0.8825,0.0,0.0415,0.000266,0.0,0.869,0.282,0.282,0.393,0.393,0.655,1.0,0.00066,0.3458,0.3471,0.346,0.3394,3.805,5.133,7.37,12.54,18.21,20.35
2025-12-10,0.1,0.0,335.8,0.0,152.3,81.38,0.8792,0.0,0.0455,0.000257,0.0,0.805,0.261,0.261,0.364,0.364,0.654,1.0,0.000487,0.3438,0.3453,0.3446,0.339,4.266,5.772,8.19,13.41,18.91,20.92
2025-12-11,0.0,0.0,335.2,0.0,151.6,80.81,0.8753,0.0,0.0488,0.000249,0.0,0.816,0.264,0.264,0.37,0.37,0.653,1.0,0.000258,0.3418,0.3437,0.3434,0.3387,4.799,6.462,9.042,14.32,19.69,21.6
2025-12-12,0.0,0.0,334.6,0.0,151.0,80.33,0.8722,0.0,0.0513,0.000242,0.0,0.625,0.202,0.202,0.283,0.283,0.652,1.0,0.000214,0.3402,0.3422,0.3423,0.3384,5.186,6.988,9.707,15.03,20.3,22.14
2025-12-13,0.1,0.0,334.1,0.0,150.5,79.84,0.8691,0.0,0.0533,0.000237,0.0,0.74,0.239,0.239,0.336,0.336,0.651,1.0,0.000205,0.3387,0.3409,0.3413,0.3381,5.515,7.443,10.29,15.67,20.88,22.67
2025-12-14,0.0,0.0,333.5,0.0,149.9,79.28,0.8654,0.0,0.0547,0.000231,0.0,0.758,0.245,0.245,0.344,0.344,0.65,1.0,8.75e-05,0.3372,0.3398,0.3404,0.3378,5.934,7.975,10.95,16.39,21.55,23.31
2025-12-15,0.0,0.0,332.9,0.0,149.3,78.79,0.8622,0.0,0.0557,0.000226,0.0,0.636,0.205,0.205,0.289,0.289,0.649,1.0,0.000112,0.3359,0.3387,0.3395,0.3375,6.257,8.405,11.49,16.98,22.13,23.86
2025-12-16,9.5,0.0,341.8,0.23,158.3,85.26,0.9138,0.0,0.0565,0.000307,0.0,0.36,0.116,0.116,0.163,0.163,0.649,1.0,0.00389,0.3636,0.3413,0.3393,0.3372,-2.479,-0.5848,2.538,8.078,13.21,14.92
2025-12-17,2.6,0.0,344.2,0.0,160.7,88.22,0.9277,0.0,0.057,0.000417,0.0,0.485,0.156,0.156,0.22,0.22,0.648,1.0,0.00177,0.3701,0.355,0.3456,0.3374,-2.867,-2.246,0.1996,5.691,10.82,12.53
2025-12-18,1.6,0.0,345.4,0.0,161.8,89.58,0.9342,0.0,0.0573,0.000422,0.0,0.534,0.172,0.172,0.243,0.243,0.647,1.0,0.00261,0.3687,0.3593,0.3515,0.3393,-2.331,-2.159,-0.502,4.619,9.697,11.4
2025-12-19,1.7,0.0,346.7,0.0,163.1,90.91,0.9419,0.0,0.0575,0.000432,0.0,0.392,0.126,0.126,0.178,0.178,0.646,1.0,-0.000352,0.3686,0.3608,0.3543,0.342,-2.353,-2.343,-1.133,3.487,8.383,10.06
2025-12-20,0.4,0.0,346.8,0.0,163.2,91.33,0.9426,0.0,0.0585,0.000434,0.0,0.298,0.0958,0.0958,0.136,0.136,0.646,1.0,0.00372,0.3657,0.361,0.3559,0.3445,-1.36,-1.388,-0.444,3.716,8.326,9.945
2025-12-21,0.3,0.0,346.9,0.0,163.3,91.52,0.9428,0.0,0.0605,0.000422,0.0,0.259,0.083,0.083,0.118,0.118,0.645,1.0,0.00199,0.3629,0.3598,0.356,0.3464,-0.6366,-0.5609,0.3064,4.101,8.375,9.905
2025-12-22,2.2,0.0,348.8,0.0,165.2,93.02,0.9539,0.0,0.0637,0.000438,0.0,0.277,0.0887,0.0887,0.126,0.126,0.644,1.0,0.000461,0.366,0.3597,0.3559,0.3477,-1.851,-1.767,-0.9141,2.625,6.565,7.983
2025-12-23,17.9,0.0,365.7,0.56,182.2,107.7,1.052,0.0,0.068,0.00117,0.0,0.428,0.137,0.125,0.195,0.195,0.644,1.0,0.00575,0.4147,0.3874,0.3673,0.3492,-14.22,-16.72,-17.12,-13.91,-10.28,-8.974
2025-12-24,86.3,0.0,403.8,7.11,220.2,145.2,1.272,41.3,0.0726,0.00843,0.0,0.49,0.157,0.0651,0.223,0.223,0.643,1.0,-0.0135,0.4463,0.4463,0.4417,0.4093,-21.53,-30.14,-41.59,-49.32,-48.2,-47.06
2025-12-25,58.9,0.0,431.8,6.21,248.2,173.1,1.433,31.5,0.168,0.0148,0.0,0.299,0.0958,0.0181,0.136,0.136,0.643,1.0,-0.0132,0.4463,0.4463,0.4463,0.4462,-21.53,-30.14,-42.96,-58.56,-71.61,-75.02
2025-12-26,0.7,0.0,434.1,0.0,250.5,176.4,1.446,0.0,4.53,0.0196,0.0,0.335,0.107,0.0264,0.152,0.152,0.643,1.0,0.112,0.4274,0.4321,0.4348,0.4511,-16.48,-23.69,-35.02,-51.86,-70.19,-77.3
2025-12-27,0.1,0.0,427.4,0.0,243.8,170.2,1.408,0.0,6.35,0.0165,0.0,0.686,0.219,0.0906,0.313,0.313,0.642,1.0,0.00525,0.4176,0.4236,0.427,0.444,-14.0,-20.37,-30.56,-45.95,-63.53,-70.64
2025-12-28,0.0,0.0,421.0,0.0,237.4,164.0,1.371,0.0,5.88,0.0121,0.0,0.842,0.269,0.151,0.384,0.384,0.642,1.0,0.00257,0.4112,0.4173,0.4206,0.437,-12.38,-18.12,-27.34,-41.35,-57.49,-64.21
2025-12-29,0.1,0.0,416.2,0.0,232.6,159.3,1.343,0.0,4.36,0.0093,0.0,0.82,0.262,0.175,0.374,0.374,0.641,1.0,0.00245,0.4067,0.4125,0.4158,0.4319,-11.28,-16.54,-25.04,-38.04,-53.13,-59.39
2025-12-30,0.1,0.0,412.4,0.0,228.8,155.7,1.321,0.0,3.44,0.00765,0.0,0.601,0.192,0.144,0.274,0.274,0.641,1.0,0.00081,0.4034,0.4088,0.412,0.4277,-10.51,-15.4,-23.34,-35.51,-49.74,-55.63
2025-12-31,0.1,0.0,409.3,0.0,225.7,152.6,1.303,0.0,2.84,0.00656,0.0,0.543,0.173,0.14,0.248,0.248,0.641,1.0,0.00609,0.4007,0.4059,0.409,0.4243,-9.85,-14.45,-21.93,-33.42,-46.92,-52.5
2026-01-01,0.1,0.0,406.7,0.0,223.1,-9999.0,1.288,0.0,2.43,0.00576,0.0,0.6,0.175,0.0,0.285,0.285,0.574,0.04,0.00428,0.3985,0.4036,0.4066,0.4215,-9.278,-13.64,-20.76,-31.69,-44.57,-49.89
2026-01-02,0.1,0.0,404.4,0.0,220.8,-3739.0,1.275,0.0,2.13,0.00517,0.0,0.54,0.158,0.0,0.256,0.256,0.577,0.0437,0.0024,0.3965,0.4014,0.4044,0.4189,-8.801,-12.95,-19.74,-30.17,-42.51,-47.61
2026-01-03,0.1,0.0,402.1,0.0,218.5,-1.809,1.262,0.0,1.9,0.00471,0.0,0.625,0.183,0.183,0.296,0.296,0.579,0.0451,0.00142,0.3946,0.3996,0.4025,0.4167,-8.139,-12.1,-18.59,-28.58,-40.44,-45.33
2026-01-04,0.3,0.0,400.3,0.0,216.8,-1.839,1.252,0.0,1.71,0.00431,0.0,0.445,0.131,0.131,0.211,0.211,0.579,0.0451,0.000892,0.3932,0.3977,0.4006,0.4145,-7.906,-11.68,-17.89,-27.45,-38.87,-43.57
2026-01-05,0.3,0.0,398.9,0.0,215.3,-1.869,1.243,0.0,1.56,0.00399,0.0,0.271,0.0794,0.0794,0.128,0.128,0.579,0.0451,0.000558,0.3923,0.3964,0.3991,0.4126,-7.754,-11.4,-17.37,-26.57,-37.57,-42.1
2026-01-06,1.2,0.0,398.4,0.0,214.9,-1.926,1.241,0.0,1.43,0.00378,0.0,0.24,0.0704,0.0704,0.114,0.114,0.579,0.0451,0.000316,0.3938,0.3963,0.3984,0.4111,-8.289,-11.92,-17.76,-26.65,-37.3,-41.68
2026-01-07,1.8,0.0,398.6,0.0,215.0,-1.944,1.242,0.0,1.33,0.0037,0.0,0.373,0.109,0.109,0.177,0.177,0.579,0.0451,0.00683,0.3962,0.3974,0.3987,0.4103,-8.88,-12.61,-18.47,-27.2,-37.59,-41.87
2026-01-08,9.2,0.0,406.1,0.0817,222.5,-2.323,1.285,0.0,1.28,0.00423,0.0,0.642,0.188,0.109,0.304,0.304,0.579,0.0451,-0.000566,0.4161,0.4091,0.4055,0.4116,-14.18,-19.03,-25.72,-34.71,-45.07,-49.29
2026-01-09,0.9,0.0,405.3,0.0,221.8,-2.051,1.281,0.0,1.32,0.0048,0.0,0.483,0.142,0.137,0.228,0.228,0.579,0.0451,-0.000378,0.4068,0.4082,0.4081,0.416,-11.31,-16.11,-23.27,-33.11,-44.14,-48.58
2026-01-10,0.9,0.0,404.2,0.0,220.6,-1.744,1.274,0.0,1.5,0.00471,0.0,0.677,0.199,0.199,0.32,0.32,0.58,0.0465,-0.00155,0.4022,0.4048,0.4058,0.4165,-10.08,-14.55,-21.44,-31.37,-42.81,-47.46
2026-01-11,0.5,0.0,402.6,0.0,219.0,-1.466,1.265,0.0,1.61,0.00455,0.0,0.633,0.187,0.187,0.299,0.299,0.582,0.0484,0.00467,0.3983,0.4019,0.4037,0.4158,-9.111,-13.29,-19.91,-29.71,-41.17,-45.86
2026-01-12,0.4,0.0,400.8,0.0,217.3,-1.056,1.255,0.0,1.6,0.00431,0.0,0.753,0.223,0.223,0.355,0.355,0.585,0.0513,0.000371,0.3954,0.3995,0.4017,0.4145,-8.316,-12.27,-18.61,-28.17,-39.45,-44.08
2026-01-13,0.5,0.0,399.3,0.0,215.8,-0.4681,1.246,0.0,1.53,0.00405,0.0,0.614,0.183,0.183,0.289,0.289,0.591,0.0561,0.000392,0.3936,0.3975,0.4,0.413,-7.939,-11.69,-17.78,-27.04,-38.05,-42.58
2026-01-14,0.1,0.0,397.5,0.0,213.9,2.354,1.235,0.0,1.44,0.0038,0.0,0.637,0.192,0.192,0.298,0.298,0.597,0.0618,0.000322,0.3911,0.3957,0.3984,0.4114,-7.259,-10.83,-16.69,-25.64,-36.34,-40.75
2026-01-15,1.6,0.0,397.4,0.0,213.8,0.7336,1.235,0.0,1.35,0.00361,0.0,0.487,0.148,0.148,0.227,0.227,0.602,0.0663,0.00198,0.3932,0.3954,0.3974,0.4099,-8.071,-11.61,-17.3,-25.96,-36.35,-40.62
2026-01-16,0.9,0.0,396.7,0.0,213.1,1.287,1.23,0.0,1.27,0.0035,0.0,0.463,0.142,0.142,0.216,0.216,0.608,0.0706,0.00643,0.3929,0.3955,0.3972,0.409,-7.906,-11.45,-17.1,-25.59,-35.73,-39.9
2026-01-17,1.6,0.0,396.7,0.0,213.2,1.873,1.231,0.0,1.21,0.00342,0.0,0.405,0.125,0.125,0.188,0.188,0.613,0.0747,0.00413,0.3943,0.3957,0.3971,0.4084,-8.386,-11.95,-17.57,-25.92,-35.89,-39.99
2026-01-18,3.5,0.0,398.7,0.0,215.1,2.602,1.242,0.0,1.17,0.0035,0.0,0.484,0.15,0.15,0.224,0.224,0.618,0.0789,-0.000516,0.4003,0.3988,0.3987,0.4084,-10.02,-13.87,-19.68,-28.03,-37.9,-41.94
2026-01-19,2.5,0.0,399.7,0.0,216.1,2.721,1.248,0.0,1.15,0.00368,0.0,0.415,0.129,0.129,0.192,0.192,0.619,0.0797,-0.00533,0.4014,0.4009,0.4007,0.4095,-10.21,-14.28,-20.36,-28.93,-38.9,-42.96
2026-01-20,2.5,0.0,400.8,0.0,217.2,2.759,1.254,0.0,1.18,0.00383,0.0,0.325,0.101,0.101,0.15,0.15,0.619,0.0797,-0.00742,0.4024,0.4019,0.4018,0.4107,-10.49,-14.66,-20.91,-29.7,-39.88,-44.01
2026-01-21,0.6,0.0,399.9,0.0,216.3,2.621,1.249,0.0,1.23,0.00388,0.0,0.353,0.109,0.109,0.163,0.163,0.619,0.0797,-0.00315,0.3985,0.4006,0.4015,0.4114,-9.304,-13.35,-19.59,-28.52,-38.89,-43.1
2026-01-22,0.5,0.0,398.7,0.0,215.2,2.536,1.242,0.0,1.28,0.00379,0.0,0.444,0.138,0.138,0.205,0.205,0.619,0.0797,0.000334,0.3956,0.3985,0.4,0.4111,-8.513,-12.35,-18.4,-27.28,-37.71,-41.98
2026-01-23,6.9,0.0,403.9,0.0696,220.4,6.06,1.272,0.0,1.29,0.00405,0.0,0.475,0.148,0.11,0.22,0.22,0.62,0.0809,-0.00134,0.4101,0.4051,0.4032,0.4114,-12.68,-17.15,-23.57,-32.51,-42.93,-47.18
2026-01-24,17.2,0.0,419.1,0.52,235.6,7.224,1.36,0.0,1.32,0.00669,0.0,0.435,0.136,0.0166,0.2,0.2,0.623,0.0831,-0.0029,0.4375,0.4303,0.424,0.4216,-19.5,-26.44,-35.65,-46.57,-57.91,-62.38
2026-01-25,4.7,0.0,422.0,0.0,238.4,4.548,1.376,0.0,1.97,0.00933,0.0,0.703,0.221,0.11,0.323,0.323,0.63,0.0882,-0.000974,0.4256,0.4257,0.4248,0.4325,-16.14,-22.68,-32.3,-45.37,-59.52,-65.19
2026-01-26,0.1,0.0,418.3,0.0,234.8,4.264,1.356,0.0,3.26,0.0092,0.0,0.607,0.191,0.165,0.278,0.278,0.631,0.0896,-0.000571,0.4131,0.4174,0.4193,0.4326,-12.72,-18.45,-27.4,-40.53,-55.44,-61.58
2026-01-27,0.7,0.0,414.8,0.0,231.3,4.92,1.335,0.0,3.46,0.00825,0.0,0.969,0.309,0.3,0.442,0.442,0.64,0.0957,0.00229,0.408,0.4127,0.4151,0.4298,-11.33,-16.6,-24.96,-37.54,-52.07,-58.07
2026-01-28,12.0,0.0,423.1,0.149,239.5,10.29,1.383,0.0,3.12,0.00866,0.0,0.78,0.252,0.0788,0.353,0.353,0.652,0.105,0.000775,0.4301,0.4255,0.4229,0.4309,-17.59,-24.1,-33.4,-46.19,-60.5,-66.36
2026-01-29,0.0,0.0,419.4,0.0,235.8,7.262,1.362,0.0,3.36,0.00962,0.0,0.708,0.231,0.19,0.32,0.32,0.658,0.109,-0.000928,0.4145,0.4189,0.4207,0.4336,-13.03,-18.92,-28.06,-41.38,-56.45,-62.64
2026-01-30,0.0,0.0,415.3,0.0,231.7,7.473,1.338,0.0,3.61,0.00853,0.0,0.666,0.219,0.215,0.3,0.3,0.664,0.113,0.00187,0.4076,0.4127,0.4155,0.4305,-11.29,-16.57,-25.01,-37.73,-52.43,-58.51
2026-01-31,1.9,0.0,413.7,0.0,230.2,7.983,1.329,0.0,3.2,0.00749,0.0,0.312,0.103,0.0938,0.14,0.14,0.666,0.115,0.00349,0.4082,0.4109,0.413,0.4275,-11.83,-16.92,-24.96,-37.08,-51.16,-56.97
2026-02-01,0.1,0.0,410.5,0.0,226.9,7.849,1.31,0.0,2.8,0.00678,0.0,0.66,0.218,0.218,0.296,0.296,0.67,0.117,0.00551,0.4035,0.4083,0.4109,0.4253,-10.3,-15.13,-22.87,-34.55,-48.15,-53.76
2026-02-02,0.1,0.0,407.5,0.0,223.9,7.925,1.293,0.0,2.51,0.00603,0.0,0.768,0.255,0.255,0.344,0.344,0.673,0.12,0.0043,0.3998,0.4049,0.4079,0.4226,-9.314,-13.81,-21.11,-32.26,-45.35,-50.75
2026-02-03,8.1,0.0,412.9,0.0,229.3,10.51,1.324,0.0,2.23,0.006,0.0,0.806,0.271,0.168,0.358,0.358,0.684,0.127,0.0,0.417,0.4129,0.4115,0.4217,-14.29,-19.54,-27.22,-38.2,-50.88,-56.09
2026-02-04,17.0,0.0,426.9,0.492,243.3,12.59,1.405,0.0,2.2,0.00919,0.0,0.494,0.167,0.0161,0.219,0.219,0.687,0.129,-0.00338,0.4401,0.435,0.4305,0.4323,-20.11,-27.54,-37.84,-50.88,-64.66,-70.15
2026-02-05,0.8,0.0,424.0,0.0,240.4,12.25,1.388,0.0,3.51,0.0117,0.0,0.985,0.339,0.23,0.433,0.433,0.703,0.139,-0.000883,0.4201,0.4242,0.4256,0.438,-14.4,-20.81,-30.67,-44.87,-60.74,-67.26
2026-02-06,5.0,0.0,424.1,0.0,240.5,14.38,1.389,0.0,4.49,0.011,0.0,0.707,0.248,0.14,0.307,0.307,0.719,0.149,0.00257,0.4219,0.4229,0.4236,0.4364,-15.36,-21.63,-31.2,-45.08,-60.81,-67.32
2026-02-07,2.5,0.0,421.6,0.0,238.0,18.5,1.374,0.0,4.3,0.0105,0.0,0.984,0.353,0.25,0.423,0.423,0.741,0.163,0.00439,0.4163,0.4203,0.4218,0.4353,-13.85,-19.87,-29.19,-42.86,-58.41,-64.84
2026-02-08,5.2,0.0,422.3,0.0,238.7,18.22,1.378,0.0,4.04,0.00997,0.0,0.686,0.251,0.146,0.291,0.291,0.761,0.174,0.00219,0.4205,0.4213,0.4218,0.4342,-15.11,-21.23,-30.51,-43.97,-59.24,-65.55
2026-02-09,6.0,0.0,424.1,0.0277,240.5,22.97,1.389,0.0,3.9,0.0103,0.0,0.53,0.198,0.0989,0.223,0.223,0.778,0.183,-0.00352,0.424,0.424,0.4239,0.4353,-16.01,-22.39,-31.95,-45.6,-60.97,-67.29
2026-02-10,0.1,0.0,419.3,0.0,235.7,20.33,1.361,0.0,4.04,0.0101,0.0,1.11,0.423,0.35,0.458,0.458,0.803,0.197,0.000484,0.4112,0.4179,0.4202,0.4344,-12.41,-18.2,-27.3,-40.8,-56.19,-62.55
2026-02-11,0.1,0.0,414.9,0.0,231.4,21.62,1.336,0.0,3.8,0.00861,0.0,0.852,0.334,0.32,0.347,0.347,0.83,0.211,0.00111,0.4052,0.4121,0.4151,0.4306,-10.97,-16.19,-24.57,-37.31,-52.07,-58.18
2026-02-12,2.0,0.0,413.1,0.0,229.5,26.18,1.325,0.0,3.22,0.00744,0.0,0.789,0.316,0.291,0.317,0.317,0.853,0.222,0.00292,0.406,0.4104,0.4126,0.4272,-11.38,-16.42,-24.42,-36.49,-50.54,-56.35
2026-02-13,0.1,0.0,409.1,0.0,225.6,27.54,1.302,0.0,2.77,0.00664,0.0,1.62,0.672,0.669,0.633,0.633,0.895,0.243,0.00586,0.3986,0.4075,0.4102,0.4248,-9.293,-14.04,-21.68,-33.27,-46.8,-52.38
2026-02-14,13.3,0.0,419.3,0.256,235.7,33.16,1.361,0.0,2.47,0.00713,0.0,0.784,0.334,0.129,0.302,0.302,0.924,0.256,-0.000599,0.4283,0.4224,0.4187,0.4255,-17.3,-23.48,-32.13,-43.86,-57.1,-62.51
2026-02-15,5.3,0.0,421.5,0.0,237.9,34.6,1.374,0.0,2.63,0.00906,0.0,1.16,0.507,0.265,0.436,0.436,0.961,0.273,-0.000716,0.4228,0.4239,0.4232,0.4323,-15.62,-21.97,-31.38,-44.43,-58.86,-64.73
2026-02-16,0.0,0.0,417.3,0.0,233.7,34.09,1.349,0.0,3.36,0.00903,0.0,1.16,0.52,0.427,0.426,0.426,0.996,0.288,0.00015,0.4097,0.416,0.4185,0.4321,-12.05,-17.66,-26.5,-39.53,-54.39,-60.51
2026-02-17,0.0,0.0,412.9,0.0,229.3,37.3,1.324,0.0,3.38,0.00789,0.0,1.26,0.582,0.554,0.454,0.454,1.03,0.303,0.000935,0.4026,0.4096,0.4135,0.4287,-10.29,-15.3,-23.45,-35.81,-50.17,-56.11
2026-02-18,0.0,0.0,408.7,0.0,225.1,38.84,1.3,0.0,2.94,0.00672,0.0,1.48,0.705,0.699,0.521,0.521,1.08,0.321,0.00471,0.3972,0.4048,0.4095,0.425,-8.959,-13.48,-21.03,-32.66,-46.31,-51.95
2026-02-19,4.5,0.0,409.7,0.0,226.1,40.47,1.306,0.0,2.5,0.00603,0.0,1.31,0.642,0.574,0.45,0.45,1.12,0.337,0.00428,0.4055,0.4065,0.4088,0.4222,-11.47,-16.12,-23.51,-34.58,-47.57,-52.93
2026-02-20,0.0,0.0,406.5,0.0,223.0,40.7,1.287,0.0,2.21,0.00567,0.0,1.13,0.565,0.559,0.38,0.38,1.15,0.351,0.00157,0.3988,0.4043,0.4077,0.4211,-9.383,-13.82,-21.05,-31.91,-44.58,-49.78
2026-02-21,0.0,0.0,403.2,0.0,219.7,41.51,1.268,0.0,2.05,0.00512,0.0,1.5,0.769,0.769,0.49,0.49,1.2,0.367,0.0018,0.3932,0.3999,0.4045,0.4187,-7.994,-11.99,-18.75,-29.14,-41.41,-46.47
2026-02-22,0.0,0.0,399.9,0.0,216.3,43.59,1.249,0.0,1.86,0.00455,0.0,1.72,0.914,0.914,0.538,0.538,1.27,0.392,0.00151,0.3887,0.3959,0.4006,0.4159,-6.859,-10.46,-16.72,-26.56,-38.3,-43.15
2026-02-23,0.0,0.0,396.9,0.0,213.3,46.09,1.232,0.0,1.66,0.00402,0.0,1.63,0.9,0.9,0.487,0.487,1.34,0.418,0.001,0.3853,0.3925,0.3967,0.4129,-6.037,-9.305,-15.07,-24.32,-35.49,-40.1
2026-02-24,0.0,0.0,394.1,0.0,210.5,50.79,1.216,0.0,1.47,0.00357,0.0,1.53,0.874,0.874,0.437,0.437,1.42,0.443,0.000591,0.3826,0.3897,0.3939,0.41,-5.376,-8.36,-13.69,-22.37,-32.94,-37.32
2026-02-25,0.0,0.0,391.9,0.0,208.4,51.13,1.203,0.0,1.3,0.00319,0.0,0.985,0.583,0.583,0.269,0.269,1.49,0.467,0.000329,0.3815,0.3878,0.3919,0.4072,-5.115,-7.909,-12.88,-21.02,-31.02,-35.17
2026-02-26,0.0,0.0,389.7,0.0,206.1,53.72,1.19,0.0,1.16,0.0029,0.0,1.26,0.772,0.772,0.329,0.329,1.58,0.493,0.00129,0.3795,0.3857,0.3897,0.4048,-4.61,-7.198,-11.83,-19.49,-28.98,-32.91
2026-02-27,0.1,0.0,387.3,0.0,203.7,58.8,1.176,0.0,1.04,0.00265,0.0,1.69,1.07,1.07,0.418,0.418,1.66,0.52,0.00581,0.3768,0.3832,0.3872,0.4025,-3.973,-6.31,-10.57,-17.75,-26.75,-30.49
2026-02-28,0.0,0.0,384.9,0.0,201.3,60.29,1.162,0.0,0.942,0.0024,0.0,1.61,1.04,1.04,0.378,0.378,1.74,0.545,0.00632,0.3744,0.3809,0.385,0.4001,-3.361,-5.465,-9.391,-16.08,-24.58,-28.13
2026-03-01,0.0,0.0,382.9,0.0,199.3,62.38,1.151,0.0,0.853,0.00219,0.0,1.32,0.877,0.877,0.299,0.299,1.81,0.564,0.00463,0.3728,0.379,0.3831,0.3977,-2.962,-4.877,-8.516,-14.73,-22.75,-26.1
2026-03-02,0.0,0.0,380.8,0.0,197.2,62.54,1.139,0.0,0.775,0.00201,0.0,1.42,0.963,0.963,0.306,0.306,1.89,0.588,0.00325,0.371,0.3771,0.3811,0.395,-2.516,-4.241,-7.585,-13.33,-20.89,-24.06
2026-03-03,0.0,0.0,378.9,0.0,195.3,64.33,1.128,0.0,0.707,0.00185,0.0,1.38,0.954,0.954,0.286,0.286,1.95,0.607,0.00233,0.3693,0.3753,0.3793,0.3924,-2.105,-3.65,-6.715,-12.01,-19.12,-22.11
2026-03-04,0.0,0.0,377.0,0.0,193.4,68.18,1.117,0.0,0.647,0.0017,0.0,1.38,0.969,0.969,0.277,0.277,2.01,0.624,0.00165,0.3676,0.3735,0.3775,0.3903,-1.694,-3.063,-5.858,-10.73,-17.4,-20.22
2026-03-05,0.0,0.0,375.7,0.0,192.1,67.32,1.109,0.0,0.593,0.00157,0.0,0.798,0.566,0.566,0.155,0.155,2.06,0.638,0.00117,0.3672,0.3726,0.3764,0.3886,-1.599,-2.872,-5.494,-10.01,-16.25,-18.91
2026-03-06,0.2,0.0,374.4,0.0,190.8,68.87,1.102,0.0,0.547,0.00148,0.0,1.02,0.734,0.734,0.193,0.193,2.11,0.653,0.000779,0.3667,0.3715,0.3751,0.3868,-1.522,-2.687,-5.105,-9.266,-15.12,-17.63
2026-03-07,0.0,0.0,372.3,0.0,188.8,70.17,1.09,0.0,0.507,0.00139,0.0,1.69,1.23,1.23,0.308,0.308,2.17,0.672,0.000551,0.3643,0.3696,0.3732,0.3846,-0.873,-1.847,-3.976,-7.717,-13.22,-15.58
2026-03-08,0.1,0.0,370.5,0.0,187.0,71.48,1.08,0.0,0.472,0.00129,0.0,1.56,1.15,1.15,0.275,0.275,2.23,0.689,0.000421,0.3625,0.3677,0.3714,0.3827,-0.4534,-1.24,-3.105,-6.45,-11.56,-13.78
2026-03-09,0.0,0.0,368.3,0.0,184.7,72.62,1.067,0.0,0.438,0.00119,0.0,1.94,1.45,1.45,0.328,0.328,2.3,0.708,0.000304,0.3598,0.3655,0.3692,0.3804,0.2245,-0.3366,-1.885,-4.783,-9.49,-11.56
2026-03-10,7.3,0.0,373.5,0.0,189.9,79.34,1.096,0.0,0.405,0.00122,0.0,1.93,1.46,1.46,0.314,0.314,2.36,0.727,0.00288,0.3791,0.3689,0.3687,0.3783,-5.729,-6.596,-8.012,-10.5,-14.77,-16.69
2026-03-11,0.8,0.0,372.0,0.0,188.4,82.19,1.088,0.0,0.374,0.00127,0.0,2.01,1.54,1.54,0.314,0.314,2.43,0.749,0.000697,0.3759,0.374,0.3726,0.3778,-3.973,-5.335,-7.196,-9.585,-13.49,-15.26
2026-03-12,1.9,0.0,372.1,0.0,188.5,85.12,1.088,0.0,0.35,0.00122,0.0,1.62,1.26,1.26,0.244,0.244,2.49,0.769,-0.000524,0.3759,0.3739,0.3731,0.3781,-4.19,-5.546,-7.491,-9.918,-13.63,-15.3
2026-03-13,0.8,0.0,370.9,0.0,187.3,86.78,1.082,0.0,0.336,0.00119,0.0,1.76,1.37,1.37,0.255,0.255,2.55,0.788,-0.00327,0.3734,0.3732,0.3729,0.3778,-3.354,-4.646,-6.561,-8.928,-12.52,-14.13
2026-03-14,0.2,0.0,369.4,0.0,185.8,88.04,1.073,0.0,0.328,0.00113,0.0,1.46,1.15,1.15,0.206,0.206,2.6,0.805,-0.00267,0.37,0.3714,0.3719,0.3774,-2.391,-3.514,-5.31,-7.597,-11.07,-12.64
2026-03-15,0.0,0.0,367.6,0.0,184.0,91.15,1.062,0.0,0.321,0.00107,0.0,1.63,1.3,1.3,0.224,0.224,2.64,0.821,0.000957,0.3663,0.3689,0.3702,0.3764,-1.416,-2.295,-3.852,-5.945,-9.273,-10.8
2026-03-16,0.0,0.0,365.3,0.0,181.7,88.89,1.049,0.0,0.313,0.000999,0.0,2.1,1.68,1.68,0.28,0.28,2.69,0.838,0.00334,0.3623,0.3658,0.3677,0.3747,-0.433,-1.008,-2.221,-3.985,-7.065,-8.533
2026-03-17,0.0,0.0,363.3,0.0,179.7,88.7,1.038,0.0,0.3,0.00092,0.0,1.85,1.49,1.49,0.243,0.243,2.72,0.849,0.00532,0.3594,0.3632,0.3655,0.373,0.3148,-0.0006697,-0.9067,-2.343,-5.134,-6.505
2026-03-18,5.9,0.0,367.6,0.0782,184.0,92.75,1.063,0.0,0.284,0.000941,0.0,1.29,1.04,1.04,0.167,0.167,2.73,0.855,0.00138,0.3746,0.3655,0.3651,0.3717,-4.535,-5.068,-5.882,-7.066,-9.579,-10.84
2026-03-19,0.1,0.0,365.8,0.0,182.2,93.14,1.052,0.0,0.269,0.000982,0.0,1.86,1.51,1.51,0.239,0.239,2.76,0.865,0.00224,0.3708,0.3692,0.3677,0.371,-2.605,-3.488,-4.586,-5.629,-7.844,-9.002
2026-03-20,0.0,0.0,363.8,0.0,180.2,92.61,1.04,0.0,0.256,0.000902,0.0,1.87,1.52,1.52,0.237,0.237,2.78,0.873,-0.00135,0.3656,0.3668,0.3669,0.3706,-1.264,-1.922,-2.93,-3.893,-5.923,-6.991
2026-03-21,0.0,0.0,361.6,0.0,178.0,94.2,1.028,0.0,0.245,0.000838,0.0,2.02,1.64,1.64,0.253,0.253,2.8,0.881,-0.000841,0.3613,0.3637,0.3647,0.3695,-0.1966,-0.5564,-1.283,-2.023,-3.851,-4.85
2026-03-22,0.2,0.0,359.9,0.0,176.3,91.09,1.018,0.0,0.236,0.000776,0.0,1.79,1.46,1.46,0.222,0.222,2.81,0.888,0.000401,0.3586,0.3612,0.3627,0.3681,0.4229,0.3139,-0.1325,-0.6077,-2.212,-3.131
2026-03-23,0.1,0.0,357.9,0.0,174.3,90.38,1.007,0.0,0.226,0.000726,0.0,1.97,1.61,1.61,0.241,0.241,2.83,0.896,0.0016,0.3558,0.3588,0.3606,0.3664,1.151,1.28,1.131,0.9865,-0.3276,-1.159
2026-03-24,0.0,0.0,355.6,0.0,172.0,91.37,0.993,0.0,0.215,0.000671,0.0,2.29,1.87,1.87,0.278,0.278,2.85,0.905,0.00219,0.3524,0.356,0.3581,0.3643,2.037,2.442,2.636,2.894,1.931,1.207
2026-03-25,6.0,0.0,358.8,0.0,175.2,92.74,1.012,0.0,0.202,0.000684,0.0,2.69,2.21,2.21,0.323,0.323,2.87,0.913,0.00141,0.3659,0.3562,0.3561,0.3619,-2.586,-2.186,-1.671,-0.9393,-1.478,-2.06
2026-03-26,28.4,0.0,385.0,1.03,201.4,116.9,1.163,0.0,0.188,0.00268,0.0,1.44,1.18,0.828,0.173,0.173,2.87,0.915,0.00163,0.4378,0.4145,0.3892,0.363,-19.61,-24.78,-27.95,-27.53,-27.81,-28.24
2026-03-27,0.3,0.0,384.7,0.0,201.1,118.5,1.161,0.0,0.178,0.00329,0.0,1.65,1.36,1.28,0.197,0.197,2.88,0.919,0.00124,0.4076,0.4061,0.4008,0.3867,-11.65,-16.18,-21.82,-25.71,-27.42,-27.91
2026-03-28,0.0,0.0,382.2,0.0,198.7,116.5,1.147,0.0,0.211,0.00216,0.0,2.36,1.95,1.95,0.279,0.279,2.89,0.926,0.00335,0.3937,0.3945,0.3923,0.3891,-8.225,-11.63,-16.23,-20.67,-24.3,-25.48
2026-03-29,0.0,0.0,380.1,0.0,196.5,114.7,1.135,0.0,0.303,0.00181,0.0,1.95,1.61,1.61,0.229,0.229,2.9,0.931,0.00146,0.3857,0.3872,0.3864,0.3881,-6.227,-8.914,-12.75,-17.06,-21.58,-23.33
2026-03-30,0.0,0.0,377.1,0.0,193.5,112.5,1.118,0.0,0.377,0.00164,0.0,2.75,2.27,2.27,0.321,0.321,2.91,0.938,-0.00653,0.3785,0.381,0.3814,0.3861,-4.449,-6.531,-9.689,-13.64,-18.37,-20.35
2026-03-31,2.4,0.0,377.2,0.0,193.6,114.5,1.118,0.0,0.408,0.00152,0.0,2.03,1.68,1.68,0.236,0.236,2.92,0.942,0.000249,0.3805,0.379,0.3788,0.3845,-5.364,-7.235,-10.03,-13.69,-18.41,-20.43
2026-04-01,0.0,0.0,375.4,0.0,191.8,111.7,1.108,0.0,0.409,0.00145,0.0,1.46,1.2,1.2,0.169,0.169,2.92,0.945,-0.00191,0.3766,0.378,0.3782,0.3839,-3.987,-5.761,-8.472,-12.01,-16.65,-18.65
2026-04-02,0.0,0.0,373.3,0.0,189.8,110.3,1.096,0.0,0.402,0.00136,0.0,1.77,1.47,1.47,0.204,0.204,2.93,0.95,-0.000963,0.3723,0.3749,0.376,0.3827,-2.918,-4.397,-6.823,-10.14,-14.62,-16.57
2026-04-03,0.0,0.0,370.5,0.0,186.9,108.3,1.079,0.0,0.391,0.00127,0.0,2.59,2.15,2.15,0.297,0.297,2.94,0.956,0.00408,0.3676,0.3711,0.3729,0.3805,-1.757,-2.865,-4.852,-7.739,-11.9,-13.74
2026-04-04,0.0,0.0,367.2,0.0,183.6,107.7,1.06,0.0,0.368,0.00114,0.0,3.17,2.63,2.63,0.361,0.361,2.95,0.962,0.0062,0.3627,0.367,0.3692,0.3775,-0.5396,-1.233,-2.705,-5.02,-8.698,-10.39
2026-04-05,0.0,0.0,363.4,0.0,179.8,103.2,1.038,0.0,0.337,0.001,0.0,3.63,3.01,3.01,0.411,0.411,2.96,0.97,4.61e-05,0.3577,0.3625,0.3653,0.3741,0.7187,0.4641,-0.4435,-2.083,-5.158,-6.625
2026-04-06,0.0,0.0,359.8,0.0,176.2,100.5,1.017,0.0,0.3,0.000867,0.0,3.49,2.9,2.9,0.394,0.394,2.97,0.976,3.32e-05,0.3532,0.3585,0.3617,0.3706,1.825,1.972,1.59,0.6226,-1.809,-3.028
2026-04-07,0.0,0.0,356.1,0.0,172.5,99.39,0.9959,0.0,0.265,0.000753,0.0,3.67,3.05,3.05,0.412,0.412,2.98,0.981,0.00314,0.3487,0.3544,0.3579,0.3669,2.946,3.498,3.657,3.404,1.667,0.7018
2026-04-08,0.0,0.0,352.5,0.0,168.9,94.73,0.9755,0.0,0.233,0.00065,0.0,3.51,2.92,2.92,0.393,0.393,2.98,0.986,0.00592,0.3447,0.3506,0.3545,0.3634,3.958,4.883,5.547,5.985,4.938,4.241
2026-04-09,0.0,0.0,349.3,0.0,165.8,92.08,0.9571,0.0,0.203,0.000563,0.0,3.16,2.63,2.63,0.353,0.353,2.98,0.989,0.00526,0.3412,0.3473,0.3514,0.3601,4.821,6.073,7.186,8.264,7.877,7.423
2026-04-10,0.0,0.0,346.1,0.0,162.5,89.32,0.9385,0.0,0.179,0.000494,0.0,3.22,2.68,2.68,0.359,0.359,2.99,0.992,0.0043,0.3377,0.344,0.3483,0.3567,5.7,7.28,8.85,10.58,10.85,10.64
2026-04-11,0.0,0.0,343.2,0.0,159.6,86.75,0.9214,0.0,0.158,0.000433,0.0,2.97,2.48,2.48,0.331,0.331,2.99,0.994,0.00325,0.3346,0.341,0.3454,0.3536,6.482,8.36,10.35,12.68,13.59,13.61
2026-04-12,0.7,0.0,342.1,0.0,158.5,85.67,0.9151,0.0,0.14,0.000384,0.0,1.75,1.46,1.46,0.195,0.195,2.99,0.996,0.0044,0.3347,0.3395,0.3439,0.3514,6.125,8.152,10.38,13.12,14.49,14.7
2026-04-13,7.1,0.0,347.7,0.161,164.2,89.7,0.9479,0.0,0.127,0.000411,0.0,1.2,0.999,0.999,0.133,0.133,2.99,0.997,0.00231,0.3549,0.3414,0.3433,0.3498,-0.3406,1.513,3.85,6.911,8.666,9.015
2026-04-14,10.6,0.0,357.0,0.31,173.4,98.01,1.001,0.0,0.117,0.000677,0.0,1.18,0.983,0.981,0.131,0.131,2.99,0.999,0.00392,0.3881,0.3607,0.3492,0.3487,-7.899,-7.823,-6.075,-2.802,-0.6966,-0.2111
2026-04-15,5.6,0.0,361.1,0.0414,177.5,102.5,1.025,0.0,0.109,0.000955,0.0,1.73,1.44,1.44,0.192,0.192,2.99,1.0,0.00125,0.3924,0.3772,0.3648,0.3505,-8.55,-10.12,-10.27,-7.37,-4.971,-4.338
2026-04-16,0.0,0.0,358.1,0.0,174.5,102.1,1.008,0.0,0.102,0.000872,0.0,3.13,2.62,2.62,0.348,0.348,3.0,1.0,0.000971,0.3786,0.3749,0.3684,0.3548,-4.514,-5.913,-6.725,-4.583,-2.102,-1.314
2026-04-17,0.0,0.0,354.7,0.0,171.1,99.08,0.9879,0.0,0.0955,0.000686,0.0,3.5,2.92,2.92,0.389,0.389,3.0,1.0,0.00135,0.3685,0.3677,0.3643,0.356,-2.011,-2.724,-3.085,-1.131,1.243,2.095
2026-04-18,0.0,0.0,351.1,0.0,167.5,95.86,0.9675,0.0,0.0932,0.000572,0.0,3.65,3.04,3.04,0.405,0.405,3.0,1.0,0.00203,0.3606,0.3612,0.3594,0.3545,-0.04209,-0.1177,0.1569,2.387,4.771,5.633
2026-04-19,8.1,0.0,355.2,0.0,171.6,98.41,0.9911,0.0,0.0929,0.000634,0.0,4.14,3.46,3.46,0.459,0.459,3.0,1.0,0.00247,0.3776,0.3617,0.356,0.3517,-5.429,-5.52,-4.736,-1.981,0.6327,1.54
2026-04-20,0.0,0.0,351.7,0.0,168.1,96.06,0.9708,0.0,0.0902,0.000628,0.0,3.62,3.02,3.02,0.402,0.402,3.0,1.0,0.000399,0.3683,0.364,0.3584,0.3504,-2.002,-2.318,-1.777,1.213,4.09,5.056
2026-04-21,8.6,0.0,358.0,0.106,174.4,100.9,1.007,0.0,0.0869,0.000709,0.0,2.27,1.89,1.89,0.252,0.252,3.0,1.0,0.00243,0.3871,0.369,0.3599,0.3508,-7.597,-8.381,-8.031,-5.118,-2.19,-1.207
2026-04-22,0.3,0.0,355.7,0.0,172.2,99.75,0.9941,0.0,0.086,0.00077,0.0,2.69,2.25,2.25,0.299,0.299,3.0,1.0,0.000397,0.377,0.3718,0.3649,0.3524,-4.169,-5.255,-5.565,-2.941,0.004587,1.021
2026-04-23,0.0,0.0,352.2,0.0,168.7,96.7,0.9738,0.0,0.0848,0.000624,0.0,3.63,3.03,3.03,0.402,0.402,3.0,1.0,0.00192,0.3668,0.3655,0.3617,0.3529,-1.574,-2.059,-2.028,0.5214,3.468,4.532
2026-04-24,0.0,0.0,348.1,0.0,164.5,92.89,0.9498,0.0,0.0829,0.000517,0.0,4.32,3.6,3.6,0.479,0.479,3.0,1.0,0.00198,0.3578,0.3584,0.3564,0.351,0.6401,0.8444,1.565,4.492,7.578,8.697
2026-04-25,0.0,0.0,343.9,0.0,160.3,89.05,0.9258,0.0,0.0805,0.000425,0.0,4.3,3.59,3.59,0.476,0.476,3.0,1.0,0.000532,0.3503,0.3519,0.3512,0.348,2.522,3.364,4.8,8.29,11.66,12.84
2026-04-26,0.0,0.0,339.8,0.0,156.2,85.22,0.9021,0.0,0.0773,0.000355,0.0,4.26,3.56,3.56,0.472,0.472,3.0,1.0,0.000359,0.3435,0.346,0.3461,0.3446,4.211,5.638,7.766,11.9,15.67,16.95
2026-04-27,0.0,0.0,336.0,0.0,152.4,81.61,0.8798,0.0,0.0728,0.000299,0.0,4.01,3.35,3.35,0.444,0.444,3.0,1.0,0.000385,0.3376,0.3407,0.3416,0.3412,5.692,7.641,10.4,15.18,19.4,20.81
2026-04-28,0.0,0.0,331.8,0.0,148.3,77.73,0.8561,0.0,0.0677,0.000254,0.0,4.28,3.57,3.57,0.474,0.474,3.0,1.0,0.000383,0.3315,0.3354,0.337,0.3375,7.201,9.674,13.08,18.57,23.35,24.93
2026-04-29,0.0,0.0,328.3,0.0,144.7,74.41,0.8356,0.0,0.0616,0.000215,0.0,3.69,3.08,3.08,0.408,0.408,3.0,1.0,0.000458,0.3266,0.3309,0.3331,0.3342,8.438,11.35,15.31,21.43,26.73,28.47
2026-04-30,2.0,0.0,327.5,0.0,143.9,73.0,0.831,0.0,0.0562,0.000191,0.0,2.9,2.42,2.42,0.321,0.321,3.0,1.0,0.000333,0.3268,0.3277,0.3302,0.3315,7.384,10.62,14.99,21.63,27.38,29.27
2026-05-01,0.0,0.0,324.3,0.0,140.7,70.36,0.8127,0.0,0.0519,0.000175,0.0,3.3,2.76,2.76,0.366,0.366,3.0,1.0,0.00168,0.3252,0.3254,0.3272,0.3285,8.614,12.08,16.9,24.11,30.38,32.44
2026-05-02,0.0,0.0,320.2,0.0,136.6,66.51,0.7888,0.0,0.0471,0.000153,0.0,4.33,3.61,3.61,0.479,0.479,3.0,1.0,0.000446,0.3192,0.3215,0.3235,0.3247,10.2,14.06,19.42,27.36,34.29,36.58
2026-05-03,0.0,0.0,315.9,0.0,132.3,62.48,0.7639,0.0,0.0415,0.000128,0.0,4.51,3.77,3.77,0.5,0.5,3.0,1.0,0.000477,0.3129,0.3168,0.3195,0.3208,11.79,16.1,22.04,30.74,38.36,40.89
2026-05-04,0.0,0.0,311.7,0.0,128.1,58.57,0.7399,0.0,0.0363,0.000107,0.0,4.36,3.64,3.64,0.483,0.483,3.0,1.0,0.000507,0.307,0.3122,0.3155,0.317,13.27,18.04,24.55,33.98,42.28,45.05
2026-05-05,9.5,0.0,317.9,0.0,134.3,62.41,0.7755,0.0,0.0317,0.000148,0.0,3.49,2.92,2.92,0.387,0.387,3.0,1.0,0.000611,0.3347,0.3088,0.3124,0.3139,4.955,10.05,17.01,27.03,35.92,38.88
2026-05-06,29.2,0.0,343.0,0.0,159.4,85.52,0.9205,1.45,0.0283,0.00163,0.0,3.09,2.58,2.38,0.342,0.342,3.0,1.0,0.105,0.4134,0.3855,0.3285,0.3111,-12.96,-14.9,-9.34,1.216,10.63,13.77
2026-05-07,0.0,0.0,339.2,0.0,155.6,82.96,0.8986,0.0,0.0255,0.000883,0.0,3.99,3.33,3.33,0.442,0.442,3.0,1.0,0.00252,0.3828,0.3748,0.3598,0.3138,-5.564,-6.873,-5.621,4.18,14.2,17.57
2026-05-08,0.0,0.0,336.0,0.0,152.4,80.33,0.8801,0.0,0.0224,0.000465,0.0,3.35,2.8,2.8,0.371,0.371,3.0,1.0,0.000152,0.3697,0.365,0.3561,0.3231,-2.297,-2.689,-1.356,6.999,17.2,20.76
2026-05-09,0.0,0.0,331.8,0.0,148.2,76.56,0.8559,0.0,0.0202,0.000336,0.0,4.42,3.69,3.69,0.49,0.49,3.0,1.0,0.000657,0.3586,0.3561,0.3497,0.3253,0.4527,0.9359,3.015,11.02,21.21,24.96
2026-05-10,4.2,0.0,333.1,0.0,149.5,77.24,0.8631,0.0,0.0181,0.00031,0.0,3.11,2.59,2.59,0.344,0.344,3.0,1.0,0.00169,0.3656,0.3524,0.3452,0.3252,-1.635,-0.7853,1.869,9.882,19.9,23.71
2026-05-11,0.5,0.0,330.4,0.0,146.9,75.13,0.848,0.0,0.0173,0.000289,0.0,3.28,2.74,2.74,0.363,0.363,3.0,1.0,0.00133,0.3581,0.3513,0.3439,0.3241,0.4765,1.444,4.319,12.52,22.49,26.33
2026-05-12,4.0,0.0,330.7,0.0,147.1,74.92,0.8492,0.0,0.017,0.000289,0.0,3.98,3.33,3.33,0.441,0.441,3.0,1.0,0.00325,0.3626,0.3486,0.3408,0.3224,-0.9192,0.3217,3.618,12.14,22.22,26.11
2026-05-13,0.0,0.0,327.8,0.0,144.2,72.67,0.8326,0.0,0.0164,0.00025,0.0,3.03,2.53,2.53,0.336,0.336,3.0,1.0,0.00301,0.3541,0.3478,0.3404,0.3213,1.522,2.839,6.232,14.95,25.1,28.99
2026-05-14,0.6,0.0,325.4,0.0,141.8,70.47,0.8189,0.0,0.0164,0.000205,0.0,3.14,2.62,2.62,0.347,0.347,3.0,1.0,0.00305,0.3484,0.3434,0.3379,0.3202,2.839,4.574,8.28,17.21,27.46,31.37
2026-05-15,3.8,0.0,326.5,0.0,142.9,70.98,0.8251,0.0,0.0163,0.000212,0.0,2.87,2.39,2.39,0.317,0.317,3.0,1.0,0.00172,0.3551,0.3411,0.3351,0.319,0.8168,2.786,6.854,16.02,26.37,30.29
2026-05-16,3.3,0.0,326.7,0.0,143.1,71.08,0.8263,0.0,0.0162,0.000238,0.0,3.25,2.71,2.71,0.36,0.36,3.0,1.0,0.00209,0.3589,0.3428,0.3342,0.3172,-0.001783,1.827,6.088,15.58,26.12,30.08
2026-05-17,0.0,0.0,322.6,0.0,139.0,67.65,0.8027,0.0,0.0158,0.000208,0.0,4.32,3.6,3.6,0.478,0.478,3.0,1.0,0.00315,0.3485,0.3415,0.3333,0.3148,2.89,4.854,9.291,19.23,30.11,34.17
2026-05-18,0.0,0.0,318.5,0.0,134.9,63.94,0.7789,0.0,0.0148,0.000156,0.0,4.35,3.63,3.63,0.482,0.482,3.0,1.0,0.00171,0.3395,0.3359,0.3302,0.3126,5.163,7.657,12.5,22.87,34.12,38.29
2026-05-19,0.4,0.0,314.9,0.0,131.3,60.58,0.7583,0.0,0.0139,0.000123,0.0,4.18,3.49,3.49,0.463,0.463,3.0,1.0,0.00266,0.3329,0.3301,0.3261,0.3102,6.675,9.727,15.12,25.95,37.57,41.86
2026-05-20,0.0,0.0,310.5,0.0,126.9,56.52,0.7328,0.0,0.013,0.0001,0.0,4.66,3.89,3.89,0.516,0.516,3.0,1.0,0.000722,0.3255,0.3243,0.3212,0.3071,8.638,12.27,18.32,29.76,41.84,46.27
2026-05-21,0.0,0.0,306.0,0.0,122.4,52.33,0.7068,0.0,0.0119,7.9e-05,0.0,4.76,3.97,3.97,0.528,0.528,3.0,1.0,0.000551,0.318,0.3182,0.3162,0.3035,10.52,14.74,21.49,33.62,46.19,50.79
2026-05-22,0.0,0.0,301.4,0.0,117.8,48.05,0.6803,0.0,0.0108,6.27e-05,0.0,4.84,4.04,4.04,0.537,0.537,3.0,1.0,0.000513,0.3107,0.3121,0.3111,0.2997,12.34,17.17,24.63,37.48,50.61,55.37
2026-05-23,0.0,0.0,296.7,0.0,113.1,43.66,0.6532,0.0,0.0097,4.99e-05,0.0,4.95,4.13,4.13,0.548,0.548,3.0,1.0,0.000505,0.3034,0.306,0.3059,0.2957,14.15,19.57,27.77,41.39,55.11,60.06
2026-05-24,0.0,0.0,291.9,0.0,108.3,39.12,0.6253,0.0,0.00866,3.96e-05,0.0,5.11,4.26,4.26,0.567,0.567,3.0,1.0,0.000516,0.2961,0.2998,0.3006,0.2914,15.97,22.01,30.95,45.39,59.74,64.89
2026-05-25,0.0,0.0,286.6,0.0,103.1,34.19,0.595,0.0,0.00765,3.14e-05,0.0,5.53,4.62,4.62,0.614,0.614,3.0,1.0,0.000543,0.2882,0.2933,0.2949,0.2867,17.93,24.61,34.36,49.69,64.75,70.13
2026-05-26,0.0,0.0,281.3,0.0,97.69,29.16,0.5641,0.0,0.00663,2.45e-05,0.0,5.66,4.72,4.72,0.629,0.629,3.0,1.0,0.000621,0.2802,0.2866,0.2891,0.282,19.91,27.25,37.81,54.06,69.86,75.49
2026-05-27,0.0,0.0,275.5,0.0,91.94,23.74,0.5309,0.0,0.0057,1.91e-05,0.0,6.08,5.07,5.07,0.676,0.676,2.99,1.0,0.000635,0.2716,0.2796,0.283,0.2768,22.03,30.07,41.5,58.74,75.35,81.24
2026-05-28,0.0,0.0,270.9,0.0,87.27,19.36,0.5039,0.0,0.00481,1.46e-05,0.0,4.94,4.12,4.12,0.549,0.549,2.99,1.0,0.000692,0.2647,0.2739,0.2781,0.2726,23.74,32.34,44.46,62.51,79.8,85.91
2026-05-29,0.0,0.0,266.2,0.0,82.66,15.03,0.4773,0.0,0.00418,1.18e-05,0.0,4.87,4.06,4.06,0.542,0.542,2.99,1.0,0.000698,0.2579,0.2683,0.2733,0.2684,25.42,34.57,47.38,66.23,84.19,90.52
2026-05-30,0.0,0.0,260.9,0.0,77.31,9.982,0.4464,0.0,0.00362,9.54e-06,0.0,5.65,4.71,4.71,0.63,0.63,2.99,1.0,0.000595,0.2502,0.2618,0.2676,0.2636,27.31,37.11,50.73,70.52,89.27,95.87
2026-05-31,0.0,0.0,255.5,0.0,71.89,4.863,0.4151,0.0,0.00305,7.47e-06,0.0,5.86,4.89,4.89,0.654,0.531,2.99,1.0,0.000535,0.2437,0.2553,0.2613,0.2582,29.03,39.46,53.97,74.79,94.4,101.3
2026-06-01,0.1,0.0,251.1,0.0,67.5,0.6363,0.3898,0.0,0.00251,5.76e-06,0.0,4.92,4.1,4.1,0.55,0.39,2.99,1.0,0.000993,0.2394,0.2503,0.2567,0.2534,30.2,41.13,56.36,78.11,98.52,105.7
2026-06-02,0.9,0.0,247.5,0.0,63.92,-3.443,0.3691,0.0,0.00209,4.61e-06,0.0,4.94,4.12,4.12,0.553,0.358,2.98,1.0,0.000866,0.2353,0.2458,0.2521,0.248,30.48,41.86,57.75,80.53,101.8,109.3
2026-06-03,2.2,0.0,245.3,0.0,61.73,-6.679,0.3565,0.0,0.00171,3.95e-06,0.0,4.87,4.06,4.06,0.546,0.331,2.98,1.0,0.00203,0.2317,0.2416,0.2479,0.244,29.42,41.22,57.73,81.38,103.6,111.4
2026-06-04,0.0,0.0,240.5,0.0,56.94,-10.7,0.3288,0.0,0.00134,3.02e-06,0.0,5.3,4.41,4.41,0.594,0.385,2.98,1.0,0.00154,0.2283,0.2375,0.2437,0.2395,30.67,42.88,60.01,84.48,107.9,116.2
2026-06-05,0.0,0.0,236.8,0.0,53.21,-14.0,0.3073,0.0,0.000955,2.19e-06,0.0,4.8,4.0,3.37,0.54,0.35,2.98,1.0,0.00168,0.2259,0.2341,0.2402,0.2358,31.73,44.28,61.93,87.12,111.2,120.0
2026-06-06,0.0,0.0,233.2,0.0,49.62,-17.25,0.2865,0.0,0.000691,1.76e-06,0.0,5.28,4.4,3.26,0.595,0.338,2.97,1.0,0.0008,0.2235,0.2307,0.2367,0.2319,32.79,45.69,63.87,89.82,114.6,123.6
2026-06-07,0.0,0.0,229.6,0.0,46.02,-20.54,0.2657,0.0,0.000578,1.42e-06,0.0,5.64,4.69,3.24,0.636,0.356,2.97,1.0,0.000361,0.221,0.2273,0.2331,0.2281,33.85,47.08,65.8,92.49,118.0,127.2
2026-06-08,0.0,0.0,226.2,0.0,42.65,-23.63,0.2462,0.0,0.000483,1.14e-06,0.0,5.74,4.77,3.05,0.649,0.322,2.96,1.0,0.000236,0.2185,0.2242,0.2298,0.2244,34.81,48.35,67.57,94.98,121.1,130.5
2026-06-09,0.0,0.0,223.2,0.0,39.61,-26.42,0.2287,0.0,0.000406,9.25e-07,0.0,5.58,4.63,2.75,0.633,0.287,2.96,1.0,0.000143,0.2162,0.2214,0.2269,0.221,35.65,49.47,69.13,97.19,124.0,133.6
2026-06-10,0.0,0.0,220.5,0.0,36.93,-28.87,0.2132,0.0,0.000345,7.63e-07,0.0,5.28,4.39,2.42,0.601,0.253,2.95,1.0,0.000113,0.2142,0.2191,0.2243,0.218,36.37,50.43,70.47,99.12,126.4,136.3
2026-06-11,0.0,0.0,218.3,0.0,34.76,-30.86,0.2007,0.0,0.000296,6.41e-07,0.0,4.66,3.87,2.0,0.532,0.174,2.95,1.0,5.34e-05,0.2126,0.2171,0.2223,0.2155,36.92,51.17,71.53,100.7,128.5,138.4
2026-06-12,0.0,0.0,216.0,0.0,32.44,-33.0,0.1873,0.0,0.000261,5.54e-07,0.0,5.25,4.35,2.12,0.601,0.197,2.94,1.0,2.0e-05,0.2108,0.2152,0.2201,0.2128,37.5,51.96,72.65,102.3,130.6,140.7
2026-06-13,0.0,0.0,213.4,0.0,29.85,-35.41,0.1724,0.0,0.000226,4.72e-07,0.0,6.34,5.25,2.39,0.729,0.193,2.94,1.0,3.43e-05,0.2089,0.2129,0.2176,0.2098,38.12,52.8,73.87,104.1,133.0,143.3
2026-06-14,0.0,0.0,211.4,0.0,27.89,-37.32,0.1608,0.0,0.000192,3.94e-07,0.0,5.43,4.49,1.89,0.627,0.112,2.93,1.0,4.6e-05,0.2074,0.2112,0.2157,0.2074,38.55,53.4,74.76,105.5,134.8,145.3
2026-06-15,0.0,0.0,209.3,0.0,25.84,-39.35,0.1485,0.0,0.000167,3.4e-07,0.0,6.18,5.11,2.01,0.718,0.124,2.92,1.0,0.000103,0.2058,0.2095,0.2137,0.2048,39.0,54.03,75.7,106.9,136.8,147.5
2026-06-16,0.0,0.0,207.5,0.0,23.99,-41.16,0.1379,0.0,0.000144,2.89e-07,0.0,5.97,4.93,1.8,0.697,0.0457,2.91,1.0,0.00016,0.2045,0.2079,0.2119,0.2025,39.32,54.51,76.46,108.1,138.4,149.3
2026-06-17,0.0,0.0,205.7,0.0,22.27,-42.85,0.1279,0.0,0.000125,2.49e-07,0.0,6.02,4.97,1.68,0.707,0.0382,2.9,1.0,0.00011,0.2033,0.2065,0.2103,0.2003,39.61,54.94,77.15,109.2,140.0,151.0
2026-06-18,0.0,0.0,204.0,0.0,20.55,-44.56,0.1179,0.0,0.000109,2.16e-07,0.0,6.54,5.39,1.7,0.773,0.0326,2.89,1.0,8.03e-05,0.2021,0.2051,0.2087,0.198,39.88,55.36,77.82,110.3,141.5,152.8
2026-06-19,0.0,0.0,202.4,0.0,18.98,-46.11,0.1089,0.0,9.45e-05,1.87e-07,0.0,6.42,5.28,1.54,0.765,0.0281,2.88,1.0,6.09e-05,0.2011,0.2039,0.2073,0.196,40.12,55.72,78.4,111.3,143.0,154.3
2026-06-20,0.0,0.0,201.0,0.0,17.5,-47.57,0.1004,0.0,8.27e-05,1.63e-07,0.0,6.58,5.4,1.46,0.79,0.0245,2.86,1.0,4.67e-05,0.2001,0.2028,0.2059,0.194,40.33,56.05,78.94,112.3,144.3,155.8
2026-06-21,0.0,0.0,199.6,0.0,16.19,-48.87,0.09275,0.0,7.24e-05,1.43e-07,0.0,6.35,5.2,1.3,0.77,0.0215,2.85,1.0,3.65e-05,0.1993,0.2018,0.2048,0.1922,40.52,56.32,79.41,113.1,145.5,157.1
2026-06-22,0.0,0.0,198.5,0.0,15.01,-50.05,0.08592,0.0,6.41e-05,1.27e-07,0.0,6.15,5.02,1.16,0.752,0.019,2.83,1.0,2.87e-05,0.1987,0.201,0.2038,0.1906,40.67,56.57,79.81,113.8,146.5,158.3
2026-06-23,0.0,0.0,197.3,0.0,13.84,-51.22,0.07909,0.0,5.73e-05,1.14e-07,0.0,6.62,5.4,1.17,0.819,0.017,2.82,1.0,2.28e-05,0.198,0.2002,0.2028,0.189,40.82,56.8,80.2,114.5,147.6,159.5
2026-06-24,0.0,0.0,196.2,0.0,12.83,-52.24,0.07314,0.0,5.1e-05,1.02e-07,0.0,6.24,5.07,1.02,0.78,0.0152,2.8,1.0,1.86e-05,0.1975,0.1995,0.2019,0.1876,40.94,56.99,80.54,115.1,148.5,160.5
2026-06-25,0.0,0.0,195.3,0.0,11.91,-53.17,0.06774,0.0,4.59e-05,9.22e-08,0.0,6.1,4.94,0.922,0.772,0.0137,2.78,1.0,1.51e-05,0.197,0.1989,0.2012,0.1863,41.05,57.16,80.83,115.6,149.3,161.5
2026-06-26,0.0,0.0,194.4,0.0,11.0,-54.08,0.06242,0.0,4.16e-05,8.42e-08,0.0,6.45,5.21,0.909,0.827,0.0124,2.75,1.0,1.25e-05,0.1966,0.1983,0.2004,0.185,41.15,57.32,81.11,116.2,150.1,162.4
2026-06-27,0.0,0.0,193.5,0.0,10.15,-54.95,0.05737,0.0,3.77e-05,7.69e-08,0.0,6.59,5.31,0.862,0.857,0.0114,2.73,1.0,1.05e-05,0.1962,0.1978,0.1998,0.1838,41.23,57.46,81.36,116.7,150.9,163.2
2026-06-28,0.0,0.0,192.7,0.0,9.373,-55.76,0.05268,0.0,3.42e-05,7.04e-08,0.0,6.62,5.31,0.803,0.873,0.0104,2.71,1.0,0.0,0.1958,0.1973,0.1991,0.1827,41.31,57.59,81.59,117.1,151.6,164.1
2026-06-29,14.4,0.0,204.3,0.0,20.7,-49.68,0.1195,0.0,3.12e-05,2.02e-05,0.0,7.47,5.98,2.1,1.0,0.724,2.68,1.0,0.000639,0.1956,0.1968,0.1985,0.1815,28.97,45.29,69.4,105.2,139.9,152.5
2026-06-30,0.1,0.0,201.9,0.0,18.34,-50.59,0.1058,0.0,2.82e-05,3.05e-06,0.0,6.3,5.02,1.85,0.856,0.619,2.66,1.0,0.000592,0.2084,0.1965,0.198,0.1805,30.73,47.09,71.28,107.2,142.2,154.9
2026-07-01,1.4,0.0,200.8,0.0,17.22,-51.63,0.09935,0.0,2.61e-05,1.42e-06,0.0,6.92,5.49,1.83,0.955,0.691,2.63,1.0,0.000803,0.2181,0.1961,0.1976,0.1796,31.23,47.63,71.9,108.0,143.2,156.0
2026-07-02,16.8,0.0,214.9,0.0,31.32,-40.44,0.1807,0.0,2.4e-05,0.000123,0.0,4.97,3.93,2.1,0.695,0.614,2.61,1.0,0.00523,0.2974,0.1959,0.1973,0.1789,16.72,33.14,57.46,93.72,129.1,141.9
2026-07-03,0.0,0.0,211.5,0.0,27.91,-42.28,0.1611,0.0,2.27e-05,2.25e-05,0.0,5.66,4.47,2.67,0.803,0.739,2.59,1.0,0.00149,0.2865,0.1956,0.1969,0.1782,19.69,36.13,60.5,96.89,132.4,145.3
2026-07-04,0.0,0.0,208.2,0.0,24.66,-44.64,0.1424,0.0,2.13e-05,5.92e-06,0.0,5.53,4.34,2.51,0.796,0.733,2.56,1.0,7.23e-05,0.2704,0.1955,0.1966,0.1776,22.58,38.98,63.4,99.91,135.6,148.5
2026-07-05,0.0,0.0,204.9,0.0,21.36,-47.24,0.1233,0.0,2.01e-05,2.27e-06,0.0,5.93,4.64,2.54,0.87,0.768,2.53,1.0,0.00237,0.2546,0.1955,0.1964,0.177,25.59,41.89,66.35,103.0,138.9,151.8
2026-07-06,0.0,0.0,202.6,0.0,19.0,-48.99,0.1096,0.0,1.89e-05,9.18e-07,0.0,5.57,4.33,1.67,0.83,0.696,2.5,1.0,0.00163,0.2486,0.1959,0.1961,0.1764,27.69,43.9,68.41,105.2,141.2,154.2
2026-07-07,0.0,0.0,200.2,0.0,16.63,-50.84,0.09585,0.0,1.79e-05,4.86e-07,0.0,6.45,4.99,1.62,0.979,0.77,2.47,1.0,0.000948,0.2427,0.1967,0.1959,0.1758,29.75,45.9,70.45,107.3,143.5,156.6
2026-07-08,0.0,0.0,198.0,0.0,14.44,-52.58,0.08315,0.0,1.69e-05,2.72e-07,0.0,6.63,5.1,1.46,1.03,0.742,2.44,1.0,0.000813,0.2358,0.1975,0.1956,0.1752,31.61,47.72,72.32,109.3,145.6,158.8
2026-07-09,0.0,0.0,196.2,0.0,12.65,-53.99,0.07273,0.0,1.59e-05,1.65e-07,0.0,6.11,4.67,1.18,0.964,0.622,2.41,1.0,0.000472,0.2305,0.1982,0.1954,0.1747,33.1,49.21,73.84,110.9,147.4,160.6
2026-07-10,0.0,0.0,194.6,0.0,11.05,-55.22,0.06341,0.0,1.51e-05,1.14e-07,0.0,6.17,4.69,1.06,0.993,0.553,2.38,1.0,0.000272,0.2261,0.1986,0.1952,0.1742,34.41,50.52,75.18,112.4,148.9,162.2
2026-07-11,8.8,0.0,200.6,0.0,17.06,-52.85,0.09804,0.0,1.44e-05,7.16e-06,0.0,7.37,5.56,1.98,1.21,0.819,2.34,1.0,-0.000751,0.2217,0.1987,0.195,0.1737,28.04,44.18,68.88,106.2,142.9,156.2
2026-07-12,0.0,0.0,198.3,0.0,14.84,-53.73,0.08508,0.0,1.36e-05,1.64e-06,0.0,6.14,4.6,1.5,1.03,0.743,2.31,1.0,0.0,0.2227,0.1987,0.1949,0.1732,30.0,46.15,70.88,108.3,145.1,158.4
2026-07-13,0.0,0.0,196.3,0.0,12.88,-54.93,0.07368,0.0,1.3e-05,5.19e-07,0.0,6.4,4.77,1.19,1.09,0.791,2.28,1.0,0.00161,0.2245,0.1986,0.1947,0.1728,31.68,47.87,72.62,110.1,147.0,160.4
2026-07-14,0.0,0.0,194.5,0.0,11.04,-56.21,0.06294,0.0,1.25e-05,2.47e-07,0.0,6.72,4.97,1.1,1.17,0.762,2.24,1.0,0.000874,0.2229,0.1983,0.1946,0.1724,33.25,49.47,74.25,111.8,148.8,162.3
2026-07-15,3.0,0.0,195.5,0.0,12.08,-56.58,0.06883,0.0,1.19e-05,7.34e-07,0.0,7.26,5.33,1.14,1.3,0.841,2.2,1.0,0.00125,0.2201,0.198,0.1945,0.172,31.94,48.19,72.99,110.6,147.8,161.3
2026-07-16,0.0,0.0,193.9,0.0,10.5,-57.22,0.05957,0.0,1.14e-05,3.79e-07,0.0,6.07,4.42,0.886,1.11,0.718,2.17,1.0,0.00106,0.2178,0.1978,0.1944,0.1717,33.31,49.59,74.41,112.1,149.3,162.9
2026-07-17,0.0,0.0,192.5,0.0,9.072,-58.08,0.05124,0.0,1.1e-05,1.72e-07,0.0,5.96,4.3,0.779,1.11,0.666,2.13,1.0,0.0013,0.216,0.1975,0.1943,0.1714,34.54,50.84,75.68,113.4,150.8,164.3
2026-07-18,2.0,0.0,193.0,0.0,9.667,-58.49,0.05457,0.0,1.07e-05,3.13e-07,0.0,6.15,4.4,0.767,1.17,0.657,2.09,1.0,0.000462,0.2144,0.1973,0.1942,0.1711,33.75,50.08,74.93,112.7,150.1,163.7
2026-07-19,0.1,0.0,191.8,0.0,8.495,-58.94,0.0477,0.0,1.03e-05,2.04e-07,0.0,5.73,4.06,0.667,1.12,0.624,2.06,1.0,0.0016,0.2129,0.197,0.1941,0.1709,34.76,51.11,75.97,113.8,151.3,164.9
2026-07-20,0.0,0.0,190.7,0.0,7.388,-59.54,0.04121,0.0,1.0e-05,1.1e-07,0.0,5.19,3.65,0.547,1.03,0.577,2.03,1.0,0.000929,0.2117,0.1968,0.1941,0.1707,35.73,52.1,76.97,114.8,152.4,166.0
2026-07-21,1.4,0.0,191.1,0.0,7.792,-59.89,0.04347,0.0,9.77e-06,1.51e-07,0.0,4.89,3.41,0.486,0.99,0.524,1.99,1.0,0.000547,0.2107,0.1967,0.194,0.1705,35.2,51.58,76.46,114.4,152.0,165.7
2026-07-22,0.0,0.0,190.1,0.0,6.773,-60.26,0.03749,0.0,9.55e-06,1.13e-07,0.0,5.12,3.55,0.481,1.05,0.556,1.97,1.0,0.00159,0.2097,0.1965,0.194,0.1703,36.09,52.49,77.38,115.3,153.0,166.7
2026-07-23,0.0,0.0,189.2,0.0,5.865,-60.71,0.03216,0.0,9.34e-06,6.95e-08,0.0,5.08,3.49,0.44,1.07,0.484,1.94,1.0,0.000423,0.2087,0.1963,0.194,0.1701,36.88,53.3,78.19,116.2,153.9,167.6
2026-07-24,0.0,0.0,188.3,0.0,4.996,-61.2,0.02705,0.0,9.14e-06,5.19e-08,0.0,5.03,3.43,0.396,1.07,0.487,1.91,1.0,0.000162,0.2077,0.1961,0.1939,0.17,37.64,54.07,78.97,117.0,154.8,168.5
2026-07-25,0.0,0.0,187.4,0.0,4.129,-61.64,0.02193,0.0,8.95e-06,4.24e-08,0.0,6.06,4.09,0.443,1.32,0.445,1.87,1.0,0.000141,0.2066,0.1959,0.1939,0.1698,38.38,54.83,79.74,117.8,155.6,169.4
2026-07-26,30.9,0.0,215.6,0.0,32.37,-40.15,0.1849,0.0,8.74e-06,0.00035,0.0,4.86,3.25,1.73,1.08,0.989,1.85,1.0,0.0374,0.3347,0.1958,0.1939,0.1697,10.05,26.51,51.43,89.52,127.4,141.2
2026-07-27,0.0,0.0,212.0,0.0,28.75,-42.1,0.1639,0.0,8.58e-06,4.62e-05,0.0,5.66,3.76,2.38,1.28,1.25,1.81,1.0,0.00139,0.3085,0.1958,0.1938,0.1695,13.96,30.03,54.96,93.07,131.0,144.8
2026-07-28,0.0,0.0,208.6,0.0,25.43,-44.53,0.1447,0.0,8.41e-06,1.17e-05,0.0,5.12,3.36,2.18,1.18,1.15,1.78,1.0,0.000246,0.2902,0.2002,0.1938,0.1694,17.87,33.27,58.21,96.35,134.3,148.1
2026-07-29,0.0,0.0,204.8,0.0,21.62,-47.55,0.1227,0.0,8.26e-06,4.53e-06,0.0,6.03,3.92,2.47,1.42,1.35,1.75,1.0,0.00207,0.2723,0.2094,0.1938,0.1692,21.95,36.98,61.92,100.1,138.1,151.9
2026-07-30,0.0,0.0,201.6,0.0,18.38,-50.09,0.104,0.0,8.1e-06,1.69e-06,0.0,5.68,3.65,1.98,1.36,1.25,1.71,1.0,0.00171,0.2567,0.2151,0.1937,0.1691,25.26,40.12,65.07,103.3,141.3,155.2
2026-07-31,0.0,0.0,198.8,0.0,15.6,-52.16,0.08791,0.0,7.95e-06,7.2e-07,0.0,6.52,4.14,1.39,1.6,1.39,1.68,1.0,0.00122,0.2481,0.2167,0.1937,0.1689,27.99,42.81,67.76,106.0,144.1,158.0
2026-08-01,0.0,0.0,196.5,0.0,13.29,-53.9,0.07452,0.0,7.8e-06,3.56e-07,0.0,6.15,3.85,1.13,1.54,1.19,1.64,1.0,0.000769,0.2436,0.2166,0.1937,0.1688,30.2,45.04,69.99,108.2,146.4,160.3
2026-08-02,0.0,0.0,194.6,0.0,11.4,-55.28,0.06359,0.0,7.66e-06,2.07e-07,0.0,5.79,3.58,0.932,1.48,0.959,1.61,1.0,0.000424,0.2378,0.2158,0.1937,0.1687,31.98,46.86,71.81,110.1,148.3,162.2
2026-08-03,0.0,0.0,192.9,0.0,9.694,-56.45,0.05373,0.0,7.54e-06,1.4e-07,0.0,6.21,3.8,0.891,1.62,0.818,1.57,1.0,0.000341,0.2333,0.2146,0.1937,0.1686,33.54,48.49,73.44,111.7,150.0,163.9
2026-08-04,0.0,0.0,191.5,0.0,8.305,-57.34,0.04565,0.0,7.42e-06,1.03e-07,0.0,6.36,3.83,0.825,1.69,0.574,1.54,1.0,0.000244,0.2292,0.2133,0.1937,0.1685,34.77,49.82,74.76,113.1,151.4,165.3
2026-08-05,0.0,0.0,190.6,0.0,7.504,-58.12,0.04027,0.0,7.31e-06,8.19e-08,0.0,6.04,3.59,0.707,1.64,0.225,1.51,1.0,0.000173,0.2258,0.212,0.1938,0.1684,35.56,50.69,75.62,114.0,152.3,166.2
2026-08-06,0.5,0.0,190.0,0.0,6.873,-58.83,0.03727,0.0,7.2e-06,7.02e-08,0.0,6.2,3.64,0.66,1.71,0.362,1.47,1.0,0.00092,0.2228,0.2107,0.1938,0.1683,35.93,51.16,76.08,114.4,152.8,166.7
2026-08-07,0.0,0.0,189.2,0.0,6.19,-59.45,0.03257,0.0,7.11e-06,6.05e-08,0.0,6.02,3.49,0.583,1.7,0.231,1.44,1.0,6.96e-05,0.2202,0.2095,0.1939,0.1682,36.6,51.91,76.83,115.2,153.6,167.5
2026-08-08,0.0,0.0,188.7,0.0,5.666,-59.96,0.0295,0.0,7.01e-06,5.34e-08,0.0,5.39,3.08,0.477,1.55,0.0546,1.41,1.0,0.000178,0.2181,0.2085,0.194,0.1681,37.01,52.4,77.31,115.7,154.1,168.1
2026-08-09,0.0,0.0,188.2,0.0,5.144,-60.48,0.02642,0.0,6.94e-06,4.86e-08,0.0,5.93,3.35,0.483,1.73,0.0497,1.39,1.0,0.000146,0.216,0.2075,0.1941,0.168,37.41,52.88,77.79,116.2,154.6,168.6
2026-08-10,0.0,0.0,187.7,0.0,4.661,-60.96,0.02357,0.0,6.86e-06,4.44e-08,0.0,6.01,3.35,0.449,1.78,0.0452,1.36,1.0,0.000121,0.2141,0.2065,0.1942,0.168,37.78,53.33,78.23,116.7,155.1,169.1
2026-08-11,0.0,0.0,187.2,0.0,4.237,-61.38,0.02105,0.0,6.78e-06,4.1e-08,0.0,5.76,3.17,0.395,1.74,0.0411,1.33,1.0,0.0001,0.2125,0.2057,0.1942,0.1679,38.1,53.72,78.62,117.1,155.5,169.5
2026-08-12,0.0,0.0,186.8,0.0,3.865,-61.75,0.01884,0.0,6.71e-06,3.84e-08,0.0,5.47,2.97,0.345,1.68,0.0374,1.3,1.0,8.25e-05,0.2111,0.2049,0.1943,0.1678,38.38,54.06,78.96,117.4,155.9,169.9
2026-08-13,0.0,0.0,186.5,0.0,3.524,-62.08,0.01681,0.0,6.65e-06,3.63e-08,0.0,5.45,2.92,0.318,1.7,0.0341,1.28,1.0,6.84e-05,0.2098,0.2042,0.1944,0.1678,38.63,54.37,79.27,117.7,156.3,170.3
2026-08-14,0.0,0.0,186.2,0.0,3.217,-62.39,0.01497,0.0,6.59e-06,3.45e-08,0.0,5.3,2.8,0.286,1.67,0.0312,1.25,1.0,5.72e-05,0.2086,0.2036,0.1944,0.1677,38.86,54.65,79.55,118.0,156.6,170.6
2026-08-15,0.0,0.0,185.9,0.0,2.925,-62.68,0.01321,0.0,6.53e-06,3.3e-08,0.0,5.51,2.88,0.277,1.77,0.0287,1.23,1.0,4.81e-05,0.2075,0.203,0.1944,0.1677,39.08,54.92,79.81,118.3,156.9,170.9
2026-08-16,1.1,0.0,186.3,0.0,3.234,-62.95,0.01562,0.0,6.48e-06,3.68e-08,0.0,5.58,2.87,0.261,1.81,0.423,1.21,1.0,0.000463,0.2065,0.2024,0.1945,0.1676,38.57,54.46,79.36,117.9,156.4,170.5
2026-08-17,0.0,0.0,185.8,0.0,2.732,-63.12,0.01266,0.0,6.42e-06,3.34e-08,0.0,4.41,2.25,0.194,1.45,0.319,1.19,1.0,0.000509,0.2058,0.2019,0.1945,0.1676,39.02,54.95,79.84,118.3,156.9,171.0
2026-08-18,0.0,0.0,185.3,0.0,2.414,-63.33,0.01004,0.0,6.38e-06,3.08e-08,0.0,5.39,2.72,0.224,1.79,0.229,1.17,1.0,2.33e-05,0.205,0.2014,0.1945,0.1675,39.4,55.36,80.26,118.8,157.4,171.4
2026-08-19,0.0,0.0,185.1,0.0,2.174,-63.54,0.008571,0.0,6.34e-06,2.94e-08,0.0,5.37,2.67,0.209,1.81,0.046,1.15,1.0,0.000191,0.2042,0.201,0.1945,0.1675,39.58,55.58,80.49,119.0,157.6,171.7
2026-08-20,7.9,0.0,191.6,0.0,8.554,-60.96,0.04603,0.0,6.29e-06,2.82e-06,0.0,5.2,2.55,0.422,1.77,0.991,1.13,1.0,3.5e-05,0.2035,0.2006,0.1945,0.1675,33.02,49.07,73.97,112.5,151.1,165.2
2026-08-21,8.5,0.0,198.6,0.0,15.63,-55.5,0.08682,0.0,6.25e-06,1.7e-05,0.0,3.59,1.75,0.542,1.23,0.892,1.11,1.0,-0.00206,0.2045,0.2003,0.1945,0.1674,25.92,41.98,66.89,105.4,144.1,158.1
2026-08-22,0.0,0.0,196.7,0.0,13.76,-55.81,0.07599,0.0,6.22e-06,4.79e-06,0.0,4.29,2.07,0.706,1.49,1.17,1.1,1.0,0.00096,0.2371,0.2,0.1946,0.1674,27.74,43.83,68.74,107.3,145.9,160.0
2026-08-23,0.0,0.0,194.8,0.0,11.86,-56.87,0.06493,0.0,6.19e-06,1.31e-06,0.0,4.48,2.14,0.681,1.57,1.24,1.08,1.0,0.000411,0.2418,0.1996,0.1946,0.1674,29.61,45.73,70.63,109.2,147.9,161.9
2026-08-24,0.8,0.0,193.9,0.0,10.94,-57.64,0.05952,0.0,6.16e-06,6.66e-07,0.0,4.61,2.18,0.473,1.63,1.26,1.06,1.0,0.00131,0.2386,0.1993,0.1945,0.1673,30.49,46.64,71.54,110.1,148.8,162.9
2026-08-25,3.2,0.0,195.4,0.0,12.48,-57.13,0.06834,0.0,6.13e-06,1.68e-06,0.0,4.32,2.02,0.56,1.54,1.12,1.05,1.0,0.00202,0.2348,0.1991,0.1945,0.1673,28.92,45.09,70.0,108.6,147.3,161.3
2026-08-26,0.0,0.0,193.7,0.0,10.75,-57.75,0.05825,0.0,6.1e-06,8.47e-07,0.0,4.66,2.15,0.533,1.68,1.21,1.03,1.0,0.00115,0.2338,0.1988,0.1945,0.1673,30.63,46.81,71.72,110.3,149.0,163.1
2026-08-27,0.0,0.0,191.9,0.0,8.965,-58.77,0.0478,0.0,6.07e-06,3.26e-07,0.0,5.15,2.36,0.455,1.88,1.36,1.02,1.0,0.000718,0.2325,0.1986,0.1945,0.1673,32.39,48.59,73.51,112.1,150.8,164.9
2026-08-28,0.0,0.0,190.3,0.0,7.445,-59.68,0.03889,0.0,6.04e-06,1.53e-07,0.0,4.92,2.22,0.38,1.81,1.16,1.0,1.0,0.000406,0.2298,0.1984,0.1945,0.1672,33.9,50.11,75.03,113.6,152.3,166.4
2026-08-29,0.0,0.0,189.1,0.0,6.268,-60.33,0.03198,0.0,6.01e-06,9.04e-08,0.0,4.5,2.01,0.312,1.67,0.886,0.985,1.0,0.000379,0.2273,0.1982,0.1945,0.1672,35.07,51.29,76.21,114.8,153.5,167.6
2026-08-30,0.0,0.0,188.1,0.0,5.319,-60.76,0.02637,0.0,5.98e-06,6.69e-08,0.0,4.63,2.05,0.298,1.73,0.674,0.972,1.0,0.000307,0.2249,0.1981,0.1944,0.1672,36.02,52.24,77.16,115.7,154.5,168.6
2026-08-31,0.0,0.0,187.5,0.0,4.861,-61.13,0.02289,0.0,5.96e-06,5.59e-08,0.0,4.99,2.18,0.301,1.88,0.302,0.958,1.0,0.000268,0.2226,0.198,0.1944,0.1672,36.59,52.82,77.74,116.3,155.1,169.2
2026-09-01,0.0,0.0,187.2,0.0,4.563,-61.44,0.02106,0.0,5.93e-06,4.99e-08,0.0,4.37,1.89,0.246,1.66,0.0721,0.945,1.0,0.000264,0.2207,0.198,0.1944,0.1671,36.89,53.12,78.04,116.6,155.4,169.5
2026-09-02,1.8,0.0,188.3,0.0,5.518,-61.65,0.02717,0.0,5.91e-06,6.92e-08,0.0,4.13,1.77,0.221,1.58,0.521,0.932,1.0,-0.000232,0.2191,0.198,0.1944,0.1671,35.81,52.04,76.97,115.6,154.4,168.5
2026-09-03,0.0,0.0,187.5,0.0,4.712,-61.86,0.02241,0.0,5.89e-06,5.6e-08,0.0,4.32,1.83,0.221,1.67,0.605,0.92,1.0,0.00127,0.2175,0.198,0.1944,0.1671,36.62,52.85,77.78,116.4,155.2,169.3
2026-09-04,0.0,0.0,186.7,0.0,3.969,-62.11,0.018,0.0,5.87e-06,4.45e-08,0.0,4.89,2.05,0.237,1.9,0.527,0.907,1.0,8.19e-05,0.216,0.1979,0.1943,0.1671,37.36,53.59,78.52,117.1,155.9,170.1
2026-09-05,0.0,0.0,186.3,0.0,3.71,-62.37,0.01571,0.0,5.84e-06,3.96e-08,0.0,4.36,1.81,0.198,1.71,0.199,0.895,1.0,0.000153,0.2147,0.1979,0.1943,0.1671,37.73,53.97,78.9,117.5,156.3,170.5
2026-09-06,0.0,0.0,186.1,0.0,3.491,-62.6,0.01435,0.0,5.82e-06,3.74e-08,0.0,4.19,1.73,0.18,1.65,0.0563,0.884,1.0,0.000186,0.2136,0.1979,0.1943,0.167,37.95,54.19,79.13,117.7,156.6,170.7
2026-09-07,0.0,0.0,185.8,0.0,3.278,-62.81,0.01303,0.0,5.81e-06,3.58e-08,0.0,4.34,1.77,0.176,1.72,0.0529,0.873,1.0,0.000161,0.2125,0.1979,0.1943,0.167,38.16,54.4,79.34,118.0,156.8,170.9
